<?xml version="1.0" encoding="UTF-8"?>
<kml xmlns="http://www.opengis.net/kml/2.2" xmlns:gx="http://www.google.com/kml/ext/2.2" xmlns:kml="http://www.opengis.net/kml/2.2" xmlns:atom="http://www.w3.org/2005/Atom">
  <Document>
    <name>sepl_titlred_modified</name>
    <open>1</open>
    <atom:link rel="app" href="https://www.google.com/earth/about/versions/#earth-pro" title="Google Earth Pro 7.3.7.1327"></atom:link>
    <StyleMap id="icon-1899-DB4436">
      <Pair>
        <key>normal</key>
        <styleUrl>#icon-1899-DB4436-normal</styleUrl>
      </Pair>
      <Pair>
        <key>highlight</key>
        <styleUrl>#icon-1899-DB4436-highlight</styleUrl>
      </Pair>
    </StyleMap>
    <Style id="icon-1899-DB4436-highlight">
      <IconStyle><color>ff3644db</color><Icon><href>https: //www.gstatic.com/mapspro/images/stock/503-wht-blank_maps.png</href>
      </Icon><hotSpot x="32"y="64"xunits="pixels"yunits="insetPixels"/></IconStyle>
    </Style>
    <Style id="icon-1899-DB4436-normal">
      <IconStyle><color>ff3644db</color><Icon><href>https: //www.gstatic.com/mapspro/images/stock/503-wht-blank_maps.png</href>
      </Icon><hotSpot x="32"y="64"xunits="pixels"yunits="insetPixels"/></IconStyle><LabelStyle><scale>0</scale></LabelStyle>
    </Style>
    <StyleMap id="poly-FF0000-1000-0">
      <Pair>
        <key>normal</key>
        <styleUrl>#poly-FF0000-1000-0-normal</styleUrl>
      </Pair>
      <Pair>
        <key>highlight</key>
        <styleUrl>#poly-FF0000-1000-0-highlight</styleUrl>
      </Pair>
    </StyleMap>
    <Style id="poly-FF0000-1000-0-highlight">
      <LineStyle><color>ff000000</color><width>0</width></LineStyle><PolyStyle><color>000000ff</color></PolyStyle>
    </Style>
    <Style id="poly-FF0000-1000-0-normal">
      <LineStyle><color>ff000000</color></LineStyle><PolyStyle><color>000000ff</color></PolyStyle>
    </Style>
    <Placemark>
      <name>1</name>
      <description>
        <![CDATA[fid: 1<br>Layer: Layer 4<br>SubClasses: AcDbEntity:AcDbHatch<br>EntityHandle: 7D<br>Text: SOLID<br>description:]]>
      </description>
      <styleUrl>#poly-FF0000-1000-0</styleUrl>
      <ExtendedData>
        <Data name="fid">
          <value>1</value>
        </Data>
        <Data name="Layer">
          <value>Layer 4</value>
        </Data>
        <Data name="SubClasses">
          <value>AcDbEntity:AcDbHatch</value>
        </Data>
        <Data name="EntityHandle">
          <value>7D</value>
        </Data>
        <Data name="Text">
          <value>SOLID</value>
        </Data>
        <Data name="description">
        </Data>
      </ExtendedData>
      <Polygon>
        <outerBoundaryIs>
          <LinearRing>
            <tessellate>1</tessellate>
            <coordinates>
              75.021924,15.415061,0 75.021835,15.415173,0 75.021631,15.415023,0 75.021725,15.414905,0 75.021924,15.415061,0
            </coordinates>
          </LinearRing>
        </outerBoundaryIs>
      </Polygon>
    </Placemark>
    <Placemark>
      <name>2</name>
      <description>
        <![CDATA[fid: 2<br>Layer: Layer 4<br>SubClasses: AcDbEntity:AcDbHatch<br>EntityHandle: 7F<br>Text: SOLID<br>description:]]>
      </description>
      <styleUrl>#poly-FF0000-1000-0</styleUrl>
      <ExtendedData>
        <Data name="fid">
          <value>2</value>
        </Data>
        <Data name="Layer">
          <value>Layer 4</value>
        </Data>
        <Data name="SubClasses">
          <value>AcDbEntity:AcDbHatch</value>
        </Data>
        <Data name="EntityHandle">
          <value>7F</value>
        </Data>
        <Data name="Text">
          <value>SOLID</value>
        </Data>
        <Data name="description">
        </Data>
      </ExtendedData>
      <Polygon>
        <outerBoundaryIs>
          <LinearRing>
            <tessellate>1</tessellate>
            <coordinates>
              75.021664,15.415388,0 75.02155399999999,15.415121,0 75.021631,15.415023,0 75.021835,15.415173,0 75.021664,15.415388,0
            </coordinates>
          </LinearRing>
        </outerBoundaryIs>
      </Polygon>
    </Placemark>
    <Placemark>
      <name>3</name>
      <description>
        <![CDATA[fid: 3<br>Layer: Layer 4<br>SubClasses: AcDbEntity:AcDbHatch<br>EntityHandle: 81<br>Text: SOLID<br>description:]]>
      </description>
      <styleUrl>#poly-FF0000-1000-0</styleUrl>
      <ExtendedData>
        <Data name="fid">
          <value>3</value>
        </Data>
        <Data name="Layer">
          <value>Layer 4</value>
        </Data>
        <Data name="SubClasses">
          <value>AcDbEntity:AcDbHatch</value>
        </Data>
        <Data name="EntityHandle">
          <value>81</value>
        </Data>
        <Data name="Text">
          <value>SOLID</value>
        </Data>
        <Data name="description">
        </Data>
      </ExtendedData>
      <Polygon>
        <outerBoundaryIs>
          <LinearRing>
            <tessellate>1</tessellate>
            <coordinates>
              75.021422,15.414799,0 75.021519,15.414743,0 75.021725,15.414905,0 75.02155399999999,15.415121,0 75.021422,15.414799,0
            </coordinates>
          </LinearRing>
        </outerBoundaryIs>
      </Polygon>
    </Placemark>
    <Placemark>
      <name>5</name>
      <description>
        <![CDATA[fid: 4<br>Layer: Layer 4<br>SubClasses: AcDbEntity:AcDbHatch<br>EntityHandle: 83<br>Text: SOLID<br>description:]]>
      </description>
      <styleUrl>#poly-FF0000-1000-0</styleUrl>
      <ExtendedData>
        <Data name="fid">
          <value>4</value>
        </Data>
        <Data name="Layer">
          <value>Layer 4</value>
        </Data>
        <Data name="SubClasses">
          <value>AcDbEntity:AcDbHatch</value>
        </Data>
        <Data name="EntityHandle">
          <value>83</value>
        </Data>
        <Data name="Text">
          <value>SOLID</value>
        </Data>
        <Data name="description">
        </Data>
      </ExtendedData>
      <Polygon>
        <outerBoundaryIs>
          <LinearRing>
            <tessellate>1</tessellate>
            <coordinates>
              75.022454,15.414529,0 75.022544,15.414416,0 75.022628,15.414492,0 75.02254499999999,15.414597,0 75.022454,15.414529,0
            </coordinates>
          </LinearRing>
        </outerBoundaryIs>
      </Polygon>
    </Placemark>
    <Placemark>
      <name>6</name>
      <description>
        <![CDATA[fid: 5<br>Layer: Layer 4<br>SubClasses: AcDbEntity:AcDbHatch<br>EntityHandle: 85<br>Text: SOLID<br>description:]]>
      </description>
      <styleUrl>#poly-FF0000-1000-0</styleUrl>
      <ExtendedData>
        <Data name="fid">
          <value>5</value>
        </Data>
        <Data name="Layer">
          <value>Layer 4</value>
        </Data>
        <Data name="SubClasses">
          <value>AcDbEntity:AcDbHatch</value>
        </Data>
        <Data name="EntityHandle">
          <value>85</value>
        </Data>
        <Data name="Text">
          <value>SOLID</value>
        </Data>
        <Data name="description">
        </Data>
      </ExtendedData>
      <Polygon>
        <outerBoundaryIs>
          <LinearRing>
            <tessellate>1</tessellate>
            <coordinates>
              75.022492,15.414662,0 75.022401,15.414596,0 75.022454,15.414529,0 75.02254499999999,15.414597,0 75.022492,15.414662,0
            </coordinates>
          </LinearRing>
        </outerBoundaryIs>
      </Polygon>
    </Placemark>
    <Placemark>
      <name>7</name>
      <description>
        <![CDATA[fid: 6<br>Layer: Layer 4<br>SubClasses: AcDbEntity:AcDbHatch<br>EntityHandle: 87<br>Text: SOLID<br>description:]]>
      </description>
      <styleUrl>#poly-FF0000-1000-0</styleUrl>
      <ExtendedData>
        <Data name="fid">
          <value>6</value>
        </Data>
        <Data name="Layer">
          <value>Layer 4</value>
        </Data>
        <Data name="SubClasses">
          <value>AcDbEntity:AcDbHatch</value>
        </Data>
        <Data name="EntityHandle">
          <value>87</value>
        </Data>
        <Data name="Text">
          <value>SOLID</value>
        </Data>
        <Data name="description">
        </Data>
      </ExtendedData>
      <Polygon>
        <outerBoundaryIs>
          <LinearRing>
            <tessellate>1</tessellate>
            <coordinates>
              75.022441,15.414727,0 75.022351,15.41466,0 75.022401,15.414596,0 75.022492,15.414662,0 75.022441,15.414727,0
            </coordinates>
          </LinearRing>
        </outerBoundaryIs>
      </Polygon>
    </Placemark>
    <Placemark>
      <name>8</name>
      <description>
        <![CDATA[fid: 7<br>Layer: Layer 4<br>SubClasses: AcDbEntity:AcDbHatch<br>EntityHandle: 89<br>Text: SOLID<br>description:]]>
      </description>
      <styleUrl>#poly-FF0000-1000-0</styleUrl>
      <ExtendedData>
        <Data name="fid">
          <value>7</value>
        </Data>
        <Data name="Layer">
          <value>Layer 4</value>
        </Data>
        <Data name="SubClasses">
          <value>AcDbEntity:AcDbHatch</value>
        </Data>
        <Data name="EntityHandle">
          <value>89</value>
        </Data>
        <Data name="Text">
          <value>SOLID</value>
        </Data>
        <Data name="description">
        </Data>
      </ExtendedData>
      <Polygon>
        <outerBoundaryIs>
          <LinearRing>
            <tessellate>1</tessellate>
            <coordinates>
              75.02238800000001,15.414793,0 75.02229800000001,15.414727,0 75.022351,15.41466,0 75.022441,15.414727,0 75.02238800000001,15.414793,0
            </coordinates>
          </LinearRing>
        </outerBoundaryIs>
      </Polygon>
    </Placemark>
    <Placemark>
      <name>9</name>
      <description>
        <![CDATA[fid: 8<br>Layer: Layer 4<br>SubClasses: AcDbEntity:AcDbHatch<br>EntityHandle: 8B<br>Text: SOLID<br>description:]]>
      </description>
      <styleUrl>#poly-FF0000-1000-0</styleUrl>
      <ExtendedData>
        <Data name="fid">
          <value>8</value>
        </Data>
        <Data name="Layer">
          <value>Layer 4</value>
        </Data>
        <Data name="SubClasses">
          <value>AcDbEntity:AcDbHatch</value>
        </Data>
        <Data name="EntityHandle">
          <value>8B</value>
        </Data>
        <Data name="Text">
          <value>SOLID</value>
        </Data>
        <Data name="description">
        </Data>
      </ExtendedData>
      <Polygon>
        <outerBoundaryIs>
          <LinearRing>
            <tessellate>1</tessellate>
            <coordinates>
              75.02233699999999,15.414859,0 75.022245,15.414792,0 75.02229800000001,15.414727,0 75.02238800000001,15.414793,0 75.02233699999999,15.414859,0
            </coordinates>
          </LinearRing>
        </outerBoundaryIs>
      </Polygon>
    </Placemark>
    <Placemark>
      <name>10</name>
      <description>
        <![CDATA[fid: 9<br>Layer: Layer 4<br>SubClasses: AcDbEntity:AcDbHatch<br>EntityHandle: 8D<br>Text: SOLID<br>description:]]>
      </description>
      <styleUrl>#poly-FF0000-1000-0</styleUrl>
      <ExtendedData>
        <Data name="fid">
          <value>9</value>
        </Data>
        <Data name="Layer">
          <value>Layer 4</value>
        </Data>
        <Data name="SubClasses">
          <value>AcDbEntity:AcDbHatch</value>
        </Data>
        <Data name="EntityHandle">
          <value>8D</value>
        </Data>
        <Data name="Text">
          <value>SOLID</value>
        </Data>
        <Data name="description">
        </Data>
      </ExtendedData>
      <Polygon>
        <outerBoundaryIs>
          <LinearRing>
            <tessellate>1</tessellate>
            <coordinates>
              75.022285,15.414924,0 75.022194,15.414857,0 75.022245,15.414792,0 75.02233699999999,15.414859,0 75.022285,15.414924,0
            </coordinates>
          </LinearRing>
        </outerBoundaryIs>
      </Polygon>
    </Placemark>
    <Placemark>
      <name>11</name>
      <description>
        <![CDATA[fid: 10<br>Layer: Layer 4<br>SubClasses: AcDbEntity:AcDbHatch<br>EntityHandle: 8F<br>Text: SOLID<br>description:]]>
      </description>
      <styleUrl>#poly-FF0000-1000-0</styleUrl>
      <ExtendedData>
        <Data name="fid">
          <value>10</value>
        </Data>
        <Data name="Layer">
          <value>Layer 4</value>
        </Data>
        <Data name="SubClasses">
          <value>AcDbEntity:AcDbHatch</value>
        </Data>
        <Data name="EntityHandle">
          <value>8F</value>
        </Data>
        <Data name="Text">
          <value>SOLID</value>
        </Data>
        <Data name="description">
        </Data>
      </ExtendedData>
      <Polygon>
        <outerBoundaryIs>
          <LinearRing>
            <tessellate>1</tessellate>
            <coordinates>
              75.022233,15.414988,0 75.022143,15.414921,0 75.022194,15.414857,0 75.022285,15.414924,0 75.022233,15.414988,0
            </coordinates>
          </LinearRing>
        </outerBoundaryIs>
      </Polygon>
    </Placemark>
    <Placemark>
      <name>12</name>
      <description>
        <![CDATA[fid: 11<br>Layer: Layer 4<br>SubClasses: AcDbEntity:AcDbHatch<br>EntityHandle: 91<br>Text: SOLID<br>description:]]>
      </description>
      <styleUrl>#poly-FF0000-1000-0</styleUrl>
      <ExtendedData>
        <Data name="fid">
          <value>11</value>
        </Data>
        <Data name="Layer">
          <value>Layer 4</value>
        </Data>
        <Data name="SubClasses">
          <value>AcDbEntity:AcDbHatch</value>
        </Data>
        <Data name="EntityHandle">
          <value>91</value>
        </Data>
        <Data name="Text">
          <value>SOLID</value>
        </Data>
        <Data name="description">
        </Data>
      </ExtendedData>
      <Polygon>
        <outerBoundaryIs>
          <LinearRing>
            <tessellate>1</tessellate>
            <coordinates>
              75.022182,15.415053,0 75.022092,15.414986,0 75.022143,15.414921,0 75.022233,15.414988,0 75.022182,15.415053,0
            </coordinates>
          </LinearRing>
        </outerBoundaryIs>
      </Polygon>
    </Placemark>
    <Placemark>
      <name>13</name>
      <description>
        <![CDATA[fid: 12<br>Layer: Layer 4<br>SubClasses: AcDbEntity:AcDbHatch<br>EntityHandle: 93<br>Text: SOLID<br>description:]]>
      </description>
      <styleUrl>#poly-FF0000-1000-0</styleUrl>
      <ExtendedData>
        <Data name="fid">
          <value>12</value>
        </Data>
        <Data name="Layer">
          <value>Layer 4</value>
        </Data>
        <Data name="SubClasses">
          <value>AcDbEntity:AcDbHatch</value>
        </Data>
        <Data name="EntityHandle">
          <value>93</value>
        </Data>
        <Data name="Text">
          <value>SOLID</value>
        </Data>
        <Data name="description">
        </Data>
      </ExtendedData>
      <Polygon>
        <outerBoundaryIs>
          <LinearRing>
            <tessellate>1</tessellate>
            <coordinates>
              75.02213,15.415118,0 75.02204,15.415051,0 75.022092,15.414986,0 75.022182,15.415053,0 75.02213,15.415118,0
            </coordinates>
          </LinearRing>
        </outerBoundaryIs>
      </Polygon>
    </Placemark>
    <Placemark>
      <name>14</name>
      <description>
        <![CDATA[fid: 13<br>Layer: Layer 4<br>SubClasses: AcDbEntity:AcDbHatch<br>EntityHandle: 95<br>Text: SOLID<br>description:]]>
      </description>
      <styleUrl>#poly-FF0000-1000-0</styleUrl>
      <ExtendedData>
        <Data name="fid">
          <value>13</value>
        </Data>
        <Data name="Layer">
          <value>Layer 4</value>
        </Data>
        <Data name="SubClasses">
          <value>AcDbEntity:AcDbHatch</value>
        </Data>
        <Data name="EntityHandle">
          <value>95</value>
        </Data>
        <Data name="Text">
          <value>SOLID</value>
        </Data>
        <Data name="description">
        </Data>
      </ExtendedData>
      <Polygon>
        <outerBoundaryIs>
          <LinearRing>
            <tessellate>1</tessellate>
            <coordinates>
              75.02207799999999,15.415183,0 75.02198799999999,15.415116,0 75.02204,15.415051,0 75.02213,15.415118,0 75.02207799999999,15.415183,0
            </coordinates>
          </LinearRing>
        </outerBoundaryIs>
      </Polygon>
    </Placemark>
    <Placemark>
      <name>15</name>
      <description>
        <![CDATA[fid: 14<br>Layer: Layer 4<br>SubClasses: AcDbEntity:AcDbHatch<br>EntityHandle: 97<br>Text: SOLID<br>description:]]>
      </description>
      <styleUrl>#poly-FF0000-1000-0</styleUrl>
      <ExtendedData>
        <Data name="fid">
          <value>14</value>
        </Data>
        <Data name="Layer">
          <value>Layer 4</value>
        </Data>
        <Data name="SubClasses">
          <value>AcDbEntity:AcDbHatch</value>
        </Data>
        <Data name="EntityHandle">
          <value>97</value>
        </Data>
        <Data name="Text">
          <value>SOLID</value>
        </Data>
        <Data name="description">
        </Data>
      </ExtendedData>
      <Polygon>
        <outerBoundaryIs>
          <LinearRing>
            <tessellate>1</tessellate>
            <coordinates>
              75.022026,15.415249,0 75.021936,15.415182,0 75.02198799999999,15.415116,0 75.02207799999999,15.415183,0 75.022026,15.415249,0
            </coordinates>
          </LinearRing>
        </outerBoundaryIs>
      </Polygon>
    </Placemark>
    <Placemark>
      <name>16</name>
      <description>
        <![CDATA[fid: 15<br>Layer: Layer 4<br>SubClasses: AcDbEntity:AcDbHatch<br>EntityHandle: 99<br>Text: SOLID<br>description:]]>
      </description>
      <styleUrl>#poly-FF0000-1000-0</styleUrl>
      <ExtendedData>
        <Data name="fid">
          <value>15</value>
        </Data>
        <Data name="Layer">
          <value>Layer 4</value>
        </Data>
        <Data name="SubClasses">
          <value>AcDbEntity:AcDbHatch</value>
        </Data>
        <Data name="EntityHandle">
          <value>99</value>
        </Data>
        <Data name="Text">
          <value>SOLID</value>
        </Data>
        <Data name="description">
        </Data>
      </ExtendedData>
      <Polygon>
        <outerBoundaryIs>
          <LinearRing>
            <tessellate>1</tessellate>
            <coordinates>
              75.021974,15.415314,0 75.021884,15.415247,0 75.021936,15.415182,0 75.022026,15.415249,0 75.021974,15.415314,0
            </coordinates>
          </LinearRing>
        </outerBoundaryIs>
      </Polygon>
    </Placemark>
    <Placemark>
      <name>17</name>
      <description>
        <![CDATA[fid: 16<br>Layer: Layer 4<br>SubClasses: AcDbEntity:AcDbHatch<br>EntityHandle: 9B<br>Text: SOLID<br>description:]]>
      </description>
      <styleUrl>#poly-FF0000-1000-0</styleUrl>
      <ExtendedData>
        <Data name="fid">
          <value>16</value>
        </Data>
        <Data name="Layer">
          <value>Layer 4</value>
        </Data>
        <Data name="SubClasses">
          <value>AcDbEntity:AcDbHatch</value>
        </Data>
        <Data name="EntityHandle">
          <value>9B</value>
        </Data>
        <Data name="Text">
          <value>SOLID</value>
        </Data>
        <Data name="description">
        </Data>
      </ExtendedData>
      <Polygon>
        <outerBoundaryIs>
          <LinearRing>
            <tessellate>1</tessellate>
            <coordinates>
              75.021923,15.415379,0 75.021832,15.415313,0 75.021884,15.415247,0 75.021974,15.415314,0 75.021923,15.415379,0
            </coordinates>
          </LinearRing>
        </outerBoundaryIs>
      </Polygon>
    </Placemark>
    <Placemark>
      <name>18</name>
      <description>
        <![CDATA[fid: 17<br>Layer: Layer 4<br>SubClasses: AcDbEntity:AcDbHatch<br>EntityHandle: 9D<br>Text: SOLID<br>description:]]>
      </description>
      <styleUrl>#poly-FF0000-1000-0</styleUrl>
      <ExtendedData>
        <Data name="fid">
          <value>17</value>
        </Data>
        <Data name="Layer">
          <value>Layer 4</value>
        </Data>
        <Data name="SubClasses">
          <value>AcDbEntity:AcDbHatch</value>
        </Data>
        <Data name="EntityHandle">
          <value>9D</value>
        </Data>
        <Data name="Text">
          <value>SOLID</value>
        </Data>
        <Data name="description">
        </Data>
      </ExtendedData>
      <Polygon>
        <outerBoundaryIs>
          <LinearRing>
            <tessellate>1</tessellate>
            <coordinates>
              75.021871,15.415444,0 75.02178000000001,15.415378,0 75.021832,15.415313,0 75.021923,15.415379,0 75.021871,15.415444,0
            </coordinates>
          </LinearRing>
        </outerBoundaryIs>
      </Polygon>
    </Placemark>
    <Placemark>
      <name>19</name>
      <description>
        <![CDATA[fid: 18<br>Layer: Layer 4<br>SubClasses: AcDbEntity:AcDbHatch<br>EntityHandle: 9F<br>Text: SOLID<br>description:]]>
      </description>
      <styleUrl>#poly-FF0000-1000-0</styleUrl>
      <ExtendedData>
        <Data name="fid">
          <value>18</value>
        </Data>
        <Data name="Layer">
          <value>Layer 4</value>
        </Data>
        <Data name="SubClasses">
          <value>AcDbEntity:AcDbHatch</value>
        </Data>
        <Data name="EntityHandle">
          <value>9F</value>
        </Data>
        <Data name="Text">
          <value>SOLID</value>
        </Data>
        <Data name="description">
        </Data>
      </ExtendedData>
      <Polygon>
        <outerBoundaryIs>
          <LinearRing>
            <tessellate>1</tessellate>
            <coordinates>
              75.021747,15.415599,0 75.0217,15.415479,0 75.02178000000001,15.415378,0 75.021871,15.415444,0 75.021747,15.415599,0
            </coordinates>
          </LinearRing>
        </outerBoundaryIs>
      </Polygon>
    </Placemark>
    <Placemark>
      <name>20</name>
      <description>
        <![CDATA[fid: 19<br>Layer: Layer 4<br>SubClasses: AcDbEntity:AcDbHatch<br>EntityHandle: A1<br>Text: SOLID<br>description:]]>
      </description>
      <styleUrl>#poly-FF0000-1000-0</styleUrl>
      <ExtendedData>
        <Data name="fid">
          <value>19</value>
        </Data>
        <Data name="Layer">
          <value>Layer 4</value>
        </Data>
        <Data name="SubClasses">
          <value>AcDbEntity:AcDbHatch</value>
        </Data>
        <Data name="EntityHandle">
          <value>A1</value>
        </Data>
        <Data name="Text">
          <value>SOLID</value>
        </Data>
        <Data name="description">
        </Data>
      </ExtendedData>
      <Polygon>
        <outerBoundaryIs>
          <LinearRing>
            <tessellate>1</tessellate>
            <coordinates>
              75.021807,15.415747,0 75.021747,15.415599,0 75.02181899999999,15.415509,0 75.02193200000001,15.415591,0 75.021807,15.415747,0
            </coordinates>
          </LinearRing>
        </outerBoundaryIs>
      </Polygon>
    </Placemark>
    <Placemark>
      <name>21</name>
      <description>
        <![CDATA[fid: 20<br>Layer: Layer 4<br>SubClasses: AcDbEntity:AcDbHatch<br>EntityHandle: A3<br>Text: SOLID<br>description:]]>
      </description>
      <styleUrl>#poly-FF0000-1000-0</styleUrl>
      <ExtendedData>
        <Data name="fid">
          <value>20</value>
        </Data>
        <Data name="Layer">
          <value>Layer 4</value>
        </Data>
        <Data name="SubClasses">
          <value>AcDbEntity:AcDbHatch</value>
        </Data>
        <Data name="EntityHandle">
          <value>A3</value>
        </Data>
        <Data name="Text">
          <value>SOLID</value>
        </Data>
        <Data name="description">
        </Data>
      </ExtendedData>
      <Polygon>
        <outerBoundaryIs>
          <LinearRing>
            <tessellate>1</tessellate>
            <coordinates>
              75.02193200000001,15.415591,0 75.02181899999999,15.415509,0 75.021871,15.415444,0 75.02198300000001,15.415526,0 75.02193200000001,15.415591,0
            </coordinates>
          </LinearRing>
        </outerBoundaryIs>
      </Polygon>
    </Placemark>
    <Placemark>
      <name>22</name>
      <description>
        <![CDATA[fid: 21<br>Layer: Layer 4<br>SubClasses: AcDbEntity:AcDbHatch<br>EntityHandle: A5<br>Text: SOLID<br>description:]]>
      </description>
      <styleUrl>#poly-FF0000-1000-0</styleUrl>
      <ExtendedData>
        <Data name="fid">
          <value>21</value>
        </Data>
        <Data name="Layer">
          <value>Layer 4</value>
        </Data>
        <Data name="SubClasses">
          <value>AcDbEntity:AcDbHatch</value>
        </Data>
        <Data name="EntityHandle">
          <value>A5</value>
        </Data>
        <Data name="Text">
          <value>SOLID</value>
        </Data>
        <Data name="description">
        </Data>
      </ExtendedData>
      <Polygon>
        <outerBoundaryIs>
          <LinearRing>
            <tessellate>1</tessellate>
            <coordinates>
              75.022035,15.415461,0 75.02198300000001,15.415526,0 75.021871,15.415444,0 75.021923,15.415379,0 75.022035,15.415461,0
            </coordinates>
          </LinearRing>
        </outerBoundaryIs>
      </Polygon>
    </Placemark>
    <Placemark>
      <name>23</name>
      <description>
        <![CDATA[fid: 22<br>Layer: Layer 4<br>SubClasses: AcDbEntity:AcDbHatch<br>EntityHandle: A7<br>Text: SOLID<br>description:]]>
      </description>
      <styleUrl>#poly-FF0000-1000-0</styleUrl>
      <ExtendedData>
        <Data name="fid">
          <value>22</value>
        </Data>
        <Data name="Layer">
          <value>Layer 4</value>
        </Data>
        <Data name="SubClasses">
          <value>AcDbEntity:AcDbHatch</value>
        </Data>
        <Data name="EntityHandle">
          <value>A7</value>
        </Data>
        <Data name="Text">
          <value>SOLID</value>
        </Data>
        <Data name="description">
        </Data>
      </ExtendedData>
      <Polygon>
        <outerBoundaryIs>
          <LinearRing>
            <tessellate>1</tessellate>
            <coordinates>
              75.022086,15.415397,0 75.022035,15.415461,0 75.021923,15.415379,0 75.021974,15.415314,0 75.022086,15.415397,0
            </coordinates>
          </LinearRing>
        </outerBoundaryIs>
      </Polygon>
    </Placemark>
    <Placemark>
      <name>24</name>
      <description>
        <![CDATA[fid: 23<br>Layer: Layer 4<br>SubClasses: AcDbEntity:AcDbHatch<br>EntityHandle: A9<br>Text: SOLID<br>description:]]>
      </description>
      <styleUrl>#poly-FF0000-1000-0</styleUrl>
      <ExtendedData>
        <Data name="fid">
          <value>23</value>
        </Data>
        <Data name="Layer">
          <value>Layer 4</value>
        </Data>
        <Data name="SubClasses">
          <value>AcDbEntity:AcDbHatch</value>
        </Data>
        <Data name="EntityHandle">
          <value>A9</value>
        </Data>
        <Data name="Text">
          <value>SOLID</value>
        </Data>
        <Data name="description">
        </Data>
      </ExtendedData>
      <Polygon>
        <outerBoundaryIs>
          <LinearRing>
            <tessellate>1</tessellate>
            <coordinates>
              75.022138,15.415331,0 75.022086,15.415397,0 75.021974,15.415314,0 75.022026,15.415249,0 75.022138,15.415331,0
            </coordinates>
          </LinearRing>
        </outerBoundaryIs>
      </Polygon>
    </Placemark>
    <Placemark>
      <name>25</name>
      <description>
        <![CDATA[fid: 24<br>Layer: Layer 4<br>SubClasses: AcDbEntity:AcDbHatch<br>EntityHandle: AB<br>Text: SOLID<br>description:]]>
      </description>
      <styleUrl>#poly-FF0000-1000-0</styleUrl>
      <ExtendedData>
        <Data name="fid">
          <value>24</value>
        </Data>
        <Data name="Layer">
          <value>Layer 4</value>
        </Data>
        <Data name="SubClasses">
          <value>AcDbEntity:AcDbHatch</value>
        </Data>
        <Data name="EntityHandle">
          <value>AB</value>
        </Data>
        <Data name="Text">
          <value>SOLID</value>
        </Data>
        <Data name="description">
        </Data>
      </ExtendedData>
      <Polygon>
        <outerBoundaryIs>
          <LinearRing>
            <tessellate>1</tessellate>
            <coordinates>
              75.02219100000001,15.415266,0 75.022138,15.415331,0 75.022026,15.415249,0 75.02207799999999,15.415183,0 75.02219100000001,15.415266,0
            </coordinates>
          </LinearRing>
        </outerBoundaryIs>
      </Polygon>
    </Placemark>
    <Placemark>
      <name>26</name>
      <description>
        <![CDATA[fid: 25<br>Layer: Layer 4<br>SubClasses: AcDbEntity:AcDbHatch<br>EntityHandle: AD<br>Text: SOLID<br>description:]]>
      </description>
      <styleUrl>#poly-FF0000-1000-0</styleUrl>
      <ExtendedData>
        <Data name="fid">
          <value>25</value>
        </Data>
        <Data name="Layer">
          <value>Layer 4</value>
        </Data>
        <Data name="SubClasses">
          <value>AcDbEntity:AcDbHatch</value>
        </Data>
        <Data name="EntityHandle">
          <value>AD</value>
        </Data>
        <Data name="Text">
          <value>SOLID</value>
        </Data>
        <Data name="description">
        </Data>
      </ExtendedData>
      <Polygon>
        <outerBoundaryIs>
          <LinearRing>
            <tessellate>1</tessellate>
            <coordinates>
              75.02224200000001,15.415201,0 75.02219100000001,15.415266,0 75.02207799999999,15.415183,0 75.02213,15.415118,0 75.02224200000001,15.415201,0
            </coordinates>
          </LinearRing>
        </outerBoundaryIs>
      </Polygon>
    </Placemark>
    <Placemark>
      <name>27</name>
      <description>
        <![CDATA[fid: 26<br>Layer: Layer 4<br>SubClasses: AcDbEntity:AcDbHatch<br>EntityHandle: AF<br>Text: SOLID<br>description:]]>
      </description>
      <styleUrl>#poly-FF0000-1000-0</styleUrl>
      <ExtendedData>
        <Data name="fid">
          <value>26</value>
        </Data>
        <Data name="Layer">
          <value>Layer 4</value>
        </Data>
        <Data name="SubClasses">
          <value>AcDbEntity:AcDbHatch</value>
        </Data>
        <Data name="EntityHandle">
          <value>AF</value>
        </Data>
        <Data name="Text">
          <value>SOLID</value>
        </Data>
        <Data name="description">
        </Data>
      </ExtendedData>
      <Polygon>
        <outerBoundaryIs>
          <LinearRing>
            <tessellate>1</tessellate>
            <coordinates>
              75.022294,15.415136,0 75.02224200000001,15.415201,0 75.02213,15.415118,0 75.022182,15.415053,0 75.022294,15.415136,0
            </coordinates>
          </LinearRing>
        </outerBoundaryIs>
      </Polygon>
    </Placemark>
    <Placemark>
      <name>28</name>
      <description>
        <![CDATA[fid: 27<br>Layer: Layer 4<br>SubClasses: AcDbEntity:AcDbHatch<br>EntityHandle: B1<br>Text: SOLID<br>description:]]>
      </description>
      <styleUrl>#poly-FF0000-1000-0</styleUrl>
      <ExtendedData>
        <Data name="fid">
          <value>27</value>
        </Data>
        <Data name="Layer">
          <value>Layer 4</value>
        </Data>
        <Data name="SubClasses">
          <value>AcDbEntity:AcDbHatch</value>
        </Data>
        <Data name="EntityHandle">
          <value>B1</value>
        </Data>
        <Data name="Text">
          <value>SOLID</value>
        </Data>
        <Data name="description">
        </Data>
      </ExtendedData>
      <Polygon>
        <outerBoundaryIs>
          <LinearRing>
            <tessellate>1</tessellate>
            <coordinates>
              75.022345,15.415072,0 75.022294,15.415136,0 75.022182,15.415053,0 75.022233,15.414988,0 75.022345,15.415072,0
            </coordinates>
          </LinearRing>
        </outerBoundaryIs>
      </Polygon>
    </Placemark>
    <Placemark>
      <name>29</name>
      <description>
        <![CDATA[fid: 28<br>Layer: Layer 4<br>SubClasses: AcDbEntity:AcDbHatch<br>EntityHandle: B3<br>Text: SOLID<br>description:]]>
      </description>
      <styleUrl>#poly-FF0000-1000-0</styleUrl>
      <ExtendedData>
        <Data name="fid">
          <value>28</value>
        </Data>
        <Data name="Layer">
          <value>Layer 4</value>
        </Data>
        <Data name="SubClasses">
          <value>AcDbEntity:AcDbHatch</value>
        </Data>
        <Data name="EntityHandle">
          <value>B3</value>
        </Data>
        <Data name="Text">
          <value>SOLID</value>
        </Data>
        <Data name="description">
        </Data>
      </ExtendedData>
      <Polygon>
        <outerBoundaryIs>
          <LinearRing>
            <tessellate>1</tessellate>
            <coordinates>
              75.022397,15.415007,0 75.022345,15.415072,0 75.022233,15.414988,0 75.022285,15.414924,0 75.022397,15.415007,0
            </coordinates>
          </LinearRing>
        </outerBoundaryIs>
      </Polygon>
    </Placemark>
    <Placemark>
      <name>30</name>
      <description>
        <![CDATA[fid: 29<br>Layer: Layer 4<br>SubClasses: AcDbEntity:AcDbHatch<br>EntityHandle: B5<br>Text: SOLID<br>description:]]>
      </description>
      <styleUrl>#poly-FF0000-1000-0</styleUrl>
      <ExtendedData>
        <Data name="fid">
          <value>29</value>
        </Data>
        <Data name="Layer">
          <value>Layer 4</value>
        </Data>
        <Data name="SubClasses">
          <value>AcDbEntity:AcDbHatch</value>
        </Data>
        <Data name="EntityHandle">
          <value>B5</value>
        </Data>
        <Data name="Text">
          <value>SOLID</value>
        </Data>
        <Data name="description">
        </Data>
      </ExtendedData>
      <Polygon>
        <outerBoundaryIs>
          <LinearRing>
            <tessellate>1</tessellate>
            <coordinates>
              75.02245000000001,15.414941,0 75.022397,15.415007,0 75.022285,15.414924,0 75.02233699999999,15.414859,0 75.02245000000001,15.414941,0
            </coordinates>
          </LinearRing>
        </outerBoundaryIs>
      </Polygon>
    </Placemark>
    <Placemark>
      <name>31</name>
      <description>
        <![CDATA[fid: 30<br>Layer: Layer 4<br>SubClasses: AcDbEntity:AcDbHatch<br>EntityHandle: B7<br>Text: SOLID<br>description:]]>
      </description>
      <styleUrl>#poly-FF0000-1000-0</styleUrl>
      <ExtendedData>
        <Data name="fid">
          <value>30</value>
        </Data>
        <Data name="Layer">
          <value>Layer 4</value>
        </Data>
        <Data name="SubClasses">
          <value>AcDbEntity:AcDbHatch</value>
        </Data>
        <Data name="EntityHandle">
          <value>B7</value>
        </Data>
        <Data name="Text">
          <value>SOLID</value>
        </Data>
        <Data name="description">
        </Data>
      </ExtendedData>
      <Polygon>
        <outerBoundaryIs>
          <LinearRing>
            <tessellate>1</tessellate>
            <coordinates>
              75.02250100000001,15.414876,0 75.02245000000001,15.414941,0 75.02233699999999,15.414859,0 75.02238800000001,15.414793,0 75.02250100000001,15.414876,0
            </coordinates>
          </LinearRing>
        </outerBoundaryIs>
      </Polygon>
    </Placemark>
    <Placemark>
      <name>32</name>
      <description>
        <![CDATA[fid: 31<br>Layer: Layer 4<br>SubClasses: AcDbEntity:AcDbHatch<br>EntityHandle: B9<br>Text: SOLID<br>description:]]>
      </description>
      <styleUrl>#poly-FF0000-1000-0</styleUrl>
      <ExtendedData>
        <Data name="fid">
          <value>31</value>
        </Data>
        <Data name="Layer">
          <value>Layer 4</value>
        </Data>
        <Data name="SubClasses">
          <value>AcDbEntity:AcDbHatch</value>
        </Data>
        <Data name="EntityHandle">
          <value>B9</value>
        </Data>
        <Data name="Text">
          <value>SOLID</value>
        </Data>
        <Data name="description">
        </Data>
      </ExtendedData>
      <Polygon>
        <outerBoundaryIs>
          <LinearRing>
            <tessellate>1</tessellate>
            <coordinates>
              75.022554,15.41481,0 75.02250100000001,15.414876,0 75.02238800000001,15.414793,0 75.022441,15.414727,0 75.022554,15.41481,0
            </coordinates>
          </LinearRing>
        </outerBoundaryIs>
      </Polygon>
    </Placemark>
    <Placemark>
      <name>33</name>
      <description>
        <![CDATA[fid: 32<br>Layer: Layer 4<br>SubClasses: AcDbEntity:AcDbHatch<br>EntityHandle: BB<br>Text: SOLID<br>description:]]>
      </description>
      <styleUrl>#poly-FF0000-1000-0</styleUrl>
      <ExtendedData>
        <Data name="fid">
          <value>32</value>
        </Data>
        <Data name="Layer">
          <value>Layer 4</value>
        </Data>
        <Data name="SubClasses">
          <value>AcDbEntity:AcDbHatch</value>
        </Data>
        <Data name="EntityHandle">
          <value>BB</value>
        </Data>
        <Data name="Text">
          <value>SOLID</value>
        </Data>
        <Data name="description">
        </Data>
      </ExtendedData>
      <Polygon>
        <outerBoundaryIs>
          <LinearRing>
            <tessellate>1</tessellate>
            <coordinates>
              75.022606,15.414745,0 75.022554,15.41481,0 75.022441,15.414727,0 75.022492,15.414662,0 75.022606,15.414745,0
            </coordinates>
          </LinearRing>
        </outerBoundaryIs>
      </Polygon>
    </Placemark>
    <Placemark>
      <name>34</name>
      <description>
        <![CDATA[fid: 33<br>Layer: Layer 4<br>SubClasses: AcDbEntity:AcDbHatch<br>EntityHandle: BD<br>Text: SOLID<br>description:]]>
      </description>
      <styleUrl>#poly-FF0000-1000-0</styleUrl>
      <ExtendedData>
        <Data name="fid">
          <value>33</value>
        </Data>
        <Data name="Layer">
          <value>Layer 4</value>
        </Data>
        <Data name="SubClasses">
          <value>AcDbEntity:AcDbHatch</value>
        </Data>
        <Data name="EntityHandle">
          <value>BD</value>
        </Data>
        <Data name="Text">
          <value>SOLID</value>
        </Data>
        <Data name="description">
        </Data>
      </ExtendedData>
      <Polygon>
        <outerBoundaryIs>
          <LinearRing>
            <tessellate>1</tessellate>
            <coordinates>
              75.022606,15.414745,0 75.022492,15.414662,0 75.02254499999999,15.414597,0 75.022657,15.41468,0 75.022606,15.414745,0
            </coordinates>
          </LinearRing>
        </outerBoundaryIs>
      </Polygon>
    </Placemark>
    <Placemark>
      <name>35</name>
      <description>
        <![CDATA[fid: 34<br>Layer: Layer 4<br>SubClasses: AcDbEntity:AcDbHatch<br>EntityHandle: BF<br>Text: SOLID<br>description:]]>
      </description>
      <styleUrl>#poly-FF0000-1000-0</styleUrl>
      <ExtendedData>
        <Data name="fid">
          <value>34</value>
        </Data>
        <Data name="Layer">
          <value>Layer 4</value>
        </Data>
        <Data name="SubClasses">
          <value>AcDbEntity:AcDbHatch</value>
        </Data>
        <Data name="EntityHandle">
          <value>BF</value>
        </Data>
        <Data name="Text">
          <value>SOLID</value>
        </Data>
        <Data name="description">
        </Data>
      </ExtendedData>
      <Polygon>
        <outerBoundaryIs>
          <LinearRing>
            <tessellate>1</tessellate>
            <coordinates>
              75.022732,15.414586,0 75.022657,15.41468,0 75.02254499999999,15.414597,0 75.022628,15.414492,0 75.022732,15.414586,0
            </coordinates>
          </LinearRing>
        </outerBoundaryIs>
      </Polygon>
    </Placemark>
    <Placemark>
      <name>36</name>
      <description>
        <![CDATA[fid: 35<br>Layer: Layer 4<br>SubClasses: AcDbEntity:AcDbHatch<br>EntityHandle: C1<br>Text: SOLID<br>description:]]>
      </description>
      <styleUrl>#poly-FF0000-1000-0</styleUrl>
      <ExtendedData>
        <Data name="fid">
          <value>35</value>
        </Data>
        <Data name="Layer">
          <value>Layer 4</value>
        </Data>
        <Data name="SubClasses">
          <value>AcDbEntity:AcDbHatch</value>
        </Data>
        <Data name="EntityHandle">
          <value>C1</value>
        </Data>
        <Data name="Text">
          <value>SOLID</value>
        </Data>
        <Data name="description">
        </Data>
      </ExtendedData>
      <Polygon>
        <outerBoundaryIs>
          <LinearRing>
            <tessellate>1</tessellate>
            <coordinates>
              75.022786,15.414879,0 75.022673,15.414796,0 75.022796,15.414641,0 75.02279799999999,15.414642,0 75.022901,15.414735,0 75.022786,15.414879,0
            </coordinates>
          </LinearRing>
        </outerBoundaryIs>
      </Polygon>
    </Placemark>
    <Placemark>
      <name>37</name>
      <description>
        <![CDATA[fid: 36<br>Layer: Layer 4<br>SubClasses: AcDbEntity:AcDbHatch<br>EntityHandle: C3<br>Text: SOLID<br>description:]]>
      </description>
      <styleUrl>#poly-FF0000-1000-0</styleUrl>
      <ExtendedData>
        <Data name="fid">
          <value>36</value>
        </Data>
        <Data name="Layer">
          <value>Layer 4</value>
        </Data>
        <Data name="SubClasses">
          <value>AcDbEntity:AcDbHatch</value>
        </Data>
        <Data name="EntityHandle">
          <value>C3</value>
        </Data>
        <Data name="Text">
          <value>SOLID</value>
        </Data>
        <Data name="description">
        </Data>
      </ExtendedData>
      <Polygon>
        <outerBoundaryIs>
          <LinearRing>
            <tessellate>1</tessellate>
            <coordinates>
              75.022622,15.414861,0 75.022673,15.414796,0 75.022786,15.414879,0 75.022734,15.414943,0 75.022622,15.414861,0
            </coordinates>
          </LinearRing>
        </outerBoundaryIs>
      </Polygon>
    </Placemark>
    <Placemark>
      <name>38</name>
      <description>
        <![CDATA[fid: 37<br>Layer: Layer 4<br>SubClasses: AcDbEntity:AcDbHatch<br>EntityHandle: C5<br>Text: SOLID<br>description:]]>
      </description>
      <styleUrl>#poly-FF0000-1000-0</styleUrl>
      <ExtendedData>
        <Data name="fid">
          <value>37</value>
        </Data>
        <Data name="Layer">
          <value>Layer 4</value>
        </Data>
        <Data name="SubClasses">
          <value>AcDbEntity:AcDbHatch</value>
        </Data>
        <Data name="EntityHandle">
          <value>C5</value>
        </Data>
        <Data name="Text">
          <value>SOLID</value>
        </Data>
        <Data name="description">
        </Data>
      </ExtendedData>
      <Polygon>
        <outerBoundaryIs>
          <LinearRing>
            <tessellate>1</tessellate>
            <coordinates>
              75.02257,15.414926,0 75.022622,15.414861,0 75.022734,15.414943,0 75.022682,15.415009,0 75.02257,15.414926,0
            </coordinates>
          </LinearRing>
        </outerBoundaryIs>
      </Polygon>
    </Placemark>
    <Placemark>
      <name>39</name>
      <description>
        <![CDATA[fid: 38<br>Layer: Layer 4<br>SubClasses: AcDbEntity:AcDbHatch<br>EntityHandle: C7<br>Text: SOLID<br>description:]]>
      </description>
      <styleUrl>#poly-FF0000-1000-0</styleUrl>
      <ExtendedData>
        <Data name="fid">
          <value>38</value>
        </Data>
        <Data name="Layer">
          <value>Layer 4</value>
        </Data>
        <Data name="SubClasses">
          <value>AcDbEntity:AcDbHatch</value>
        </Data>
        <Data name="EntityHandle">
          <value>C7</value>
        </Data>
        <Data name="Text">
          <value>SOLID</value>
        </Data>
        <Data name="description">
        </Data>
      </ExtendedData>
      <Polygon>
        <outerBoundaryIs>
          <LinearRing>
            <tessellate>1</tessellate>
            <coordinates>
              75.02251699999999,15.414992,0 75.02257,15.414926,0 75.022682,15.415009,0 75.02262899999999,15.415075,0 75.02251699999999,15.414992,0
            </coordinates>
          </LinearRing>
        </outerBoundaryIs>
      </Polygon>
    </Placemark>
    <Placemark>
      <name>40</name>
      <description>
        <![CDATA[fid: 39<br>Layer: Layer 4<br>SubClasses: AcDbEntity:AcDbHatch<br>EntityHandle: C9<br>Text: SOLID<br>description:]]>
      </description>
      <styleUrl>#poly-FF0000-1000-0</styleUrl>
      <ExtendedData>
        <Data name="fid">
          <value>39</value>
        </Data>
        <Data name="Layer">
          <value>Layer 4</value>
        </Data>
        <Data name="SubClasses">
          <value>AcDbEntity:AcDbHatch</value>
        </Data>
        <Data name="EntityHandle">
          <value>C9</value>
        </Data>
        <Data name="Text">
          <value>SOLID</value>
        </Data>
        <Data name="description">
        </Data>
      </ExtendedData>
      <Polygon>
        <outerBoundaryIs>
          <LinearRing>
            <tessellate>1</tessellate>
            <coordinates>
              75.022464,15.415059,0 75.02251699999999,15.414992,0 75.02262899999999,15.415075,0 75.022577,15.415141,0 75.022464,15.415059,0
            </coordinates>
          </LinearRing>
        </outerBoundaryIs>
      </Polygon>
    </Placemark>
    <Placemark>
      <name>41</name>
      <description>
        <![CDATA[fid: 40<br>Layer: Layer 4<br>SubClasses: AcDbEntity:AcDbHatch<br>EntityHandle: CB<br>Text: SOLID<br>description:]]>
      </description>
      <styleUrl>#poly-FF0000-1000-0</styleUrl>
      <ExtendedData>
        <Data name="fid">
          <value>40</value>
        </Data>
        <Data name="Layer">
          <value>Layer 4</value>
        </Data>
        <Data name="SubClasses">
          <value>AcDbEntity:AcDbHatch</value>
        </Data>
        <Data name="EntityHandle">
          <value>CB</value>
        </Data>
        <Data name="Text">
          <value>SOLID</value>
        </Data>
        <Data name="description">
        </Data>
      </ExtendedData>
      <Polygon>
        <outerBoundaryIs>
          <LinearRing>
            <tessellate>1</tessellate>
            <coordinates>
              75.022413,15.415123,0 75.022464,15.415059,0 75.022577,15.415141,0 75.022525,15.415206,0 75.022413,15.415123,0
            </coordinates>
          </LinearRing>
        </outerBoundaryIs>
      </Polygon>
    </Placemark>
    <Placemark>
      <name>42</name>
      <description>
        <![CDATA[fid: 41<br>Layer: Layer 4<br>SubClasses: AcDbEntity:AcDbHatch<br>EntityHandle: CD<br>Text: SOLID<br>description:]]>
      </description>
      <styleUrl>#poly-FF0000-1000-0</styleUrl>
      <ExtendedData>
        <Data name="fid">
          <value>41</value>
        </Data>
        <Data name="Layer">
          <value>Layer 4</value>
        </Data>
        <Data name="SubClasses">
          <value>AcDbEntity:AcDbHatch</value>
        </Data>
        <Data name="EntityHandle">
          <value>CD</value>
        </Data>
        <Data name="Text">
          <value>SOLID</value>
        </Data>
        <Data name="description">
        </Data>
      </ExtendedData>
      <Polygon>
        <outerBoundaryIs>
          <LinearRing>
            <tessellate>1</tessellate>
            <coordinates>
              75.022363,15.415186,0 75.022413,15.415123,0 75.022525,15.415206,0 75.022474,15.415269,0 75.022363,15.415186,0
            </coordinates>
          </LinearRing>
        </outerBoundaryIs>
      </Polygon>
    </Placemark>
    <Placemark>
      <name>43</name>
      <description>
        <![CDATA[fid: 42<br>Layer: Layer 4<br>SubClasses: AcDbEntity:AcDbHatch<br>EntityHandle: CF<br>Text: SOLID<br>description:]]>
      </description>
      <styleUrl>#poly-FF0000-1000-0</styleUrl>
      <ExtendedData>
        <Data name="fid">
          <value>42</value>
        </Data>
        <Data name="Layer">
          <value>Layer 4</value>
        </Data>
        <Data name="SubClasses">
          <value>AcDbEntity:AcDbHatch</value>
        </Data>
        <Data name="EntityHandle">
          <value>CF</value>
        </Data>
        <Data name="Text">
          <value>SOLID</value>
        </Data>
        <Data name="description">
        </Data>
      </ExtendedData>
      <Polygon>
        <outerBoundaryIs>
          <LinearRing>
            <tessellate>1</tessellate>
            <coordinates>
              75.022311,15.415252,0 75.022363,15.415186,0 75.022474,15.415269,0 75.02242200000001,15.415335,0 75.022311,15.415252,0
            </coordinates>
          </LinearRing>
        </outerBoundaryIs>
      </Polygon>
    </Placemark>
    <Placemark>
      <name>44</name>
      <description>
        <![CDATA[fid: 43<br>Layer: Layer 4<br>SubClasses: AcDbEntity:AcDbHatch<br>EntityHandle: D1<br>Text: SOLID<br>description:]]>
      </description>
      <styleUrl>#poly-FF0000-1000-0</styleUrl>
      <ExtendedData>
        <Data name="fid">
          <value>43</value>
        </Data>
        <Data name="Layer">
          <value>Layer 4</value>
        </Data>
        <Data name="SubClasses">
          <value>AcDbEntity:AcDbHatch</value>
        </Data>
        <Data name="EntityHandle">
          <value>D1</value>
        </Data>
        <Data name="Text">
          <value>SOLID</value>
        </Data>
        <Data name="description">
        </Data>
      </ExtendedData>
      <Polygon>
        <outerBoundaryIs>
          <LinearRing>
            <tessellate>1</tessellate>
            <coordinates>
              75.02226,15.415316,0 75.022311,15.415252,0 75.02242200000001,15.415335,0 75.02237100000001,15.415399,0 75.02226,15.415316,0
            </coordinates>
          </LinearRing>
        </outerBoundaryIs>
      </Polygon>
    </Placemark>
    <Placemark>
      <name>45</name>
      <description>
        <![CDATA[fid: 44<br>Layer: Layer 4<br>SubClasses: AcDbEntity:AcDbHatch<br>EntityHandle: D3<br>Text: SOLID<br>description:]]>
      </description>
      <styleUrl>#poly-FF0000-1000-0</styleUrl>
      <ExtendedData>
        <Data name="fid">
          <value>44</value>
        </Data>
        <Data name="Layer">
          <value>Layer 4</value>
        </Data>
        <Data name="SubClasses">
          <value>AcDbEntity:AcDbHatch</value>
        </Data>
        <Data name="EntityHandle">
          <value>D3</value>
        </Data>
        <Data name="Text">
          <value>SOLID</value>
        </Data>
        <Data name="description">
        </Data>
      </ExtendedData>
      <Polygon>
        <outerBoundaryIs>
          <LinearRing>
            <tessellate>1</tessellate>
            <coordinates>
              75.022209,15.415381,0 75.02226,15.415316,0 75.02237100000001,15.415399,0 75.02231999999999,15.415463,0 75.022209,15.415381,0
            </coordinates>
          </LinearRing>
        </outerBoundaryIs>
      </Polygon>
    </Placemark>
    <Placemark>
      <name>46</name>
      <description>
        <![CDATA[fid: 45<br>Layer: Layer 4<br>SubClasses: AcDbEntity:AcDbHatch<br>EntityHandle: D5<br>Text: SOLID<br>description:]]>
      </description>
      <styleUrl>#poly-FF0000-1000-0</styleUrl>
      <ExtendedData>
        <Data name="fid">
          <value>45</value>
        </Data>
        <Data name="Layer">
          <value>Layer 4</value>
        </Data>
        <Data name="SubClasses">
          <value>AcDbEntity:AcDbHatch</value>
        </Data>
        <Data name="EntityHandle">
          <value>D5</value>
        </Data>
        <Data name="Text">
          <value>SOLID</value>
        </Data>
        <Data name="description">
        </Data>
      </ExtendedData>
      <Polygon>
        <outerBoundaryIs>
          <LinearRing>
            <tessellate>1</tessellate>
            <coordinates>
              75.022266,15.41553,0 75.022154,15.415449,0 75.022209,15.415381,0 75.02231999999999,15.415463,0 75.022266,15.41553,0
            </coordinates>
          </LinearRing>
        </outerBoundaryIs>
      </Polygon>
    </Placemark>
    <Placemark>
      <name>47</name>
      <description>
        <![CDATA[fid: 46<br>Layer: Layer 4<br>SubClasses: AcDbEntity:AcDbHatch<br>EntityHandle: D7<br>Text: SOLID<br>description:]]>
      </description>
      <styleUrl>#poly-FF0000-1000-0</styleUrl>
      <ExtendedData>
        <Data name="fid">
          <value>46</value>
        </Data>
        <Data name="Layer">
          <value>Layer 4</value>
        </Data>
        <Data name="SubClasses">
          <value>AcDbEntity:AcDbHatch</value>
        </Data>
        <Data name="EntityHandle">
          <value>D7</value>
        </Data>
        <Data name="Text">
          <value>SOLID</value>
        </Data>
        <Data name="description">
        </Data>
      </ExtendedData>
      <Polygon>
        <outerBoundaryIs>
          <LinearRing>
            <tessellate>1</tessellate>
            <coordinates>
              75.02238,15.415613,0 75.022266,15.41553,0 75.02231999999999,15.415463,0 75.02243199999999,15.415547,0 75.02238,15.415613,0
            </coordinates>
          </LinearRing>
        </outerBoundaryIs>
      </Polygon>
    </Placemark>
    <Placemark>
      <name>48</name>
      <description>
        <![CDATA[fid: 47<br>Layer: Layer 4<br>SubClasses: AcDbEntity:AcDbHatch<br>EntityHandle: D9<br>Text: SOLID<br>description:]]>
      </description>
      <styleUrl>#poly-FF0000-1000-0</styleUrl>
      <ExtendedData>
        <Data name="fid">
          <value>47</value>
        </Data>
        <Data name="Layer">
          <value>Layer 4</value>
        </Data>
        <Data name="SubClasses">
          <value>AcDbEntity:AcDbHatch</value>
        </Data>
        <Data name="EntityHandle">
          <value>D9</value>
        </Data>
        <Data name="Text">
          <value>SOLID</value>
        </Data>
        <Data name="description">
        </Data>
      </ExtendedData>
      <Polygon>
        <outerBoundaryIs>
          <LinearRing>
            <tessellate>1</tessellate>
            <coordinates>
              75.02248299999999,15.415483,0 75.02243199999999,15.415547,0 75.02231999999999,15.415463,0 75.02237100000001,15.415399,0 75.02248299999999,15.415483,0
            </coordinates>
          </LinearRing>
        </outerBoundaryIs>
      </Polygon>
    </Placemark>
    <Placemark>
      <name>49</name>
      <description>
        <![CDATA[fid: 48<br>Layer: Layer 4<br>SubClasses: AcDbEntity:AcDbHatch<br>EntityHandle: DB<br>Text: SOLID<br>description:]]>
      </description>
      <styleUrl>#poly-FF0000-1000-0</styleUrl>
      <ExtendedData>
        <Data name="fid">
          <value>48</value>
        </Data>
        <Data name="Layer">
          <value>Layer 4</value>
        </Data>
        <Data name="SubClasses">
          <value>AcDbEntity:AcDbHatch</value>
        </Data>
        <Data name="EntityHandle">
          <value>DB</value>
        </Data>
        <Data name="Text">
          <value>SOLID</value>
        </Data>
        <Data name="description">
        </Data>
      </ExtendedData>
      <Polygon>
        <outerBoundaryIs>
          <LinearRing>
            <tessellate>1</tessellate>
            <coordinates>
              75.02248299999999,15.415483,0 75.02237100000001,15.415399,0 75.02242200000001,15.415335,0 75.022535,15.415418,0 75.02248299999999,15.415483,0
            </coordinates>
          </LinearRing>
        </outerBoundaryIs>
      </Polygon>
    </Placemark>
    <Placemark>
      <name>50</name>
      <description>
        <![CDATA[fid: 49<br>Layer: Layer 4<br>SubClasses: AcDbEntity:AcDbHatch<br>EntityHandle: DD<br>Text: SOLID<br>description:]]>
      </description>
      <styleUrl>#poly-FF0000-1000-0</styleUrl>
      <ExtendedData>
        <Data name="fid">
          <value>49</value>
        </Data>
        <Data name="Layer">
          <value>Layer 4</value>
        </Data>
        <Data name="SubClasses">
          <value>AcDbEntity:AcDbHatch</value>
        </Data>
        <Data name="EntityHandle">
          <value>DD</value>
        </Data>
        <Data name="Text">
          <value>SOLID</value>
        </Data>
        <Data name="description">
        </Data>
      </ExtendedData>
      <Polygon>
        <outerBoundaryIs>
          <LinearRing>
            <tessellate>1</tessellate>
            <coordinates>
              75.022535,15.415418,0 75.02242200000001,15.415335,0 75.022474,15.415269,0 75.022587,15.415353,0 75.022535,15.415418,0
            </coordinates>
          </LinearRing>
        </outerBoundaryIs>
      </Polygon>
    </Placemark>
    <Placemark>
      <name>51</name>
      <description>
        <![CDATA[fid: 50<br>Layer: Layer 4<br>SubClasses: AcDbEntity:AcDbHatch<br>EntityHandle: DF<br>Text: SOLID<br>description:]]>
      </description>
      <styleUrl>#poly-FF0000-1000-0</styleUrl>
      <ExtendedData>
        <Data name="fid">
          <value>50</value>
        </Data>
        <Data name="Layer">
          <value>Layer 4</value>
        </Data>
        <Data name="SubClasses">
          <value>AcDbEntity:AcDbHatch</value>
        </Data>
        <Data name="EntityHandle">
          <value>DF</value>
        </Data>
        <Data name="Text">
          <value>SOLID</value>
        </Data>
        <Data name="description">
        </Data>
      </ExtendedData>
      <Polygon>
        <outerBoundaryIs>
          <LinearRing>
            <tessellate>1</tessellate>
            <coordinates>
              75.022587,15.415353,0 75.022474,15.415269,0 75.022525,15.415206,0 75.022638,15.415288,0 75.022587,15.415353,0
            </coordinates>
          </LinearRing>
        </outerBoundaryIs>
      </Polygon>
    </Placemark>
    <Placemark>
      <name>52</name>
      <description>
        <![CDATA[fid: 51<br>Layer: Layer 4<br>SubClasses: AcDbEntity:AcDbHatch<br>EntityHandle: E1<br>Text: SOLID<br>description:]]>
      </description>
      <styleUrl>#poly-FF0000-1000-0</styleUrl>
      <ExtendedData>
        <Data name="fid">
          <value>51</value>
        </Data>
        <Data name="Layer">
          <value>Layer 4</value>
        </Data>
        <Data name="SubClasses">
          <value>AcDbEntity:AcDbHatch</value>
        </Data>
        <Data name="EntityHandle">
          <value>E1</value>
        </Data>
        <Data name="Text">
          <value>SOLID</value>
        </Data>
        <Data name="description">
        </Data>
      </ExtendedData>
      <Polygon>
        <outerBoundaryIs>
          <LinearRing>
            <tessellate>1</tessellate>
            <coordinates>
              75.022638,15.415288,0 75.022525,15.415206,0 75.022577,15.415141,0 75.02269,15.415223,0 75.022638,15.415288,0
            </coordinates>
          </LinearRing>
        </outerBoundaryIs>
      </Polygon>
    </Placemark>
    <Placemark>
      <name>53</name>
      <description>
        <![CDATA[fid: 52<br>Layer: Layer 4<br>SubClasses: AcDbEntity:AcDbHatch<br>EntityHandle: E3<br>Text: SOLID<br>description:]]>
      </description>
      <styleUrl>#poly-FF0000-1000-0</styleUrl>
      <ExtendedData>
        <Data name="fid">
          <value>52</value>
        </Data>
        <Data name="Layer">
          <value>Layer 4</value>
        </Data>
        <Data name="SubClasses">
          <value>AcDbEntity:AcDbHatch</value>
        </Data>
        <Data name="EntityHandle">
          <value>E3</value>
        </Data>
        <Data name="Text">
          <value>SOLID</value>
        </Data>
        <Data name="description">
        </Data>
      </ExtendedData>
      <Polygon>
        <outerBoundaryIs>
          <LinearRing>
            <tessellate>1</tessellate>
            <coordinates>
              75.02269,15.415223,0 75.022577,15.415141,0 75.02262899999999,15.415075,0 75.02274199999999,15.415158,0 75.02269,15.415223,0
            </coordinates>
          </LinearRing>
        </outerBoundaryIs>
      </Polygon>
    </Placemark>
    <Placemark>
      <name>54</name>
      <description>
        <![CDATA[fid: 53<br>Layer: Layer 4<br>SubClasses: AcDbEntity:AcDbHatch<br>EntityHandle: E5<br>Text: SOLID<br>description:]]>
      </description>
      <styleUrl>#poly-FF0000-1000-0</styleUrl>
      <ExtendedData>
        <Data name="fid">
          <value>53</value>
        </Data>
        <Data name="Layer">
          <value>Layer 4</value>
        </Data>
        <Data name="SubClasses">
          <value>AcDbEntity:AcDbHatch</value>
        </Data>
        <Data name="EntityHandle">
          <value>E5</value>
        </Data>
        <Data name="Text">
          <value>SOLID</value>
        </Data>
        <Data name="description">
        </Data>
      </ExtendedData>
      <Polygon>
        <outerBoundaryIs>
          <LinearRing>
            <tessellate>1</tessellate>
            <coordinates>
              75.02274199999999,15.415158,0 75.02262899999999,15.415075,0 75.022682,15.415009,0 75.022795,15.415092,0 75.02274199999999,15.415158,0
            </coordinates>
          </LinearRing>
        </outerBoundaryIs>
      </Polygon>
    </Placemark>
    <Placemark>
      <name>55</name>
      <description>
        <![CDATA[fid: 54<br>Layer: Layer 4<br>SubClasses: AcDbEntity:AcDbHatch<br>EntityHandle: E7<br>Text: SOLID<br>description:]]>
      </description>
      <styleUrl>#poly-FF0000-1000-0</styleUrl>
      <ExtendedData>
        <Data name="fid">
          <value>54</value>
        </Data>
        <Data name="Layer">
          <value>Layer 4</value>
        </Data>
        <Data name="SubClasses">
          <value>AcDbEntity:AcDbHatch</value>
        </Data>
        <Data name="EntityHandle">
          <value>E7</value>
        </Data>
        <Data name="Text">
          <value>SOLID</value>
        </Data>
        <Data name="description">
        </Data>
      </ExtendedData>
      <Polygon>
        <outerBoundaryIs>
          <LinearRing>
            <tessellate>1</tessellate>
            <coordinates>
              75.022795,15.415092,0 75.022682,15.415009,0 75.022734,15.414943,0 75.022847,15.415026,0 75.022795,15.415092,0
            </coordinates>
          </LinearRing>
        </outerBoundaryIs>
      </Polygon>
    </Placemark>
    <Placemark>
      <name>56</name>
      <description>
        <![CDATA[fid: 55<br>Layer: Layer 4<br>SubClasses: AcDbEntity:AcDbHatch<br>EntityHandle: E9<br>Text: SOLID<br>description:]]>
      </description>
      <styleUrl>#poly-FF0000-1000-0</styleUrl>
      <ExtendedData>
        <Data name="fid">
          <value>55</value>
        </Data>
        <Data name="Layer">
          <value>Layer 4</value>
        </Data>
        <Data name="SubClasses">
          <value>AcDbEntity:AcDbHatch</value>
        </Data>
        <Data name="EntityHandle">
          <value>E9</value>
        </Data>
        <Data name="Text">
          <value>SOLID</value>
        </Data>
        <Data name="description">
        </Data>
      </ExtendedData>
      <Polygon>
        <outerBoundaryIs>
          <LinearRing>
            <tessellate>1</tessellate>
            <coordinates>
              75.022847,15.415026,0 75.022734,15.414943,0 75.022786,15.414879,0 75.022899,15.414961,0 75.022847,15.415026,0
            </coordinates>
          </LinearRing>
        </outerBoundaryIs>
      </Polygon>
    </Placemark>
    <Placemark>
      <name>57</name>
      <description>
        <![CDATA[fid: 56<br>Layer: Layer 4<br>SubClasses: AcDbEntity:AcDbHatch<br>EntityHandle: EB<br>Text: SOLID<br>description:]]>
      </description>
      <styleUrl>#poly-FF0000-1000-0</styleUrl>
      <ExtendedData>
        <Data name="fid">
          <value>56</value>
        </Data>
        <Data name="Layer">
          <value>Layer 4</value>
        </Data>
        <Data name="SubClasses">
          <value>AcDbEntity:AcDbHatch</value>
        </Data>
        <Data name="EntityHandle">
          <value>EB</value>
        </Data>
        <Data name="Text">
          <value>SOLID</value>
        </Data>
        <Data name="description">
        </Data>
      </ExtendedData>
      <Polygon>
        <outerBoundaryIs>
          <LinearRing>
            <tessellate>1</tessellate>
            <coordinates>
              75.022899,15.414961,0 75.022786,15.414879,0 75.022901,15.414735,0 75.023005,15.414828,0 75.022899,15.414961,0
            </coordinates>
          </LinearRing>
        </outerBoundaryIs>
      </Polygon>
    </Placemark>
    <Placemark>
      <name>58</name>
      <description>
        <![CDATA[fid: 57<br>Layer: Layer 4<br>SubClasses: AcDbEntity:AcDbHatch<br>EntityHandle: ED<br>Text: SOLID<br>description:]]>
      </description>
      <styleUrl>#poly-FF0000-1000-0</styleUrl>
      <ExtendedData>
        <Data name="fid">
          <value>57</value>
        </Data>
        <Data name="Layer">
          <value>Layer 4</value>
        </Data>
        <Data name="SubClasses">
          <value>AcDbEntity:AcDbHatch</value>
        </Data>
        <Data name="EntityHandle">
          <value>ED</value>
        </Data>
        <Data name="Text">
          <value>SOLID</value>
        </Data>
        <Data name="description">
        </Data>
      </ExtendedData>
      <Polygon>
        <outerBoundaryIs>
          <LinearRing>
            <tessellate>1</tessellate>
            <coordinates>
              75.023079,15.415098,0 75.02296699999999,15.415015,0 75.02306900000001,15.414885,0 75.023174,15.41498,0 75.023079,15.415098,0
            </coordinates>
          </LinearRing>
        </outerBoundaryIs>
      </Polygon>
    </Placemark>
    <Placemark>
      <name>59</name>
      <description>
        <![CDATA[fid: 58<br>Layer: Layer 4<br>SubClasses: AcDbEntity:AcDbHatch<br>EntityHandle: EF<br>Text: SOLID<br>description:]]>
      </description>
      <styleUrl>#poly-FF0000-1000-0</styleUrl>
      <ExtendedData>
        <Data name="fid">
          <value>58</value>
        </Data>
        <Data name="Layer">
          <value>Layer 4</value>
        </Data>
        <Data name="SubClasses">
          <value>AcDbEntity:AcDbHatch</value>
        </Data>
        <Data name="EntityHandle">
          <value>EF</value>
        </Data>
        <Data name="Text">
          <value>SOLID</value>
        </Data>
        <Data name="description">
        </Data>
      </ExtendedData>
      <Polygon>
        <outerBoundaryIs>
          <LinearRing>
            <tessellate>1</tessellate>
            <coordinates>
              75.022915,15.415079,0 75.02296699999999,15.415015,0 75.023079,15.415098,0 75.023027,15.415162,0 75.022915,15.415079,0
            </coordinates>
          </LinearRing>
        </outerBoundaryIs>
      </Polygon>
    </Placemark>
    <Placemark>
      <name>60</name>
      <description>
        <![CDATA[fid: 59<br>Layer: Layer 4<br>SubClasses: AcDbEntity:AcDbHatch<br>EntityHandle: F1<br>Text: SOLID<br>description:]]>
      </description>
      <styleUrl>#poly-FF0000-1000-0</styleUrl>
      <ExtendedData>
        <Data name="fid">
          <value>59</value>
        </Data>
        <Data name="Layer">
          <value>Layer 4</value>
        </Data>
        <Data name="SubClasses">
          <value>AcDbEntity:AcDbHatch</value>
        </Data>
        <Data name="EntityHandle">
          <value>F1</value>
        </Data>
        <Data name="Text">
          <value>SOLID</value>
        </Data>
        <Data name="description">
        </Data>
      </ExtendedData>
      <Polygon>
        <outerBoundaryIs>
          <LinearRing>
            <tessellate>1</tessellate>
            <coordinates>
              75.022863,15.415145,0 75.022915,15.415079,0 75.023027,15.415162,0 75.022974,15.415228,0 75.022863,15.415145,0
            </coordinates>
          </LinearRing>
        </outerBoundaryIs>
      </Polygon>
    </Placemark>
    <Placemark>
      <name>61</name>
      <description>
        <![CDATA[fid: 60<br>Layer: Layer 4<br>SubClasses: AcDbEntity:AcDbHatch<br>EntityHandle: F3<br>Text: SOLID<br>description:]]>
      </description>
      <styleUrl>#poly-FF0000-1000-0</styleUrl>
      <ExtendedData>
        <Data name="fid">
          <value>60</value>
        </Data>
        <Data name="Layer">
          <value>Layer 4</value>
        </Data>
        <Data name="SubClasses">
          <value>AcDbEntity:AcDbHatch</value>
        </Data>
        <Data name="EntityHandle">
          <value>F3</value>
        </Data>
        <Data name="Text">
          <value>SOLID</value>
        </Data>
        <Data name="description">
        </Data>
      </ExtendedData>
      <Polygon>
        <outerBoundaryIs>
          <LinearRing>
            <tessellate>1</tessellate>
            <coordinates>
              75.02281000000001,15.41521,0 75.022863,15.415145,0 75.022974,15.415228,0 75.02292199999999,15.415293,0 75.02281000000001,15.41521,0
            </coordinates>
          </LinearRing>
        </outerBoundaryIs>
      </Polygon>
    </Placemark>
    <Placemark>
      <name>62</name>
      <description>
        <![CDATA[fid: 61<br>Layer: Layer 4<br>SubClasses: AcDbEntity:AcDbHatch<br>EntityHandle: F5<br>Text: SOLID<br>description:]]>
      </description>
      <styleUrl>#poly-FF0000-1000-0</styleUrl>
      <ExtendedData>
        <Data name="fid">
          <value>61</value>
        </Data>
        <Data name="Layer">
          <value>Layer 4</value>
        </Data>
        <Data name="SubClasses">
          <value>AcDbEntity:AcDbHatch</value>
        </Data>
        <Data name="EntityHandle">
          <value>F5</value>
        </Data>
        <Data name="Text">
          <value>SOLID</value>
        </Data>
        <Data name="description">
        </Data>
      </ExtendedData>
      <Polygon>
        <outerBoundaryIs>
          <LinearRing>
            <tessellate>1</tessellate>
            <coordinates>
              75.022757,15.415277,0 75.02281000000001,15.41521,0 75.02292199999999,15.415293,0 75.022869,15.415359,0 75.022757,15.415277,0
            </coordinates>
          </LinearRing>
        </outerBoundaryIs>
      </Polygon>
    </Placemark>
    <Placemark>
      <name>63</name>
      <description>
        <![CDATA[fid: 62<br>Layer: Layer 4<br>SubClasses: AcDbEntity:AcDbHatch<br>EntityHandle: F7<br>Text: SOLID<br>description:]]>
      </description>
      <styleUrl>#poly-FF0000-1000-0</styleUrl>
      <ExtendedData>
        <Data name="fid">
          <value>62</value>
        </Data>
        <Data name="Layer">
          <value>Layer 4</value>
        </Data>
        <Data name="SubClasses">
          <value>AcDbEntity:AcDbHatch</value>
        </Data>
        <Data name="EntityHandle">
          <value>F7</value>
        </Data>
        <Data name="Text">
          <value>SOLID</value>
        </Data>
        <Data name="description">
        </Data>
      </ExtendedData>
      <Polygon>
        <outerBoundaryIs>
          <LinearRing>
            <tessellate>1</tessellate>
            <coordinates>
              75.022705,15.415341,0 75.022757,15.415277,0 75.022869,15.415359,0 75.022817,15.415424,0 75.022705,15.415341,0
            </coordinates>
          </LinearRing>
        </outerBoundaryIs>
      </Polygon>
    </Placemark>
    <Placemark>
      <name>64</name>
      <description>
        <![CDATA[fid: 63<br>Layer: Layer 4<br>SubClasses: AcDbEntity:AcDbHatch<br>EntityHandle: F9<br>Text: SOLID<br>description:]]>
      </description>
      <styleUrl>#poly-FF0000-1000-0</styleUrl>
      <ExtendedData>
        <Data name="fid">
          <value>63</value>
        </Data>
        <Data name="Layer">
          <value>Layer 4</value>
        </Data>
        <Data name="SubClasses">
          <value>AcDbEntity:AcDbHatch</value>
        </Data>
        <Data name="EntityHandle">
          <value>F9</value>
        </Data>
        <Data name="Text">
          <value>SOLID</value>
        </Data>
        <Data name="description">
        </Data>
      </ExtendedData>
      <Polygon>
        <outerBoundaryIs>
          <LinearRing>
            <tessellate>1</tessellate>
            <coordinates>
              75.022655,15.415404,0 75.022705,15.415341,0 75.022817,15.415424,0 75.022766,15.415487,0 75.022655,15.415404,0
            </coordinates>
          </LinearRing>
        </outerBoundaryIs>
      </Polygon>
    </Placemark>
    <Placemark>
      <name>65</name>
      <description>
        <![CDATA[fid: 64<br>Layer: Layer 4<br>SubClasses: AcDbEntity:AcDbHatch<br>EntityHandle: FB<br>Text: SOLID<br>description:]]>
      </description>
      <styleUrl>#poly-FF0000-1000-0</styleUrl>
      <ExtendedData>
        <Data name="fid">
          <value>64</value>
        </Data>
        <Data name="Layer">
          <value>Layer 4</value>
        </Data>
        <Data name="SubClasses">
          <value>AcDbEntity:AcDbHatch</value>
        </Data>
        <Data name="EntityHandle">
          <value>FB</value>
        </Data>
        <Data name="Text">
          <value>SOLID</value>
        </Data>
        <Data name="description">
        </Data>
      </ExtendedData>
      <Polygon>
        <outerBoundaryIs>
          <LinearRing>
            <tessellate>1</tessellate>
            <coordinates>
              75.02260200000001,15.415469,0 75.022655,15.415404,0 75.022766,15.415487,0 75.022713,15.415552,0 75.02260200000001,15.415469,0
            </coordinates>
          </LinearRing>
        </outerBoundaryIs>
      </Polygon>
    </Placemark>
    <Placemark>
      <name>66</name>
      <description>
        <![CDATA[fid: 65<br>Layer: Layer 4<br>SubClasses: AcDbEntity:AcDbHatch<br>EntityHandle: FD<br>Text: SOLID<br>description:]]>
      </description>
      <styleUrl>#poly-FF0000-1000-0</styleUrl>
      <ExtendedData>
        <Data name="fid">
          <value>65</value>
        </Data>
        <Data name="Layer">
          <value>Layer 4</value>
        </Data>
        <Data name="SubClasses">
          <value>AcDbEntity:AcDbHatch</value>
        </Data>
        <Data name="EntityHandle">
          <value>FD</value>
        </Data>
        <Data name="Text">
          <value>SOLID</value>
        </Data>
        <Data name="description">
        </Data>
      </ExtendedData>
      <Polygon>
        <outerBoundaryIs>
          <LinearRing>
            <tessellate>1</tessellate>
            <coordinates>
              75.02255100000001,15.415533,0 75.02260200000001,15.415469,0 75.022713,15.415552,0 75.022662,15.415616,0 75.02255100000001,15.415533,0
            </coordinates>
          </LinearRing>
        </outerBoundaryIs>
      </Polygon>
    </Placemark>
    <Placemark>
      <name>67</name>
      <description>
        <![CDATA[fid: 66<br>Layer: Layer 4<br>SubClasses: AcDbEntity:AcDbHatch<br>EntityHandle: FF<br>Text: SOLID<br>description:]]>
      </description>
      <styleUrl>#poly-FF0000-1000-0</styleUrl>
      <ExtendedData>
        <Data name="fid">
          <value>66</value>
        </Data>
        <Data name="Layer">
          <value>Layer 4</value>
        </Data>
        <Data name="SubClasses">
          <value>AcDbEntity:AcDbHatch</value>
        </Data>
        <Data name="EntityHandle">
          <value>FF</value>
        </Data>
        <Data name="Text">
          <value>SOLID</value>
        </Data>
        <Data name="description">
        </Data>
      </ExtendedData>
      <Polygon>
        <outerBoundaryIs>
          <LinearRing>
            <tessellate>1</tessellate>
            <coordinates>
              75.02249999999999,15.415597,0 75.02255100000001,15.415533,0 75.022662,15.415616,0 75.02261,15.41568,0 75.02249999999999,15.415597,0
            </coordinates>
          </LinearRing>
        </outerBoundaryIs>
      </Polygon>
    </Placemark>
    <Placemark>
      <name>68</name>
      <description>
        <![CDATA[fid: 67<br>Layer: Layer 4<br>SubClasses: AcDbEntity:AcDbHatch<br>EntityHandle: 101<br>Text: SOLID<br>description:]]>
      </description>
      <styleUrl>#poly-FF0000-1000-0</styleUrl>
      <ExtendedData>
        <Data name="fid">
          <value>67</value>
        </Data>
        <Data name="Layer">
          <value>Layer 4</value>
        </Data>
        <Data name="SubClasses">
          <value>AcDbEntity:AcDbHatch</value>
        </Data>
        <Data name="EntityHandle">
          <value>101</value>
        </Data>
        <Data name="Text">
          <value>SOLID</value>
        </Data>
        <Data name="description">
        </Data>
      </ExtendedData>
      <Polygon>
        <outerBoundaryIs>
          <LinearRing>
            <tessellate>1</tessellate>
            <coordinates>
              75.02255599999999,15.415747,0 75.022445,15.415665,0 75.02249999999999,15.415597,0 75.02261,15.41568,0 75.02255599999999,15.415747,0
            </coordinates>
          </LinearRing>
        </outerBoundaryIs>
      </Polygon>
    </Placemark>
    <Placemark>
      <name>69</name>
      <description>
        <![CDATA[fid: 68<br>Layer: Layer 4<br>SubClasses: AcDbEntity:AcDbHatch<br>EntityHandle: 103<br>Text: SOLID<br>description:]]>
      </description>
      <styleUrl>#poly-FF0000-1000-0</styleUrl>
      <ExtendedData>
        <Data name="fid">
          <value>68</value>
        </Data>
        <Data name="Layer">
          <value>Layer 4</value>
        </Data>
        <Data name="SubClasses">
          <value>AcDbEntity:AcDbHatch</value>
        </Data>
        <Data name="EntityHandle">
          <value>103</value>
        </Data>
        <Data name="Text">
          <value>SOLID</value>
        </Data>
        <Data name="description">
        </Data>
      </ExtendedData>
      <Polygon>
        <outerBoundaryIs>
          <LinearRing>
            <tessellate>1</tessellate>
            <coordinates>
              75.02267000000001,15.41583,0 75.02255599999999,15.415747,0 75.02261,15.41568,0 75.022722,15.415765,0 75.02267000000001,15.41583,0
            </coordinates>
          </LinearRing>
        </outerBoundaryIs>
      </Polygon>
    </Placemark>
    <Placemark>
      <name>70</name>
      <description>
        <![CDATA[fid: 69<br>Layer: Layer 4<br>SubClasses: AcDbEntity:AcDbHatch<br>EntityHandle: 105<br>Text: SOLID<br>description:]]>
      </description>
      <styleUrl>#poly-FF0000-1000-0</styleUrl>
      <ExtendedData>
        <Data name="fid">
          <value>69</value>
        </Data>
        <Data name="Layer">
          <value>Layer 4</value>
        </Data>
        <Data name="SubClasses">
          <value>AcDbEntity:AcDbHatch</value>
        </Data>
        <Data name="EntityHandle">
          <value>105</value>
        </Data>
        <Data name="Text">
          <value>SOLID</value>
        </Data>
        <Data name="description">
        </Data>
      </ExtendedData>
      <Polygon>
        <outerBoundaryIs>
          <LinearRing>
            <tessellate>1</tessellate>
            <coordinates>
              75.022774,15.415701,0 75.022722,15.415765,0 75.02261,15.41568,0 75.022662,15.415616,0 75.022774,15.415701,0
            </coordinates>
          </LinearRing>
        </outerBoundaryIs>
      </Polygon>
    </Placemark>
    <Placemark>
      <name>71</name>
      <description>
        <![CDATA[fid: 70<br>Layer: Layer 4<br>SubClasses: AcDbEntity:AcDbHatch<br>EntityHandle: 107<br>Text: SOLID<br>description:]]>
      </description>
      <styleUrl>#poly-FF0000-1000-0</styleUrl>
      <ExtendedData>
        <Data name="fid">
          <value>70</value>
        </Data>
        <Data name="Layer">
          <value>Layer 4</value>
        </Data>
        <Data name="SubClasses">
          <value>AcDbEntity:AcDbHatch</value>
        </Data>
        <Data name="EntityHandle">
          <value>107</value>
        </Data>
        <Data name="Text">
          <value>SOLID</value>
        </Data>
        <Data name="description">
        </Data>
      </ExtendedData>
      <Polygon>
        <outerBoundaryIs>
          <LinearRing>
            <tessellate>1</tessellate>
            <coordinates>
              75.022774,15.415701,0 75.022662,15.415616,0 75.022713,15.415552,0 75.02282599999999,15.415636,0 75.022774,15.415701,0
            </coordinates>
          </LinearRing>
        </outerBoundaryIs>
      </Polygon>
    </Placemark>
    <Placemark>
      <name>72</name>
      <description>
        <![CDATA[fid: 71<br>Layer: Layer 4<br>SubClasses: AcDbEntity:AcDbHatch<br>EntityHandle: 109<br>Text: SOLID<br>description:]]>
      </description>
      <styleUrl>#poly-FF0000-1000-0</styleUrl>
      <ExtendedData>
        <Data name="fid">
          <value>71</value>
        </Data>
        <Data name="Layer">
          <value>Layer 4</value>
        </Data>
        <Data name="SubClasses">
          <value>AcDbEntity:AcDbHatch</value>
        </Data>
        <Data name="EntityHandle">
          <value>109</value>
        </Data>
        <Data name="Text">
          <value>SOLID</value>
        </Data>
        <Data name="description">
        </Data>
      </ExtendedData>
      <Polygon>
        <outerBoundaryIs>
          <LinearRing>
            <tessellate>1</tessellate>
            <coordinates>
              75.02282599999999,15.415636,0 75.022713,15.415552,0 75.022766,15.415487,0 75.02287800000001,15.415572,0 75.02282599999999,15.415636,0
            </coordinates>
          </LinearRing>
        </outerBoundaryIs>
      </Polygon>
    </Placemark>
    <Placemark>
      <name>73</name>
      <description>
        <![CDATA[fid: 72<br>Layer: Layer 4<br>SubClasses: AcDbEntity:AcDbHatch<br>EntityHandle: 10B<br>Text: SOLID<br>description:]]>
      </description>
      <styleUrl>#poly-FF0000-1000-0</styleUrl>
      <ExtendedData>
        <Data name="fid">
          <value>72</value>
        </Data>
        <Data name="Layer">
          <value>Layer 4</value>
        </Data>
        <Data name="SubClasses">
          <value>AcDbEntity:AcDbHatch</value>
        </Data>
        <Data name="EntityHandle">
          <value>10B</value>
        </Data>
        <Data name="Text">
          <value>SOLID</value>
        </Data>
        <Data name="description">
        </Data>
      </ExtendedData>
      <Polygon>
        <outerBoundaryIs>
          <LinearRing>
            <tessellate>1</tessellate>
            <coordinates>
              75.02287800000001,15.415572,0 75.022766,15.415487,0 75.022817,15.415424,0 75.02293,15.415507,0 75.02287800000001,15.415572,0
            </coordinates>
          </LinearRing>
        </outerBoundaryIs>
      </Polygon>
    </Placemark>
    <Placemark>
      <name>74</name>
      <description>
        <![CDATA[fid: 73<br>Layer: Layer 4<br>SubClasses: AcDbEntity:AcDbHatch<br>EntityHandle: 10D<br>Text: SOLID<br>description:]]>
      </description>
      <styleUrl>#poly-FF0000-1000-0</styleUrl>
      <ExtendedData>
        <Data name="fid">
          <value>73</value>
        </Data>
        <Data name="Layer">
          <value>Layer 4</value>
        </Data>
        <Data name="SubClasses">
          <value>AcDbEntity:AcDbHatch</value>
        </Data>
        <Data name="EntityHandle">
          <value>10D</value>
        </Data>
        <Data name="Text">
          <value>SOLID</value>
        </Data>
        <Data name="description">
        </Data>
      </ExtendedData>
      <Polygon>
        <outerBoundaryIs>
          <LinearRing>
            <tessellate>1</tessellate>
            <coordinates>
              75.02293,15.415507,0 75.022817,15.415424,0 75.022869,15.415359,0 75.022982,15.415442,0 75.02293,15.415507,0
            </coordinates>
          </LinearRing>
        </outerBoundaryIs>
      </Polygon>
    </Placemark>
    <Placemark>
      <name>75</name>
      <description>
        <![CDATA[fid: 74<br>Layer: Layer 4<br>SubClasses: AcDbEntity:AcDbHatch<br>EntityHandle: 10F<br>Text: SOLID<br>description:]]>
      </description>
      <styleUrl>#poly-FF0000-1000-0</styleUrl>
      <ExtendedData>
        <Data name="fid">
          <value>74</value>
        </Data>
        <Data name="Layer">
          <value>Layer 4</value>
        </Data>
        <Data name="SubClasses">
          <value>AcDbEntity:AcDbHatch</value>
        </Data>
        <Data name="EntityHandle">
          <value>10F</value>
        </Data>
        <Data name="Text">
          <value>SOLID</value>
        </Data>
        <Data name="description">
        </Data>
      </ExtendedData>
      <Polygon>
        <outerBoundaryIs>
          <LinearRing>
            <tessellate>1</tessellate>
            <coordinates>
              75.022982,15.415442,0 75.022869,15.415359,0 75.02292199999999,15.415293,0 75.023034,15.415377,0 75.022982,15.415442,0
            </coordinates>
          </LinearRing>
        </outerBoundaryIs>
      </Polygon>
    </Placemark>
    <Placemark>
      <name>76</name>
      <description>
        <![CDATA[fid: 75<br>Layer: Layer 4<br>SubClasses: AcDbEntity:AcDbHatch<br>EntityHandle: 111<br>Text: SOLID<br>description:]]>
      </description>
      <styleUrl>#poly-FF0000-1000-0</styleUrl>
      <ExtendedData>
        <Data name="fid">
          <value>75</value>
        </Data>
        <Data name="Layer">
          <value>Layer 4</value>
        </Data>
        <Data name="SubClasses">
          <value>AcDbEntity:AcDbHatch</value>
        </Data>
        <Data name="EntityHandle">
          <value>111</value>
        </Data>
        <Data name="Text">
          <value>SOLID</value>
        </Data>
        <Data name="description">
        </Data>
      </ExtendedData>
      <Polygon>
        <outerBoundaryIs>
          <LinearRing>
            <tessellate>1</tessellate>
            <coordinates>
              75.023034,15.415377,0 75.02292199999999,15.415293,0 75.022974,15.415228,0 75.023087,15.415312,0 75.023034,15.415377,0
            </coordinates>
          </LinearRing>
        </outerBoundaryIs>
      </Polygon>
    </Placemark>
    <Placemark>
      <name>77</name>
      <description>
        <![CDATA[fid: 76<br>Layer: Layer 4<br>SubClasses: AcDbEntity:AcDbHatch<br>EntityHandle: 113<br>Text: SOLID<br>description:]]>
      </description>
      <styleUrl>#poly-FF0000-1000-0</styleUrl>
      <ExtendedData>
        <Data name="fid">
          <value>76</value>
        </Data>
        <Data name="Layer">
          <value>Layer 4</value>
        </Data>
        <Data name="SubClasses">
          <value>AcDbEntity:AcDbHatch</value>
        </Data>
        <Data name="EntityHandle">
          <value>113</value>
        </Data>
        <Data name="Text">
          <value>SOLID</value>
        </Data>
        <Data name="description">
        </Data>
      </ExtendedData>
      <Polygon>
        <outerBoundaryIs>
          <LinearRing>
            <tessellate>1</tessellate>
            <coordinates>
              75.023087,15.415312,0 75.022974,15.415228,0 75.023027,15.415162,0 75.02314,15.415246,0 75.023087,15.415312,0
            </coordinates>
          </LinearRing>
        </outerBoundaryIs>
      </Polygon>
    </Placemark>
    <Placemark>
      <name>78</name>
      <description>
        <![CDATA[fid: 77<br>Layer: Layer 4<br>SubClasses: AcDbEntity:AcDbHatch<br>EntityHandle: 115<br>Text: SOLID<br>description:]]>
      </description>
      <styleUrl>#poly-FF0000-1000-0</styleUrl>
      <ExtendedData>
        <Data name="fid">
          <value>77</value>
        </Data>
        <Data name="Layer">
          <value>Layer 4</value>
        </Data>
        <Data name="SubClasses">
          <value>AcDbEntity:AcDbHatch</value>
        </Data>
        <Data name="EntityHandle">
          <value>115</value>
        </Data>
        <Data name="Text">
          <value>SOLID</value>
        </Data>
        <Data name="description">
        </Data>
      </ExtendedData>
      <Polygon>
        <outerBoundaryIs>
          <LinearRing>
            <tessellate>1</tessellate>
            <coordinates>
              75.02314,15.415246,0 75.023027,15.415162,0 75.023079,15.415098,0 75.02319199999999,15.415181,0 75.02314,15.415246,0
            </coordinates>
          </LinearRing>
        </outerBoundaryIs>
      </Polygon>
    </Placemark>
    <Placemark>
      <name>79</name>
      <description>
        <![CDATA[fid: 78<br>Layer: Layer 4<br>SubClasses: AcDbEntity:AcDbHatch<br>EntityHandle: 117<br>Text: SOLID<br>description:]]>
      </description>
      <styleUrl>#poly-FF0000-1000-0</styleUrl>
      <ExtendedData>
        <Data name="fid">
          <value>78</value>
        </Data>
        <Data name="Layer">
          <value>Layer 4</value>
        </Data>
        <Data name="SubClasses">
          <value>AcDbEntity:AcDbHatch</value>
        </Data>
        <Data name="EntityHandle">
          <value>117</value>
        </Data>
        <Data name="Text">
          <value>SOLID</value>
        </Data>
        <Data name="description">
        </Data>
      </ExtendedData>
      <Polygon>
        <outerBoundaryIs>
          <LinearRing>
            <tessellate>1</tessellate>
            <coordinates>
              75.02319199999999,15.415181,0 75.023079,15.415098,0 75.023174,15.41498,0 75.023278,15.415073,0 75.02319199999999,15.415181,0
            </coordinates>
          </LinearRing>
        </outerBoundaryIs>
      </Polygon>
    </Placemark>
    <Placemark>
      <name>80</name>
      <description>
        <![CDATA[fid: 79<br>Layer: Layer 4<br>SubClasses: AcDbEntity:AcDbHatch<br>EntityHandle: 119<br>Text: SOLID<br>description:]]>
      </description>
      <styleUrl>#poly-FF0000-1000-0</styleUrl>
      <ExtendedData>
        <Data name="fid">
          <value>79</value>
        </Data>
        <Data name="Layer">
          <value>Layer 4</value>
        </Data>
        <Data name="SubClasses">
          <value>AcDbEntity:AcDbHatch</value>
        </Data>
        <Data name="EntityHandle">
          <value>119</value>
        </Data>
        <Data name="Text">
          <value>SOLID</value>
        </Data>
        <Data name="description">
        </Data>
      </ExtendedData>
      <Polygon>
        <outerBoundaryIs>
          <LinearRing>
            <tessellate>1</tessellate>
            <coordinates>
              75.023364,15.415372,0 75.023228,15.415273,0 75.023343,15.41513,0 75.02346799999999,15.415242,0 75.023364,15.415372,0
            </coordinates>
          </LinearRing>
        </outerBoundaryIs>
      </Polygon>
    </Placemark>
    <Placemark>
      <name>81</name>
      <description>
        <![CDATA[fid: 80<br>Layer: Layer 4<br>SubClasses: AcDbEntity:AcDbHatch<br>EntityHandle: 11B<br>Text: SOLID<br>description:]]>
      </description>
      <styleUrl>#poly-FF0000-1000-0</styleUrl>
      <ExtendedData>
        <Data name="fid">
          <value>80</value>
        </Data>
        <Data name="Layer">
          <value>Layer 4</value>
        </Data>
        <Data name="SubClasses">
          <value>AcDbEntity:AcDbHatch</value>
        </Data>
        <Data name="EntityHandle">
          <value>11B</value>
        </Data>
        <Data name="Text">
          <value>SOLID</value>
        </Data>
        <Data name="description">
        </Data>
      </ExtendedData>
      <Polygon>
        <outerBoundaryIs>
          <LinearRing>
            <tessellate>1</tessellate>
            <coordinates>
              75.023158,15.41536,0 75.023228,15.415273,0 75.023364,15.415372,0 75.02329400000001,15.415459,0 75.023158,15.41536,0
            </coordinates>
          </LinearRing>
        </outerBoundaryIs>
      </Polygon>
    </Placemark>
    <Placemark>
      <name>82</name>
      <description>
        <![CDATA[fid: 81<br>Layer: Layer 4<br>SubClasses: AcDbEntity:AcDbHatch<br>EntityHandle: 11D<br>Text: SOLID<br>description:]]>
      </description>
      <styleUrl>#poly-FF0000-1000-0</styleUrl>
      <ExtendedData>
        <Data name="fid">
          <value>81</value>
        </Data>
        <Data name="Layer">
          <value>Layer 4</value>
        </Data>
        <Data name="SubClasses">
          <value>AcDbEntity:AcDbHatch</value>
        </Data>
        <Data name="EntityHandle">
          <value>11D</value>
        </Data>
        <Data name="Text">
          <value>SOLID</value>
        </Data>
        <Data name="description">
        </Data>
      </ExtendedData>
      <Polygon>
        <outerBoundaryIs>
          <LinearRing>
            <tessellate>1</tessellate>
            <coordinates>
              75.023087,15.415449,0 75.023158,15.41536,0 75.02329400000001,15.415459,0 75.023223,15.415548,0 75.023087,15.415449,0
            </coordinates>
          </LinearRing>
        </outerBoundaryIs>
      </Polygon>
    </Placemark>
    <Placemark>
      <name>83</name>
      <description>
        <![CDATA[fid: 82<br>Layer: Layer 4<br>SubClasses: AcDbEntity:AcDbHatch<br>EntityHandle: 11F<br>Text: SOLID<br>description:]]>
      </description>
      <styleUrl>#poly-FF0000-1000-0</styleUrl>
      <ExtendedData>
        <Data name="fid">
          <value>82</value>
        </Data>
        <Data name="Layer">
          <value>Layer 4</value>
        </Data>
        <Data name="SubClasses">
          <value>AcDbEntity:AcDbHatch</value>
        </Data>
        <Data name="EntityHandle">
          <value>11F</value>
        </Data>
        <Data name="Text">
          <value>SOLID</value>
        </Data>
        <Data name="description">
        </Data>
      </ExtendedData>
      <Polygon>
        <outerBoundaryIs>
          <LinearRing>
            <tessellate>1</tessellate>
            <coordinates>
              75.02315299999999,15.415634,0 75.023017,15.415535,0 75.023087,15.415449,0 75.023223,15.415548,0 75.02315299999999,15.415634,0
            </coordinates>
          </LinearRing>
        </outerBoundaryIs>
      </Polygon>
    </Placemark>
    <Placemark>
      <name>84</name>
      <description>
        <![CDATA[fid: 83<br>Layer: Layer 4<br>SubClasses: AcDbEntity:AcDbHatch<br>EntityHandle: 121<br>Text: SOLID<br>description:]]>
      </description>
      <styleUrl>#poly-FF0000-1000-0</styleUrl>
      <ExtendedData>
        <Data name="fid">
          <value>83</value>
        </Data>
        <Data name="Layer">
          <value>Layer 4</value>
        </Data>
        <Data name="SubClasses">
          <value>AcDbEntity:AcDbHatch</value>
        </Data>
        <Data name="EntityHandle">
          <value>121</value>
        </Data>
        <Data name="Text">
          <value>SOLID</value>
        </Data>
        <Data name="description">
        </Data>
      </ExtendedData>
      <Polygon>
        <outerBoundaryIs>
          <LinearRing>
            <tessellate>1</tessellate>
            <coordinates>
              75.022948,15.415621,0 75.023017,15.415535,0 75.02315299999999,15.415634,0 75.023084,15.41572,0 75.022948,15.415621,0
            </coordinates>
          </LinearRing>
        </outerBoundaryIs>
      </Polygon>
    </Placemark>
    <Placemark>
      <name>85</name>
      <description>
        <![CDATA[fid: 84<br>Layer: Layer 4<br>SubClasses: AcDbEntity:AcDbHatch<br>EntityHandle: 123<br>Text: SOLID<br>description:]]>
      </description>
      <styleUrl>#poly-FF0000-1000-0</styleUrl>
      <ExtendedData>
        <Data name="fid">
          <value>84</value>
        </Data>
        <Data name="Layer">
          <value>Layer 4</value>
        </Data>
        <Data name="SubClasses">
          <value>AcDbEntity:AcDbHatch</value>
        </Data>
        <Data name="EntityHandle">
          <value>123</value>
        </Data>
        <Data name="Text">
          <value>SOLID</value>
        </Data>
        <Data name="description">
        </Data>
      </ExtendedData>
      <Polygon>
        <outerBoundaryIs>
          <LinearRing>
            <tessellate>1</tessellate>
            <coordinates>
              75.022879,15.415708,0 75.022948,15.415621,0 75.023084,15.41572,0 75.023015,15.415806,0 75.022879,15.415708,0
            </coordinates>
          </LinearRing>
        </outerBoundaryIs>
      </Polygon>
    </Placemark>
    <Placemark>
      <name>86</name>
      <description>
        <![CDATA[fid: 85<br>Layer: Layer 4<br>SubClasses: AcDbEntity:AcDbHatch<br>EntityHandle: 125<br>Text: SOLID<br>description:]]>
      </description>
      <styleUrl>#poly-FF0000-1000-0</styleUrl>
      <ExtendedData>
        <Data name="fid">
          <value>85</value>
        </Data>
        <Data name="Layer">
          <value>Layer 4</value>
        </Data>
        <Data name="SubClasses">
          <value>AcDbEntity:AcDbHatch</value>
        </Data>
        <Data name="EntityHandle">
          <value>125</value>
        </Data>
        <Data name="Text">
          <value>SOLID</value>
        </Data>
        <Data name="description">
        </Data>
      </ExtendedData>
      <Polygon>
        <outerBoundaryIs>
          <LinearRing>
            <tessellate>1</tessellate>
            <coordinates>
              75.022809,15.415795,0 75.022879,15.415708,0 75.023015,15.415806,0 75.02294500000001,15.415893,0 75.022809,15.415795,0
            </coordinates>
          </LinearRing>
        </outerBoundaryIs>
      </Polygon>
    </Placemark>
    <Placemark>
      <name>87</name>
      <description>
        <![CDATA[fid: 86<br>Layer: Layer 4<br>SubClasses: AcDbEntity:AcDbHatch<br>EntityHandle: 127<br>Text: SOLID<br>description:]]>
      </description>
      <styleUrl>#poly-FF0000-1000-0</styleUrl>
      <ExtendedData>
        <Data name="fid">
          <value>86</value>
        </Data>
        <Data name="Layer">
          <value>Layer 4</value>
        </Data>
        <Data name="SubClasses">
          <value>AcDbEntity:AcDbHatch</value>
        </Data>
        <Data name="EntityHandle">
          <value>127</value>
        </Data>
        <Data name="Text">
          <value>SOLID</value>
        </Data>
        <Data name="description">
        </Data>
      </ExtendedData>
      <Polygon>
        <outerBoundaryIs>
          <LinearRing>
            <tessellate>1</tessellate>
            <coordinates>
              75.022876,15.415979,0 75.02274,15.41588,0 75.022809,15.415795,0 75.02294500000001,15.415893,0 75.022876,15.415979,0
            </coordinates>
          </LinearRing>
        </outerBoundaryIs>
      </Polygon>
    </Placemark>
    <Placemark>
      <name>88</name>
      <description>
        <![CDATA[fid: 87<br>Layer: Layer 4<br>SubClasses: AcDbEntity:AcDbHatch<br>EntityHandle: 129<br>Text: SOLID<br>description:]]>
      </description>
      <styleUrl>#poly-FF0000-1000-0</styleUrl>
      <ExtendedData>
        <Data name="fid">
          <value>87</value>
        </Data>
        <Data name="Layer">
          <value>Layer 4</value>
        </Data>
        <Data name="SubClasses">
          <value>AcDbEntity:AcDbHatch</value>
        </Data>
        <Data name="EntityHandle">
          <value>129</value>
        </Data>
        <Data name="Text">
          <value>SOLID</value>
        </Data>
        <Data name="description">
        </Data>
      </ExtendedData>
      <Polygon>
        <outerBoundaryIs>
          <LinearRing>
            <tessellate>1</tessellate>
            <coordinates>
              75.023011,15.416077,0 75.022876,15.415979,0 75.02294500000001,15.415893,0 75.02307999999999,15.415991,0 75.023011,15.416077,0
            </coordinates>
          </LinearRing>
        </outerBoundaryIs>
      </Polygon>
    </Placemark>
    <Placemark>
      <name>90</name>
      <description>
        <![CDATA[fid: 88<br>Layer: Layer 4<br>SubClasses: AcDbEntity:AcDbHatch<br>EntityHandle: 12B<br>Text: SOLID<br>description:]]>
      </description>
      <styleUrl>#poly-FF0000-1000-0</styleUrl>
      <ExtendedData>
        <Data name="fid">
          <value>88</value>
        </Data>
        <Data name="Layer">
          <value>Layer 4</value>
        </Data>
        <Data name="SubClasses">
          <value>AcDbEntity:AcDbHatch</value>
        </Data>
        <Data name="EntityHandle">
          <value>12B</value>
        </Data>
        <Data name="Text">
          <value>SOLID</value>
        </Data>
        <Data name="description">
        </Data>
      </ExtendedData>
      <Polygon>
        <outerBoundaryIs>
          <LinearRing>
            <tessellate>1</tessellate>
            <coordinates>
              75.02315,15.415904,0 75.02307999999999,15.415991,0 75.02294500000001,15.415893,0 75.023015,15.415806,0 75.02315,15.415904,0
            </coordinates>
          </LinearRing>
        </outerBoundaryIs>
      </Polygon>
    </Placemark>
    <Placemark>
      <name>91</name>
      <description>
        <![CDATA[fid: 89<br>Layer: Layer 4<br>SubClasses: AcDbEntity:AcDbHatch<br>EntityHandle: 12D<br>Text: SOLID<br>description:]]>
      </description>
      <styleUrl>#poly-FF0000-1000-0</styleUrl>
      <ExtendedData>
        <Data name="fid">
          <value>89</value>
        </Data>
        <Data name="Layer">
          <value>Layer 4</value>
        </Data>
        <Data name="SubClasses">
          <value>AcDbEntity:AcDbHatch</value>
        </Data>
        <Data name="EntityHandle">
          <value>12D</value>
        </Data>
        <Data name="Text">
          <value>SOLID</value>
        </Data>
        <Data name="description">
        </Data>
      </ExtendedData>
      <Polygon>
        <outerBoundaryIs>
          <LinearRing>
            <tessellate>1</tessellate>
            <coordinates>
              75.02315,15.415904,0 75.023015,15.415806,0 75.023084,15.41572,0 75.023219,15.415818,0 75.02315,15.415904,0
            </coordinates>
          </LinearRing>
        </outerBoundaryIs>
      </Polygon>
    </Placemark>
    <Placemark>
      <name>92</name>
      <description>
        <![CDATA[fid: 90<br>Layer: Layer 4<br>SubClasses: AcDbEntity:AcDbHatch<br>EntityHandle: 12F<br>Text: SOLID<br>description:]]>
      </description>
      <styleUrl>#poly-FF0000-1000-0</styleUrl>
      <ExtendedData>
        <Data name="fid">
          <value>90</value>
        </Data>
        <Data name="Layer">
          <value>Layer 4</value>
        </Data>
        <Data name="SubClasses">
          <value>AcDbEntity:AcDbHatch</value>
        </Data>
        <Data name="EntityHandle">
          <value>12F</value>
        </Data>
        <Data name="Text">
          <value>SOLID</value>
        </Data>
        <Data name="description">
        </Data>
      </ExtendedData>
      <Polygon>
        <outerBoundaryIs>
          <LinearRing>
            <tessellate>1</tessellate>
            <coordinates>
              75.02328799999999,15.415732,0 75.023219,15.415818,0 75.023084,15.41572,0 75.02315299999999,15.415634,0 75.02328799999999,15.415732,0
            </coordinates>
          </LinearRing>
        </outerBoundaryIs>
      </Polygon>
    </Placemark>
    <Placemark>
      <name>93</name>
      <description>
        <![CDATA[fid: 91<br>Layer: Layer 4<br>SubClasses: AcDbEntity:AcDbHatch<br>EntityHandle: 131<br>Text: SOLID<br>description:]]>
      </description>
      <styleUrl>#poly-FF0000-1000-0</styleUrl>
      <ExtendedData>
        <Data name="fid">
          <value>91</value>
        </Data>
        <Data name="Layer">
          <value>Layer 4</value>
        </Data>
        <Data name="SubClasses">
          <value>AcDbEntity:AcDbHatch</value>
        </Data>
        <Data name="EntityHandle">
          <value>131</value>
        </Data>
        <Data name="Text">
          <value>SOLID</value>
        </Data>
        <Data name="description">
        </Data>
      </ExtendedData>
      <Polygon>
        <outerBoundaryIs>
          <LinearRing>
            <tessellate>1</tessellate>
            <coordinates>
              75.02328799999999,15.415732,0 75.02315299999999,15.415634,0 75.023223,15.415548,0 75.023358,15.415646,0 75.02328799999999,15.415732,0
            </coordinates>
          </LinearRing>
        </outerBoundaryIs>
      </Polygon>
    </Placemark>
    <Placemark>
      <name>94</name>
      <description>
        <![CDATA[fid: 92<br>Layer: Layer 4<br>SubClasses: AcDbEntity:AcDbHatch<br>EntityHandle: 133<br>Text: SOLID<br>description:]]>
      </description>
      <styleUrl>#poly-FF0000-1000-0</styleUrl>
      <ExtendedData>
        <Data name="fid">
          <value>92</value>
        </Data>
        <Data name="Layer">
          <value>Layer 4</value>
        </Data>
        <Data name="SubClasses">
          <value>AcDbEntity:AcDbHatch</value>
        </Data>
        <Data name="EntityHandle">
          <value>133</value>
        </Data>
        <Data name="Text">
          <value>SOLID</value>
        </Data>
        <Data name="description">
        </Data>
      </ExtendedData>
      <Polygon>
        <outerBoundaryIs>
          <LinearRing>
            <tessellate>1</tessellate>
            <coordinates>
              75.023358,15.415646,0 75.023223,15.415548,0 75.02329400000001,15.415459,0 75.02342899999999,15.415558,0 75.023358,15.415646,0
            </coordinates>
          </LinearRing>
        </outerBoundaryIs>
      </Polygon>
    </Placemark>
    <Placemark>
      <name>95</name>
      <description>
        <![CDATA[fid: 93<br>Layer: Layer 4<br>SubClasses: AcDbEntity:AcDbHatch<br>EntityHandle: 135<br>Text: SOLID<br>description:]]>
      </description>
      <styleUrl>#poly-FF0000-1000-0</styleUrl>
      <ExtendedData>
        <Data name="fid">
          <value>93</value>
        </Data>
        <Data name="Layer">
          <value>Layer 4</value>
        </Data>
        <Data name="SubClasses">
          <value>AcDbEntity:AcDbHatch</value>
        </Data>
        <Data name="EntityHandle">
          <value>135</value>
        </Data>
        <Data name="Text">
          <value>SOLID</value>
        </Data>
        <Data name="description">
        </Data>
      </ExtendedData>
      <Polygon>
        <outerBoundaryIs>
          <LinearRing>
            <tessellate>1</tessellate>
            <coordinates>
              75.02342899999999,15.415558,0 75.02329400000001,15.415459,0 75.023364,15.415372,0 75.023499,15.415471,0 75.02342899999999,15.415558,0
            </coordinates>
          </LinearRing>
        </outerBoundaryIs>
      </Polygon>
    </Placemark>
    <Placemark>
      <name>96</name>
      <description>
        <![CDATA[fid: 94<br>Layer: Layer 4<br>SubClasses: AcDbEntity:AcDbHatch<br>EntityHandle: 137<br>Text: SOLID<br>description:]]>
      </description>
      <styleUrl>#poly-FF0000-1000-0</styleUrl>
      <ExtendedData>
        <Data name="fid">
          <value>94</value>
        </Data>
        <Data name="Layer">
          <value>Layer 4</value>
        </Data>
        <Data name="SubClasses">
          <value>AcDbEntity:AcDbHatch</value>
        </Data>
        <Data name="EntityHandle">
          <value>137</value>
        </Data>
        <Data name="Text">
          <value>SOLID</value>
        </Data>
        <Data name="description">
        </Data>
      </ExtendedData>
      <Polygon>
        <outerBoundaryIs>
          <LinearRing>
            <tessellate>1</tessellate>
            <coordinates>
              75.023499,15.415471,0 75.023364,15.415372,0 75.02346799999999,15.415242,0 75.02359300000001,15.415353,0 75.023499,15.415471,0
            </coordinates>
          </LinearRing>
        </outerBoundaryIs>
      </Polygon>
    </Placemark>
    <Placemark>
      <name>98</name>
      <description>
        <![CDATA[fid: 95<br>Layer: Layer 4<br>SubClasses: AcDbEntity:AcDbHatch<br>EntityHandle: 139<br>Text: SOLID<br>description:]]>
      </description>
      <styleUrl>#poly-FF0000-1000-0</styleUrl>
      <ExtendedData>
        <Data name="fid">
          <value>95</value>
        </Data>
        <Data name="Layer">
          <value>Layer 4</value>
        </Data>
        <Data name="SubClasses">
          <value>AcDbEntity:AcDbHatch</value>
        </Data>
        <Data name="EntityHandle">
          <value>139</value>
        </Data>
        <Data name="Text">
          <value>SOLID</value>
        </Data>
        <Data name="description">
        </Data>
      </ExtendedData>
      <Polygon>
        <outerBoundaryIs>
          <LinearRing>
            <tessellate>1</tessellate>
            <coordinates>
              75.02387400000001,15.415454,0 75.023726,15.415323,0 75.023825,15.415201,0 75.024011,15.415338,0 75.02387400000001,15.415454,0
            </coordinates>
          </LinearRing>
        </outerBoundaryIs>
      </Polygon>
    </Placemark>
    <Placemark>
      <name>99</name>
      <description>
        <![CDATA[fid: 96<br>Layer: Layer 4<br>SubClasses: AcDbEntity:AcDbHatch<br>EntityHandle: 13B<br>Text: SOLID<br>description:]]>
      </description>
      <styleUrl>#poly-FF0000-1000-0</styleUrl>
      <ExtendedData>
        <Data name="fid">
          <value>96</value>
        </Data>
        <Data name="Layer">
          <value>Layer 4</value>
        </Data>
        <Data name="SubClasses">
          <value>AcDbEntity:AcDbHatch</value>
        </Data>
        <Data name="EntityHandle">
          <value>13B</value>
        </Data>
        <Data name="Text">
          <value>SOLID</value>
        </Data>
        <Data name="description">
        </Data>
      </ExtendedData>
      <Polygon>
        <outerBoundaryIs>
          <LinearRing>
            <tessellate>1</tessellate>
            <coordinates>
              75.024011,15.415338,0 75.023825,15.415201,0 75.023914,15.415092,0 75.02412200000001,15.415246,0 75.024011,15.415338,0
            </coordinates>
          </LinearRing>
        </outerBoundaryIs>
      </Polygon>
    </Placemark>
    <Placemark>
      <name>100</name>
      <description>
        <![CDATA[fid: 97<br>Layer: Layer 4<br>SubClasses: AcDbEntity:AcDbHatch<br>EntityHandle: 13D<br>Text: SOLID<br>description:]]>
      </description>
      <styleUrl>#poly-FF0000-1000-0</styleUrl>
      <ExtendedData>
        <Data name="fid">
          <value>97</value>
        </Data>
        <Data name="Layer">
          <value>Layer 4</value>
        </Data>
        <Data name="SubClasses">
          <value>AcDbEntity:AcDbHatch</value>
        </Data>
        <Data name="EntityHandle">
          <value>13D</value>
        </Data>
        <Data name="Text">
          <value>SOLID</value>
        </Data>
        <Data name="description">
        </Data>
      </ExtendedData>
      <Polygon>
        <outerBoundaryIs>
          <LinearRing>
            <tessellate>1</tessellate>
            <coordinates>
              75.02412200000001,15.415246,0 75.023914,15.415092,0 75.02400299999999,15.414982,0 75.024233,15.415154,0 75.02412200000001,15.415246,0
            </coordinates>
          </LinearRing>
        </outerBoundaryIs>
      </Polygon>
    </Placemark>
    <Placemark>
      <name>101</name>
      <description>
        <![CDATA[fid: 98<br>Layer: Layer 4<br>SubClasses: AcDbEntity:AcDbHatch<br>EntityHandle: 13F<br>Text: SOLID<br>description:]]>
      </description>
      <styleUrl>#poly-FF0000-1000-0</styleUrl>
      <ExtendedData>
        <Data name="fid">
          <value>98</value>
        </Data>
        <Data name="Layer">
          <value>Layer 4</value>
        </Data>
        <Data name="SubClasses">
          <value>AcDbEntity:AcDbHatch</value>
        </Data>
        <Data name="EntityHandle">
          <value>13F</value>
        </Data>
        <Data name="Text">
          <value>SOLID</value>
        </Data>
        <Data name="description">
        </Data>
      </ExtendedData>
      <Polygon>
        <outerBoundaryIs>
          <LinearRing>
            <tessellate>1</tessellate>
            <coordinates>
              75.024233,15.415154,0 75.02400299999999,15.414982,0 75.024091,15.414873,0 75.024344,15.415061,0 75.024233,15.415154,0
            </coordinates>
          </LinearRing>
        </outerBoundaryIs>
      </Polygon>
    </Placemark>
    <Placemark>
      <name>102</name>
      <description>
        <![CDATA[fid: 99<br>Layer: Layer 4<br>SubClasses: AcDbEntity:AcDbHatch<br>EntityHandle: 141<br>Text: SOLID<br>description:]]>
      </description>
      <styleUrl>#poly-FF0000-1000-0</styleUrl>
      <ExtendedData>
        <Data name="fid">
          <value>99</value>
        </Data>
        <Data name="Layer">
          <value>Layer 4</value>
        </Data>
        <Data name="SubClasses">
          <value>AcDbEntity:AcDbHatch</value>
        </Data>
        <Data name="EntityHandle">
          <value>141</value>
        </Data>
        <Data name="Text">
          <value>SOLID</value>
        </Data>
        <Data name="description">
        </Data>
      </ExtendedData>
      <Polygon>
        <outerBoundaryIs>
          <LinearRing>
            <tessellate>1</tessellate>
            <coordinates>
              75.024344,15.415061,0 75.024091,15.414873,0 75.02418,15.414764,0 75.024456,15.414967,0 75.024344,15.415061,0
            </coordinates>
          </LinearRing>
        </outerBoundaryIs>
      </Polygon>
    </Placemark>
    <Placemark>
      <name>103</name>
      <description>
        <![CDATA[fid: 100<br>Layer: Layer 4<br>SubClasses: AcDbEntity:AcDbHatch<br>EntityHandle: 143<br>Text: SOLID<br>description:]]>
      </description>
      <styleUrl>#poly-FF0000-1000-0</styleUrl>
      <ExtendedData>
        <Data name="fid">
          <value>100</value>
        </Data>
        <Data name="Layer">
          <value>Layer 4</value>
        </Data>
        <Data name="SubClasses">
          <value>AcDbEntity:AcDbHatch</value>
        </Data>
        <Data name="EntityHandle">
          <value>143</value>
        </Data>
        <Data name="Text">
          <value>SOLID</value>
        </Data>
        <Data name="description">
        </Data>
      </ExtendedData>
      <Polygon>
        <outerBoundaryIs>
          <LinearRing>
            <tessellate>1</tessellate>
            <coordinates>
              75.024418,15.414763,0 75.024567,15.414874,0 75.024567,15.414875,0 75.024456,15.414967,0 75.02418,15.414764,0 75.02427,15.414653,0 75.024418,15.414763,0
            </coordinates>
          </LinearRing>
        </outerBoundaryIs>
      </Polygon>
    </Placemark>
    <Placemark>
      <name>104</name>
      <description>
        <![CDATA[fid: 101<br>Layer: Layer 4<br>SubClasses: AcDbEntity:AcDbHatch<br>EntityHandle: 145<br>Text: SOLID<br>description:]]>
      </description>
      <styleUrl>#poly-FF0000-1000-0</styleUrl>
      <ExtendedData>
        <Data name="fid">
          <value>101</value>
        </Data>
        <Data name="Layer">
          <value>Layer 4</value>
        </Data>
        <Data name="SubClasses">
          <value>AcDbEntity:AcDbHatch</value>
        </Data>
        <Data name="EntityHandle">
          <value>145</value>
        </Data>
        <Data name="Text">
          <value>SOLID</value>
        </Data>
        <Data name="description">
        </Data>
      </ExtendedData>
      <Polygon>
        <outerBoundaryIs>
          <LinearRing>
            <tessellate>1</tessellate>
            <coordinates>
              75.024418,15.414763,0 75.02427,15.414653,0 75.024349,15.414555,0 75.02449799999999,15.414666,0 75.024418,15.414763,0
            </coordinates>
          </LinearRing>
        </outerBoundaryIs>
      </Polygon>
    </Placemark>
    <Placemark>
      <name>105</name>
      <description>
        <![CDATA[fid: 102<br>Layer: Layer 4<br>SubClasses: AcDbEntity:AcDbHatch<br>EntityHandle: 147<br>Text: SOLID<br>description:]]>
      </description>
      <styleUrl>#poly-FF0000-1000-0</styleUrl>
      <ExtendedData>
        <Data name="fid">
          <value>102</value>
        </Data>
        <Data name="Layer">
          <value>Layer 4</value>
        </Data>
        <Data name="SubClasses">
          <value>AcDbEntity:AcDbHatch</value>
        </Data>
        <Data name="EntityHandle">
          <value>147</value>
        </Data>
        <Data name="Text">
          <value>SOLID</value>
        </Data>
        <Data name="description">
        </Data>
      </ExtendedData>
      <Polygon>
        <outerBoundaryIs>
          <LinearRing>
            <tessellate>1</tessellate>
            <coordinates>
              75.024567,15.414874,0 75.024418,15.414763,0 75.02449799999999,15.414666,0 75.024648,15.414777,0 75.024567,15.414874,0
            </coordinates>
          </LinearRing>
        </outerBoundaryIs>
      </Polygon>
    </Placemark>
    <Placemark>
      <name>106</name>
      <description>
        <![CDATA[fid: 103<br>Layer: Layer 4<br>SubClasses: AcDbEntity:AcDbHatch<br>EntityHandle: 149<br>Text: SOLID<br>description:]]>
      </description>
      <styleUrl>#poly-FF0000-1000-0</styleUrl>
      <ExtendedData>
        <Data name="fid">
          <value>103</value>
        </Data>
        <Data name="Layer">
          <value>Layer 4</value>
        </Data>
        <Data name="SubClasses">
          <value>AcDbEntity:AcDbHatch</value>
        </Data>
        <Data name="EntityHandle">
          <value>149</value>
        </Data>
        <Data name="Text">
          <value>SOLID</value>
        </Data>
        <Data name="description">
        </Data>
      </ExtendedData>
      <Polygon>
        <outerBoundaryIs>
          <LinearRing>
            <tessellate>1</tessellate>
            <coordinates>
              75.024349,15.414555,0 75.024428,15.414458,0 75.02457800000001,15.414569,0 75.02449799999999,15.414666,0 75.024349,15.414555,0
            </coordinates>
          </LinearRing>
        </outerBoundaryIs>
      </Polygon>
    </Placemark>
    <Placemark>
      <name>107</name>
      <description>
        <![CDATA[fid: 104<br>Layer: Layer 4<br>SubClasses: AcDbEntity:AcDbHatch<br>EntityHandle: 14B<br>Text: SOLID<br>description:]]>
      </description>
      <styleUrl>#poly-FF0000-1000-0</styleUrl>
      <ExtendedData>
        <Data name="fid">
          <value>104</value>
        </Data>
        <Data name="Layer">
          <value>Layer 4</value>
        </Data>
        <Data name="SubClasses">
          <value>AcDbEntity:AcDbHatch</value>
        </Data>
        <Data name="EntityHandle">
          <value>14B</value>
        </Data>
        <Data name="Text">
          <value>SOLID</value>
        </Data>
        <Data name="description">
        </Data>
      </ExtendedData>
      <Polygon>
        <outerBoundaryIs>
          <LinearRing>
            <tessellate>1</tessellate>
            <coordinates>
              75.024728,15.414681,0 75.024648,15.414777,0 75.02449799999999,15.414666,0 75.02457800000001,15.414569,0 75.024728,15.414681,0
            </coordinates>
          </LinearRing>
        </outerBoundaryIs>
      </Polygon>
    </Placemark>
    <Placemark>
      <name>108</name>
      <description>
        <![CDATA[fid: 105<br>Layer: Layer 4<br>SubClasses: AcDbEntity:AcDbHatch<br>EntityHandle: 14D<br>Text: SOLID<br>description:]]>
      </description>
      <styleUrl>#poly-FF0000-1000-0</styleUrl>
      <ExtendedData>
        <Data name="fid">
          <value>105</value>
        </Data>
        <Data name="Layer">
          <value>Layer 4</value>
        </Data>
        <Data name="SubClasses">
          <value>AcDbEntity:AcDbHatch</value>
        </Data>
        <Data name="EntityHandle">
          <value>14D</value>
        </Data>
        <Data name="Text">
          <value>SOLID</value>
        </Data>
        <Data name="description">
        </Data>
      </ExtendedData>
      <Polygon>
        <outerBoundaryIs>
          <LinearRing>
            <tessellate>1</tessellate>
            <coordinates>
              75.024829,15.414865,0 75.02474100000001,15.414797,0 75.024795,15.414732,0 75.024883,15.4148,0 75.024829,15.414865,0
            </coordinates>
          </LinearRing>
        </outerBoundaryIs>
      </Polygon>
    </Placemark>
    <Placemark>
      <name>109</name>
      <description>
        <![CDATA[fid: 106<br>Layer: Layer 4<br>SubClasses: AcDbEntity:AcDbHatch<br>EntityHandle: 14F<br>Text: SOLID<br>description:]]>
      </description>
      <styleUrl>#poly-FF0000-1000-0</styleUrl>
      <ExtendedData>
        <Data name="fid">
          <value>106</value>
        </Data>
        <Data name="Layer">
          <value>Layer 4</value>
        </Data>
        <Data name="SubClasses">
          <value>AcDbEntity:AcDbHatch</value>
        </Data>
        <Data name="EntityHandle">
          <value>14F</value>
        </Data>
        <Data name="Text">
          <value>SOLID</value>
        </Data>
        <Data name="description">
        </Data>
      </ExtendedData>
      <Polygon>
        <outerBoundaryIs>
          <LinearRing>
            <tessellate>1</tessellate>
            <coordinates>
              75.02468399999999,15.414866,0 75.02474100000001,15.414797,0 75.024829,15.414865,0 75.024772,15.414932,0 75.02468399999999,15.414866,0
            </coordinates>
          </LinearRing>
        </outerBoundaryIs>
      </Polygon>
    </Placemark>
    <Placemark>
      <name>110</name>
      <description>
        <![CDATA[fid: 107<br>Layer: Layer 4<br>SubClasses: AcDbEntity:AcDbHatch<br>EntityHandle: 151<br>Text: SOLID<br>description:]]>
      </description>
      <styleUrl>#poly-FF0000-1000-0</styleUrl>
      <ExtendedData>
        <Data name="fid">
          <value>107</value>
        </Data>
        <Data name="Layer">
          <value>Layer 4</value>
        </Data>
        <Data name="SubClasses">
          <value>AcDbEntity:AcDbHatch</value>
        </Data>
        <Data name="EntityHandle">
          <value>151</value>
        </Data>
        <Data name="Text">
          <value>SOLID</value>
        </Data>
        <Data name="description">
        </Data>
      </ExtendedData>
      <Polygon>
        <outerBoundaryIs>
          <LinearRing>
            <tessellate>1</tessellate>
            <coordinates>
              75.024716,15.414999,0 75.024631,15.414928,0 75.02468399999999,15.414866,0 75.024772,15.414932,0 75.024716,15.414999,0
            </coordinates>
          </LinearRing>
        </outerBoundaryIs>
      </Polygon>
    </Placemark>
    <Placemark>
      <name>111</name>
      <description>
        <![CDATA[fid: 108<br>Layer: Layer 4<br>SubClasses: AcDbEntity:AcDbHatch<br>EntityHandle: 153<br>Text: SOLID<br>description:]]>
      </description>
      <styleUrl>#poly-FF0000-1000-0</styleUrl>
      <ExtendedData>
        <Data name="fid">
          <value>108</value>
        </Data>
        <Data name="Layer">
          <value>Layer 4</value>
        </Data>
        <Data name="SubClasses">
          <value>AcDbEntity:AcDbHatch</value>
        </Data>
        <Data name="EntityHandle">
          <value>153</value>
        </Data>
        <Data name="Text">
          <value>SOLID</value>
        </Data>
        <Data name="description">
        </Data>
      </ExtendedData>
      <Polygon>
        <outerBoundaryIs>
          <LinearRing>
            <tessellate>1</tessellate>
            <coordinates>
              75.024801,15.41507,0 75.024716,15.414999,0 75.024772,15.414932,0 75.024861,15.414999,0 75.024801,15.41507,0
            </coordinates>
          </LinearRing>
        </outerBoundaryIs>
      </Polygon>
    </Placemark>
    <Placemark>
      <name>112</name>
      <description>
        <![CDATA[fid: 109<br>Layer: Layer 4<br>SubClasses: AcDbEntity:AcDbHatch<br>EntityHandle: 155<br>Text: SOLID<br>description:]]>
      </description>
      <styleUrl>#poly-FF0000-1000-0</styleUrl>
      <ExtendedData>
        <Data name="fid">
          <value>109</value>
        </Data>
        <Data name="Layer">
          <value>Layer 4</value>
        </Data>
        <Data name="SubClasses">
          <value>AcDbEntity:AcDbHatch</value>
        </Data>
        <Data name="EntityHandle">
          <value>155</value>
        </Data>
        <Data name="Text">
          <value>SOLID</value>
        </Data>
        <Data name="description">
        </Data>
      </ExtendedData>
      <Polygon>
        <outerBoundaryIs>
          <LinearRing>
            <tessellate>1</tessellate>
            <coordinates>
              75.02491499999999,15.414933,0 75.024861,15.414999,0 75.024772,15.414932,0 75.024829,15.414865,0 75.02491499999999,15.414933,0
            </coordinates>
          </LinearRing>
        </outerBoundaryIs>
      </Polygon>
    </Placemark>
    <Placemark>
      <name>113</name>
      <description>
        <![CDATA[fid: 110<br>Layer: Layer 4<br>SubClasses: AcDbEntity:AcDbHatch<br>EntityHandle: 157<br>Text: SOLID<br>description:]]>
      </description>
      <styleUrl>#poly-FF0000-1000-0</styleUrl>
      <ExtendedData>
        <Data name="fid">
          <value>110</value>
        </Data>
        <Data name="Layer">
          <value>Layer 4</value>
        </Data>
        <Data name="SubClasses">
          <value>AcDbEntity:AcDbHatch</value>
        </Data>
        <Data name="EntityHandle">
          <value>157</value>
        </Data>
        <Data name="Text">
          <value>SOLID</value>
        </Data>
        <Data name="description">
        </Data>
      </ExtendedData>
      <Polygon>
        <outerBoundaryIs>
          <LinearRing>
            <tessellate>1</tessellate>
            <coordinates>
              75.02491499999999,15.414933,0 75.024829,15.414865,0 75.024883,15.4148,0 75.02497,15.414868,0 75.02491499999999,15.414933,0
            </coordinates>
          </LinearRing>
        </outerBoundaryIs>
      </Polygon>
    </Placemark>
    <Placemark>
      <name>114</name>
      <description>
        <![CDATA[fid: 111<br>Layer: Layer 4<br>SubClasses: AcDbEntity:AcDbHatch<br>EntityHandle: 159<br>Text: SOLID<br>description:]]>
      </description>
      <styleUrl>#poly-FF0000-1000-0</styleUrl>
      <ExtendedData>
        <Data name="fid">
          <value>111</value>
        </Data>
        <Data name="Layer">
          <value>Layer 4</value>
        </Data>
        <Data name="SubClasses">
          <value>AcDbEntity:AcDbHatch</value>
        </Data>
        <Data name="EntityHandle">
          <value>159</value>
        </Data>
        <Data name="Text">
          <value>SOLID</value>
        </Data>
        <Data name="description">
        </Data>
      </ExtendedData>
      <Polygon>
        <outerBoundaryIs>
          <LinearRing>
            <tessellate>1</tessellate>
            <coordinates>
              75.02498199999999,15.414983,0 75.025036,15.414918,0 75.02514499999999,15.415002,0 75.02509000000001,15.415067,0 75.02498199999999,15.414983,0
            </coordinates>
          </LinearRing>
        </outerBoundaryIs>
      </Polygon>
    </Placemark>
    <Placemark>
      <name>115</name>
      <description>
        <![CDATA[fid: 112<br>Layer: Layer 4<br>SubClasses: AcDbEntity:AcDbHatch<br>EntityHandle: 15B<br>Text: SOLID<br>description:]]>
      </description>
      <styleUrl>#poly-FF0000-1000-0</styleUrl>
      <ExtendedData>
        <Data name="fid">
          <value>112</value>
        </Data>
        <Data name="Layer">
          <value>Layer 4</value>
        </Data>
        <Data name="SubClasses">
          <value>AcDbEntity:AcDbHatch</value>
        </Data>
        <Data name="EntityHandle">
          <value>15B</value>
        </Data>
        <Data name="Text">
          <value>SOLID</value>
        </Data>
        <Data name="description">
        </Data>
      </ExtendedData>
      <Polygon>
        <outerBoundaryIs>
          <LinearRing>
            <tessellate>1</tessellate>
            <coordinates>
              75.02492700000001,15.415048,0 75.02498199999999,15.414983,0 75.02509000000001,15.415067,0 75.025036,15.415133,0 75.02492700000001,15.415048,0
            </coordinates>
          </LinearRing>
        </outerBoundaryIs>
      </Polygon>
    </Placemark>
    <Placemark>
      <name>116</name>
      <description>
        <![CDATA[fid: 113<br>Layer: Layer 4<br>SubClasses: AcDbEntity:AcDbHatch<br>EntityHandle: 15D<br>Text: SOLID<br>description:]]>
      </description>
      <styleUrl>#poly-FF0000-1000-0</styleUrl>
      <ExtendedData>
        <Data name="fid">
          <value>113</value>
        </Data>
        <Data name="Layer">
          <value>Layer 4</value>
        </Data>
        <Data name="SubClasses">
          <value>AcDbEntity:AcDbHatch</value>
        </Data>
        <Data name="EntityHandle">
          <value>15D</value>
        </Data>
        <Data name="Text">
          <value>SOLID</value>
        </Data>
        <Data name="description">
        </Data>
      </ExtendedData>
      <Polygon>
        <outerBoundaryIs>
          <LinearRing>
            <tessellate>1</tessellate>
            <coordinates>
              75.024968,15.415214,0 75.024863,15.415125,0 75.02492700000001,15.415048,0 75.025036,15.415133,0 75.024968,15.415214,0
            </coordinates>
          </LinearRing>
        </outerBoundaryIs>
      </Polygon>
    </Placemark>
    <Placemark>
      <name>117</name>
      <description>
        <![CDATA[fid: 114<br>Layer: Layer 4<br>SubClasses: AcDbEntity:AcDbHatch<br>EntityHandle: 15F<br>Text: SOLID<br>description:]]>
      </description>
      <styleUrl>#poly-FF0000-1000-0</styleUrl>
      <ExtendedData>
        <Data name="fid">
          <value>114</value>
        </Data>
        <Data name="Layer">
          <value>Layer 4</value>
        </Data>
        <Data name="SubClasses">
          <value>AcDbEntity:AcDbHatch</value>
        </Data>
        <Data name="EntityHandle">
          <value>15F</value>
        </Data>
        <Data name="Text">
          <value>SOLID</value>
        </Data>
        <Data name="description">
        </Data>
      </ExtendedData>
      <Polygon>
        <outerBoundaryIs>
          <LinearRing>
            <tessellate>1</tessellate>
            <coordinates>
              75.025082,15.41531,0 75.024968,15.415214,0 75.025036,15.415133,0 75.02515099999999,15.415222,0 75.025082,15.41531,0
            </coordinates>
          </LinearRing>
        </outerBoundaryIs>
      </Polygon>
    </Placemark>
    <Placemark>
      <name>118</name>
      <description>
        <![CDATA[fid: 115<br>Layer: Layer 4<br>SubClasses: AcDbEntity:AcDbHatch<br>EntityHandle: 161<br>Text: SOLID<br>description:]]>
      </description>
      <styleUrl>#poly-FF0000-1000-0</styleUrl>
      <ExtendedData>
        <Data name="fid">
          <value>115</value>
        </Data>
        <Data name="Layer">
          <value>Layer 4</value>
        </Data>
        <Data name="SubClasses">
          <value>AcDbEntity:AcDbHatch</value>
        </Data>
        <Data name="EntityHandle">
          <value>161</value>
        </Data>
        <Data name="Text">
          <value>SOLID</value>
        </Data>
        <Data name="description">
        </Data>
      </ExtendedData>
      <Polygon>
        <outerBoundaryIs>
          <LinearRing>
            <tessellate>1</tessellate>
            <coordinates>
              75.02520199999999,15.415155,0 75.02515099999999,15.415222,0 75.025036,15.415133,0 75.02509000000001,15.415067,0 75.02520199999999,15.415155,0
            </coordinates>
          </LinearRing>
        </outerBoundaryIs>
      </Polygon>
    </Placemark>
    <Placemark>
      <name>119</name>
      <description>
        <![CDATA[fid: 116<br>Layer: Layer 4<br>SubClasses: AcDbEntity:AcDbHatch<br>EntityHandle: 163<br>Text: SOLID<br>description:]]>
      </description>
      <styleUrl>#poly-FF0000-1000-0</styleUrl>
      <ExtendedData>
        <Data name="fid">
          <value>116</value>
        </Data>
        <Data name="Layer">
          <value>Layer 4</value>
        </Data>
        <Data name="SubClasses">
          <value>AcDbEntity:AcDbHatch</value>
        </Data>
        <Data name="EntityHandle">
          <value>163</value>
        </Data>
        <Data name="Text">
          <value>SOLID</value>
        </Data>
        <Data name="description">
        </Data>
      </ExtendedData>
      <Polygon>
        <outerBoundaryIs>
          <LinearRing>
            <tessellate>1</tessellate>
            <coordinates>
              75.02520199999999,15.415155,0 75.02509000000001,15.415067,0 75.02514499999999,15.415002,0 75.025255,15.415087,0 75.02520199999999,15.415155,0
            </coordinates>
          </LinearRing>
        </outerBoundaryIs>
      </Polygon>
    </Placemark>
    <Placemark>
      <name>120</name>
      <description>
        <![CDATA[fid: 117<br>Layer: Layer 4<br>SubClasses: AcDbEntity:AcDbHatch<br>EntityHandle: 165<br>Text: SOLID<br>description:]]>
      </description>
      <styleUrl>#poly-FF0000-1000-0</styleUrl>
      <ExtendedData>
        <Data name="fid">
          <value>117</value>
        </Data>
        <Data name="Layer">
          <value>Layer 4</value>
        </Data>
        <Data name="SubClasses">
          <value>AcDbEntity:AcDbHatch</value>
        </Data>
        <Data name="EntityHandle">
          <value>165</value>
        </Data>
        <Data name="Text">
          <value>SOLID</value>
        </Data>
        <Data name="description">
        </Data>
      </ExtendedData>
      <Polygon>
        <outerBoundaryIs>
          <LinearRing>
            <tessellate>1</tessellate>
            <coordinates>
              75.025306,15.415021,0 75.02518000000001,15.414922,0 75.025291,15.414785,0 75.025409,15.414884,0 75.025306,15.415021,0
            </coordinates>
          </LinearRing>
        </outerBoundaryIs>
      </Polygon>
    </Placemark>
    <Placemark>
      <name>121</name>
      <description>
        <![CDATA[fid: 118<br>Layer: Layer 4<br>SubClasses: AcDbEntity:AcDbHatch<br>EntityHandle: 167<br>Text: SOLID<br>description:]]>
      </description>
      <styleUrl>#poly-FF0000-1000-0</styleUrl>
      <ExtendedData>
        <Data name="fid">
          <value>118</value>
        </Data>
        <Data name="Layer">
          <value>Layer 4</value>
        </Data>
        <Data name="SubClasses">
          <value>AcDbEntity:AcDbHatch</value>
        </Data>
        <Data name="EntityHandle">
          <value>167</value>
        </Data>
        <Data name="Text">
          <value>SOLID</value>
        </Data>
        <Data name="description">
        </Data>
      </ExtendedData>
      <Polygon>
        <outerBoundaryIs>
          <LinearRing>
            <tessellate>1</tessellate>
            <coordinates>
              75.02518000000001,15.414922,0 75.025092,15.414854,0 75.025206,15.414714,0 75.025291,15.414785,0 75.02518000000001,15.414922,0
            </coordinates>
          </LinearRing>
        </outerBoundaryIs>
      </Polygon>
    </Placemark>
    <Placemark>
      <name>122</name>
      <description>
        <![CDATA[fid: 119<br>Layer: Layer 4<br>SubClasses: AcDbEntity:AcDbHatch<br>EntityHandle: 169<br>Text: SOLID<br>description:]]>
      </description>
      <styleUrl>#poly-FF0000-1000-0</styleUrl>
      <ExtendedData>
        <Data name="fid">
          <value>119</value>
        </Data>
        <Data name="Layer">
          <value>Layer 4</value>
        </Data>
        <Data name="SubClasses">
          <value>AcDbEntity:AcDbHatch</value>
        </Data>
        <Data name="EntityHandle">
          <value>169</value>
        </Data>
        <Data name="Text">
          <value>SOLID</value>
        </Data>
        <Data name="description">
        </Data>
      </ExtendedData>
      <Polygon>
        <outerBoundaryIs>
          <LinearRing>
            <tessellate>1</tessellate>
            <coordinates>
              75.025092,15.414854,0 75.02500499999999,15.414786,0 75.025122,15.414643,0 75.025206,15.414714,0 75.025092,15.414854,0
            </coordinates>
          </LinearRing>
        </outerBoundaryIs>
      </Polygon>
    </Placemark>
    <Placemark>
      <name>123</name>
      <description>
        <![CDATA[fid: 120<br>Layer: Layer 4<br>SubClasses: AcDbEntity:AcDbHatch<br>EntityHandle: 16B<br>Text: SOLID<br>description:]]>
      </description>
      <styleUrl>#poly-FF0000-1000-0</styleUrl>
      <ExtendedData>
        <Data name="fid">
          <value>120</value>
        </Data>
        <Data name="Layer">
          <value>Layer 4</value>
        </Data>
        <Data name="SubClasses">
          <value>AcDbEntity:AcDbHatch</value>
        </Data>
        <Data name="EntityHandle">
          <value>16B</value>
        </Data>
        <Data name="Text">
          <value>SOLID</value>
        </Data>
        <Data name="description">
        </Data>
      </ExtendedData>
      <Polygon>
        <outerBoundaryIs>
          <LinearRing>
            <tessellate>1</tessellate>
            <coordinates>
              75.02500499999999,15.414786,0 75.024919,15.414719,0 75.02503900000001,15.414571,0 75.025122,15.414643,0 75.02500499999999,15.414786,0
            </coordinates>
          </LinearRing>
        </outerBoundaryIs>
      </Polygon>
    </Placemark>
    <Placemark>
      <name>124</name>
      <description>
        <![CDATA[fid: 121<br>Layer: Layer 4<br>SubClasses: AcDbEntity:AcDbHatch<br>EntityHandle: 16D<br>Text: SOLID<br>description:]]>
      </description>
      <styleUrl>#poly-FF0000-1000-0</styleUrl>
      <ExtendedData>
        <Data name="fid">
          <value>121</value>
        </Data>
        <Data name="Layer">
          <value>Layer 4</value>
        </Data>
        <Data name="SubClasses">
          <value>AcDbEntity:AcDbHatch</value>
        </Data>
        <Data name="EntityHandle">
          <value>16D</value>
        </Data>
        <Data name="Text">
          <value>SOLID</value>
        </Data>
        <Data name="description">
        </Data>
      </ExtendedData>
      <Polygon>
        <outerBoundaryIs>
          <LinearRing>
            <tessellate>1</tessellate>
            <coordinates>
              75.024919,15.414719,0 75.02483100000001,15.414651,0 75.02495500000001,15.414496,0 75.02503900000001,15.414571,0 75.024919,15.414719,0
            </coordinates>
          </LinearRing>
        </outerBoundaryIs>
      </Polygon>
    </Placemark>
    <Placemark>
      <name>125</name>
      <description>
        <![CDATA[fid: 122<br>Layer: Layer 4<br>SubClasses: AcDbEntity:AcDbHatch<br>EntityHandle: 16F<br>Text: SOLID<br>description:]]>
      </description>
      <styleUrl>#poly-FF0000-1000-0</styleUrl>
      <ExtendedData>
        <Data name="fid">
          <value>122</value>
        </Data>
        <Data name="Layer">
          <value>Layer 4</value>
        </Data>
        <Data name="SubClasses">
          <value>AcDbEntity:AcDbHatch</value>
        </Data>
        <Data name="EntityHandle">
          <value>16F</value>
        </Data>
        <Data name="Text">
          <value>SOLID</value>
        </Data>
        <Data name="description">
        </Data>
      </ExtendedData>
      <Polygon>
        <outerBoundaryIs>
          <LinearRing>
            <tessellate>1</tessellate>
            <coordinates>
              75.02483100000001,15.414651,0 75.02473999999999,15.414582,0 75.024868,15.414424,0 75.02495500000001,15.414496,0 75.02483100000001,15.414651,0
            </coordinates>
          </LinearRing>
        </outerBoundaryIs>
      </Polygon>
    </Placemark>
    <Placemark>
      <name>126</name>
      <description>
        <![CDATA[fid: 123<br>Layer: Layer 4<br>SubClasses: AcDbEntity:AcDbHatch<br>EntityHandle: 171<br>Text: SOLID<br>description:]]>
      </description>
      <styleUrl>#poly-FF0000-1000-0</styleUrl>
      <ExtendedData>
        <Data name="fid">
          <value>123</value>
        </Data>
        <Data name="Layer">
          <value>Layer 4</value>
        </Data>
        <Data name="SubClasses">
          <value>AcDbEntity:AcDbHatch</value>
        </Data>
        <Data name="EntityHandle">
          <value>171</value>
        </Data>
        <Data name="Text">
          <value>SOLID</value>
        </Data>
        <Data name="description">
        </Data>
      </ExtendedData>
      <Polygon>
        <outerBoundaryIs>
          <LinearRing>
            <tessellate>1</tessellate>
            <coordinates>
              75.02473999999999,15.414582,0 75.024648,15.414514,0 75.024781,15.414353,0 75.024868,15.414424,0 75.02473999999999,15.414582,0
            </coordinates>
          </LinearRing>
        </outerBoundaryIs>
      </Polygon>
    </Placemark>
    <Placemark>
      <name>127</name>
      <description>
        <![CDATA[fid: 124<br>Layer: Layer 4<br>SubClasses: AcDbEntity:AcDbHatch<br>EntityHandle: 173<br>Text: SOLID<br>description:]]>
      </description>
      <styleUrl>#poly-FF0000-1000-0</styleUrl>
      <ExtendedData>
        <Data name="fid">
          <value>124</value>
        </Data>
        <Data name="Layer">
          <value>Layer 4</value>
        </Data>
        <Data name="SubClasses">
          <value>AcDbEntity:AcDbHatch</value>
        </Data>
        <Data name="EntityHandle">
          <value>173</value>
        </Data>
        <Data name="Text">
          <value>SOLID</value>
        </Data>
        <Data name="description">
        </Data>
      </ExtendedData>
      <Polygon>
        <outerBoundaryIs>
          <LinearRing>
            <tessellate>1</tessellate>
            <coordinates>
              75.024648,15.414514,0 75.024557,15.414446,0 75.024692,15.414279,0 75.024781,15.414353,0 75.024648,15.414514,0
            </coordinates>
          </LinearRing>
        </outerBoundaryIs>
      </Polygon>
    </Placemark>
    <Placemark>
      <name>128</name>
      <description>
        <![CDATA[fid: 125<br>Layer: Layer 4<br>SubClasses: AcDbEntity:AcDbHatch<br>EntityHandle: 175<br>Text: SOLID<br>description:]]>
      </description>
      <styleUrl>#poly-FF0000-1000-0</styleUrl>
      <ExtendedData>
        <Data name="fid">
          <value>125</value>
        </Data>
        <Data name="Layer">
          <value>Layer 4</value>
        </Data>
        <Data name="SubClasses">
          <value>AcDbEntity:AcDbHatch</value>
        </Data>
        <Data name="EntityHandle">
          <value>175</value>
        </Data>
        <Data name="Text">
          <value>SOLID</value>
        </Data>
        <Data name="description">
        </Data>
      </ExtendedData>
      <Polygon>
        <outerBoundaryIs>
          <LinearRing>
            <tessellate>1</tessellate>
            <coordinates>
              75.02445,15.414367,0 75.02450899999999,15.414128,0 75.024692,15.414279,0 75.024557,15.414446,0 75.02445,15.414367,0
            </coordinates>
          </LinearRing>
        </outerBoundaryIs>
      </Polygon>
    </Placemark>
    <Placemark>
      <name>129</name>
      <description>
        <![CDATA[fid: 126<br>Layer: Layer 4<br>SubClasses: AcDbEntity:AcDbHatch<br>EntityHandle: 177<br>Text: SOLID<br>description:]]>
      </description>
      <styleUrl>#poly-FF0000-1000-0</styleUrl>
      <ExtendedData>
        <Data name="fid">
          <value>126</value>
        </Data>
        <Data name="Layer">
          <value>Layer 4</value>
        </Data>
        <Data name="SubClasses">
          <value>AcDbEntity:AcDbHatch</value>
        </Data>
        <Data name="EntityHandle">
          <value>177</value>
        </Data>
        <Data name="Text">
          <value>SOLID</value>
        </Data>
        <Data name="description">
        </Data>
      </ExtendedData>
      <Polygon>
        <outerBoundaryIs>
          <LinearRing>
            <tessellate>1</tessellate>
            <coordinates>
              75.024323,15.414125,0 75.024227,15.414059,0 75.024288,15.413952,0 75.02444,15.414075,0 75.02442600000001,15.414097,0 75.024404,15.414182,0 75.024323,15.414125,0
            </coordinates>
          </LinearRing>
        </outerBoundaryIs>
      </Polygon>
    </Placemark>
    <Placemark>
      <name>130</name>
      <description>
        <![CDATA[fid: 127<br>Layer: Layer 4<br>SubClasses: AcDbEntity:AcDbHatch<br>EntityHandle: 179<br>Text: SOLID<br>description:]]>
      </description>
      <styleUrl>#poly-FF0000-1000-0</styleUrl>
      <ExtendedData>
        <Data name="fid">
          <value>127</value>
        </Data>
        <Data name="Layer">
          <value>Layer 4</value>
        </Data>
        <Data name="SubClasses">
          <value>AcDbEntity:AcDbHatch</value>
        </Data>
        <Data name="EntityHandle">
          <value>179</value>
        </Data>
        <Data name="Text">
          <value>SOLID</value>
        </Data>
        <Data name="description">
        </Data>
      </ExtendedData>
      <Polygon>
        <outerBoundaryIs>
          <LinearRing>
            <tessellate>1</tessellate>
            <coordinates>
              75.024372,15.414309,0 75.02424499999999,15.414219,0 75.024323,15.414125,0 75.024404,15.414182,0 75.024372,15.414309,0
            </coordinates>
          </LinearRing>
        </outerBoundaryIs>
      </Polygon>
    </Placemark>
    <Placemark>
      <name>131</name>
      <description>
        <![CDATA[fid: 128<br>Layer: Layer 4<br>SubClasses: AcDbEntity:AcDbHatch<br>EntityHandle: 17B<br>Text: SOLID<br>description:]]>
      </description>
      <styleUrl>#poly-FF0000-1000-0</styleUrl>
      <ExtendedData>
        <Data name="fid">
          <value>128</value>
        </Data>
        <Data name="Layer">
          <value>Layer 4</value>
        </Data>
        <Data name="SubClasses">
          <value>AcDbEntity:AcDbHatch</value>
        </Data>
        <Data name="EntityHandle">
          <value>17B</value>
        </Data>
        <Data name="Text">
          <value>SOLID</value>
        </Data>
        <Data name="description">
        </Data>
      </ExtendedData>
      <Polygon>
        <outerBoundaryIs>
          <LinearRing>
            <tessellate>1</tessellate>
            <coordinates>
              75.02416700000001,15.414164,0 75.024227,15.414059,0 75.024323,15.414125,0 75.02424499999999,15.414219,0 75.02416700000001,15.414164,0
            </coordinates>
          </LinearRing>
        </outerBoundaryIs>
      </Polygon>
    </Placemark>
    <Placemark>
      <name>134</name>
      <description>
        <![CDATA[fid: 129<br>Layer: Layer 4<br>SubClasses: AcDbEntity:AcDbHatch<br>EntityHandle: 17D<br>Text: SOLID<br>description:]]>
      </description>
      <styleUrl>#poly-FF0000-1000-0</styleUrl>
      <ExtendedData>
        <Data name="fid">
          <value>129</value>
        </Data>
        <Data name="Layer">
          <value>Layer 4</value>
        </Data>
        <Data name="SubClasses">
          <value>AcDbEntity:AcDbHatch</value>
        </Data>
        <Data name="EntityHandle">
          <value>17D</value>
        </Data>
        <Data name="Text">
          <value>SOLID</value>
        </Data>
        <Data name="description">
        </Data>
      </ExtendedData>
      <Polygon>
        <outerBoundaryIs>
          <LinearRing>
            <tessellate>1</tessellate>
            <coordinates>
              75.024287,15.414496,0 75.024148,15.414397,0 75.024221,15.414307,0 75.02436,15.414405,0 75.024287,15.414496,0
            </coordinates>
          </LinearRing>
        </outerBoundaryIs>
      </Polygon>
    </Placemark>
    <Placemark>
      <name>135</name>
      <description>
        <![CDATA[fid: 130<br>Layer: Layer 4<br>SubClasses: AcDbEntity:AcDbHatch<br>EntityHandle: 17F<br>Text: SOLID<br>description:]]>
      </description>
      <styleUrl>#poly-FF0000-1000-0</styleUrl>
      <ExtendedData>
        <Data name="fid">
          <value>130</value>
        </Data>
        <Data name="Layer">
          <value>Layer 4</value>
        </Data>
        <Data name="SubClasses">
          <value>AcDbEntity:AcDbHatch</value>
        </Data>
        <Data name="EntityHandle">
          <value>17F</value>
        </Data>
        <Data name="Text">
          <value>SOLID</value>
        </Data>
        <Data name="description">
        </Data>
      </ExtendedData>
      <Polygon>
        <outerBoundaryIs>
          <LinearRing>
            <tessellate>1</tessellate>
            <coordinates>
              75.024214,15.414585,0 75.02407599999999,15.414486,0 75.024148,15.414397,0 75.024287,15.414496,0 75.024214,15.414585,0
            </coordinates>
          </LinearRing>
        </outerBoundaryIs>
      </Polygon>
    </Placemark>
    <Placemark>
      <name>136</name>
      <description>
        <![CDATA[fid: 131<br>Layer: Layer 4<br>SubClasses: AcDbEntity:AcDbHatch<br>EntityHandle: 181<br>Text: SOLID<br>description:]]>
      </description>
      <styleUrl>#poly-FF0000-1000-0</styleUrl>
      <ExtendedData>
        <Data name="fid">
          <value>131</value>
        </Data>
        <Data name="Layer">
          <value>Layer 4</value>
        </Data>
        <Data name="SubClasses">
          <value>AcDbEntity:AcDbHatch</value>
        </Data>
        <Data name="EntityHandle">
          <value>181</value>
        </Data>
        <Data name="Text">
          <value>SOLID</value>
        </Data>
        <Data name="description">
        </Data>
      </ExtendedData>
      <Polygon>
        <outerBoundaryIs>
          <LinearRing>
            <tessellate>1</tessellate>
            <coordinates>
              75.024142,15.414674,0 75.024005,15.414574,0 75.02407599999999,15.414486,0 75.024214,15.414585,0 75.024142,15.414674,0
            </coordinates>
          </LinearRing>
        </outerBoundaryIs>
      </Polygon>
    </Placemark>
    <Placemark>
      <name>137</name>
      <description>
        <![CDATA[fid: 132<br>Layer: Layer 4<br>SubClasses: AcDbEntity:AcDbHatch<br>EntityHandle: 183<br>Text: SOLID<br>description:]]>
      </description>
      <styleUrl>#poly-FF0000-1000-0</styleUrl>
      <ExtendedData>
        <Data name="fid">
          <value>132</value>
        </Data>
        <Data name="Layer">
          <value>Layer 4</value>
        </Data>
        <Data name="SubClasses">
          <value>AcDbEntity:AcDbHatch</value>
        </Data>
        <Data name="EntityHandle">
          <value>183</value>
        </Data>
        <Data name="Text">
          <value>SOLID</value>
        </Data>
        <Data name="description">
        </Data>
      </ExtendedData>
      <Polygon>
        <outerBoundaryIs>
          <LinearRing>
            <tessellate>1</tessellate>
            <coordinates>
              75.024072,15.414761,0 75.02393499999999,15.414661,0 75.024005,15.414574,0 75.024142,15.414674,0 75.024072,15.414761,0
            </coordinates>
          </LinearRing>
        </outerBoundaryIs>
      </Polygon>
    </Placemark>
    <Placemark>
      <name>138</name>
      <description>
        <![CDATA[fid: 133<br>Layer: Layer 4<br>SubClasses: AcDbEntity:AcDbHatch<br>EntityHandle: 185<br>Text: SOLID<br>description:]]>
      </description>
      <styleUrl>#poly-FF0000-1000-0</styleUrl>
      <ExtendedData>
        <Data name="fid">
          <value>133</value>
        </Data>
        <Data name="Layer">
          <value>Layer 4</value>
        </Data>
        <Data name="SubClasses">
          <value>AcDbEntity:AcDbHatch</value>
        </Data>
        <Data name="EntityHandle">
          <value>185</value>
        </Data>
        <Data name="Text">
          <value>SOLID</value>
        </Data>
        <Data name="description">
        </Data>
      </ExtendedData>
      <Polygon>
        <outerBoundaryIs>
          <LinearRing>
            <tessellate>1</tessellate>
            <coordinates>
              75.024,15.414849,0 75.023864,15.414749,0 75.02393499999999,15.414661,0 75.024072,15.414761,0 75.024,15.414849,0
            </coordinates>
          </LinearRing>
        </outerBoundaryIs>
      </Polygon>
    </Placemark>
    <Placemark>
      <name>139</name>
      <description>
        <![CDATA[fid: 134<br>Layer: Layer 4<br>SubClasses: AcDbEntity:AcDbHatch<br>EntityHandle: 187<br>Text: SOLID<br>description:]]>
      </description>
      <styleUrl>#poly-FF0000-1000-0</styleUrl>
      <ExtendedData>
        <Data name="fid">
          <value>134</value>
        </Data>
        <Data name="Layer">
          <value>Layer 4</value>
        </Data>
        <Data name="SubClasses">
          <value>AcDbEntity:AcDbHatch</value>
        </Data>
        <Data name="EntityHandle">
          <value>187</value>
        </Data>
        <Data name="Text">
          <value>SOLID</value>
        </Data>
        <Data name="description">
        </Data>
      </ExtendedData>
      <Polygon>
        <outerBoundaryIs>
          <LinearRing>
            <tessellate>1</tessellate>
            <coordinates>
              75.023929,15.414937,0 75.023793,15.414837,0 75.023864,15.414749,0 75.024,15.414849,0 75.023929,15.414937,0
            </coordinates>
          </LinearRing>
        </outerBoundaryIs>
      </Polygon>
    </Placemark>
    <Placemark>
      <name>140</name>
      <description>
        <![CDATA[fid: 135<br>Layer: Layer 4<br>SubClasses: AcDbEntity:AcDbHatch<br>EntityHandle: 189<br>Text: SOLID<br>description:]]>
      </description>
      <styleUrl>#poly-FF0000-1000-0</styleUrl>
      <ExtendedData>
        <Data name="fid">
          <value>135</value>
        </Data>
        <Data name="Layer">
          <value>Layer 4</value>
        </Data>
        <Data name="SubClasses">
          <value>AcDbEntity:AcDbHatch</value>
        </Data>
        <Data name="EntityHandle">
          <value>189</value>
        </Data>
        <Data name="Text">
          <value>SOLID</value>
        </Data>
        <Data name="description">
        </Data>
      </ExtendedData>
      <Polygon>
        <outerBoundaryIs>
          <LinearRing>
            <tessellate>1</tessellate>
            <coordinates>
              75.023858,15.415026,0 75.02372200000001,15.414925,0 75.023793,15.414837,0 75.023929,15.414937,0 75.023858,15.415026,0
            </coordinates>
          </LinearRing>
        </outerBoundaryIs>
      </Polygon>
    </Placemark>
    <Placemark>
      <name>141</name>
      <description>
        <![CDATA[fid: 136<br>Layer: Layer 4<br>SubClasses: AcDbEntity:AcDbHatch<br>EntityHandle: 18B<br>Text: SOLID<br>description:]]>
      </description>
      <styleUrl>#poly-FF0000-1000-0</styleUrl>
      <ExtendedData>
        <Data name="fid">
          <value>136</value>
        </Data>
        <Data name="Layer">
          <value>Layer 4</value>
        </Data>
        <Data name="SubClasses">
          <value>AcDbEntity:AcDbHatch</value>
        </Data>
        <Data name="EntityHandle">
          <value>18B</value>
        </Data>
        <Data name="Text">
          <value>SOLID</value>
        </Data>
        <Data name="description">
        </Data>
      </ExtendedData>
      <Polygon>
        <outerBoundaryIs>
          <LinearRing>
            <tessellate>1</tessellate>
            <coordinates>
              75.023858,15.415026,0 75.023787,15.415113,0 75.023651,15.415013,0 75.02372200000001,15.414925,0 75.023858,15.415026,0
            </coordinates>
          </LinearRing>
        </outerBoundaryIs>
      </Polygon>
    </Placemark>
    <Placemark>
      <name>142</name>
      <description>
        <![CDATA[fid: 137<br>Layer: Layer 4<br>SubClasses: AcDbEntity:AcDbHatch<br>EntityHandle: 18D<br>Text: SOLID<br>description:]]>
      </description>
      <styleUrl>#poly-FF0000-1000-0</styleUrl>
      <ExtendedData>
        <Data name="fid">
          <value>137</value>
        </Data>
        <Data name="Layer">
          <value>Layer 4</value>
        </Data>
        <Data name="SubClasses">
          <value>AcDbEntity:AcDbHatch</value>
        </Data>
        <Data name="EntityHandle">
          <value>18D</value>
        </Data>
        <Data name="Text">
          <value>SOLID</value>
        </Data>
        <Data name="description">
        </Data>
      </ExtendedData>
      <Polygon>
        <outerBoundaryIs>
          <LinearRing>
            <tessellate>1</tessellate>
            <coordinates>
              75.023664,15.415266,0 75.023538,15.415153,0 75.023651,15.415013,0 75.023787,15.415113,0 75.023664,15.415266,0
            </coordinates>
          </LinearRing>
        </outerBoundaryIs>
      </Polygon>
    </Placemark>
    <Placemark>
      <name>143</name>
      <description>
        <![CDATA[fid: 138<br>Layer: Layer 4<br>SubClasses: AcDbEntity:AcDbHatch<br>EntityHandle: 18F<br>Text: SOLID<br>description:]]>
      </description>
      <styleUrl>#poly-FF0000-1000-0</styleUrl>
      <ExtendedData>
        <Data name="fid">
          <value>138</value>
        </Data>
        <Data name="Layer">
          <value>Layer 4</value>
        </Data>
        <Data name="SubClasses">
          <value>AcDbEntity:AcDbHatch</value>
        </Data>
        <Data name="EntityHandle">
          <value>18F</value>
        </Data>
        <Data name="Text">
          <value>SOLID</value>
        </Data>
        <Data name="description">
        </Data>
      </ExtendedData>
      <Polygon>
        <outerBoundaryIs>
          <LinearRing>
            <tessellate>1</tessellate>
            <coordinates>
              75.023538,15.415153,0 75.02341199999999,15.415042,0 75.023516,15.414912,0 75.023651,15.415013,0 75.023538,15.415153,0
            </coordinates>
          </LinearRing>
        </outerBoundaryIs>
      </Polygon>
    </Placemark>
    <Placemark>
      <name>144</name>
      <description>
        <![CDATA[fid: 139<br>Layer: Layer 4<br>SubClasses: AcDbEntity:AcDbHatch<br>EntityHandle: 191<br>Text: SOLID<br>description:]]>
      </description>
      <styleUrl>#poly-FF0000-1000-0</styleUrl>
      <ExtendedData>
        <Data name="fid">
          <value>139</value>
        </Data>
        <Data name="Layer">
          <value>Layer 4</value>
        </Data>
        <Data name="SubClasses">
          <value>AcDbEntity:AcDbHatch</value>
        </Data>
        <Data name="EntityHandle">
          <value>191</value>
        </Data>
        <Data name="Text">
          <value>SOLID</value>
        </Data>
        <Data name="description">
        </Data>
      </ExtendedData>
      <Polygon>
        <outerBoundaryIs>
          <LinearRing>
            <tessellate>1</tessellate>
            <coordinates>
              75.023516,15.414912,0 75.02358599999999,15.414825,0 75.02372200000001,15.414925,0 75.023651,15.415013,0 75.023516,15.414912,0
            </coordinates>
          </LinearRing>
        </outerBoundaryIs>
      </Polygon>
    </Placemark>
    <Placemark>
      <name>145</name>
      <description>
        <![CDATA[fid: 140<br>Layer: Layer 4<br>SubClasses: AcDbEntity:AcDbHatch<br>EntityHandle: 193<br>Text: SOLID<br>description:]]>
      </description>
      <styleUrl>#poly-FF0000-1000-0</styleUrl>
      <ExtendedData>
        <Data name="fid">
          <value>140</value>
        </Data>
        <Data name="Layer">
          <value>Layer 4</value>
        </Data>
        <Data name="SubClasses">
          <value>AcDbEntity:AcDbHatch</value>
        </Data>
        <Data name="EntityHandle">
          <value>193</value>
        </Data>
        <Data name="Text">
          <value>SOLID</value>
        </Data>
        <Data name="description">
        </Data>
      </ExtendedData>
      <Polygon>
        <outerBoundaryIs>
          <LinearRing>
            <tessellate>1</tessellate>
            <coordinates>
              75.02358599999999,15.414825,0 75.023657,15.414736,0 75.023793,15.414837,0 75.02372200000001,15.414925,0 75.02358599999999,15.414825,0
            </coordinates>
          </LinearRing>
        </outerBoundaryIs>
      </Polygon>
    </Placemark>
    <Placemark>
      <name>146</name>
      <description>
        <![CDATA[fid: 141<br>Layer: Layer 4<br>SubClasses: AcDbEntity:AcDbHatch<br>EntityHandle: 195<br>Text: SOLID<br>description:]]>
      </description>
      <styleUrl>#poly-FF0000-1000-0</styleUrl>
      <ExtendedData>
        <Data name="fid">
          <value>141</value>
        </Data>
        <Data name="Layer">
          <value>Layer 4</value>
        </Data>
        <Data name="SubClasses">
          <value>AcDbEntity:AcDbHatch</value>
        </Data>
        <Data name="EntityHandle">
          <value>195</value>
        </Data>
        <Data name="Text">
          <value>SOLID</value>
        </Data>
        <Data name="description">
        </Data>
      </ExtendedData>
      <Polygon>
        <outerBoundaryIs>
          <LinearRing>
            <tessellate>1</tessellate>
            <coordinates>
              75.023793,15.414837,0 75.023657,15.414736,0 75.02372800000001,15.414648,0 75.023864,15.414749,0 75.023793,15.414837,0
            </coordinates>
          </LinearRing>
        </outerBoundaryIs>
      </Polygon>
    </Placemark>
    <Placemark>
      <name>147</name>
      <description>
        <![CDATA[fid: 142<br>Layer: Layer 4<br>SubClasses: AcDbEntity:AcDbHatch<br>EntityHandle: 197<br>Text: SOLID<br>description:]]>
      </description>
      <styleUrl>#poly-FF0000-1000-0</styleUrl>
      <ExtendedData>
        <Data name="fid">
          <value>142</value>
        </Data>
        <Data name="Layer">
          <value>Layer 4</value>
        </Data>
        <Data name="SubClasses">
          <value>AcDbEntity:AcDbHatch</value>
        </Data>
        <Data name="EntityHandle">
          <value>197</value>
        </Data>
        <Data name="Text">
          <value>SOLID</value>
        </Data>
        <Data name="description">
        </Data>
      </ExtendedData>
      <Polygon>
        <outerBoundaryIs>
          <LinearRing>
            <tessellate>1</tessellate>
            <coordinates>
              75.02372800000001,15.414648,0 75.023799,15.414561,0 75.02393499999999,15.414661,0 75.023864,15.414749,0 75.02372800000001,15.414648,0
            </coordinates>
          </LinearRing>
        </outerBoundaryIs>
      </Polygon>
    </Placemark>
    <Placemark>
      <name>148</name>
      <description>
        <![CDATA[fid: 143<br>Layer: Layer 4<br>SubClasses: AcDbEntity:AcDbHatch<br>EntityHandle: 199<br>Text: SOLID<br>description:]]>
      </description>
      <styleUrl>#poly-FF0000-1000-0</styleUrl>
      <ExtendedData>
        <Data name="fid">
          <value>143</value>
        </Data>
        <Data name="Layer">
          <value>Layer 4</value>
        </Data>
        <Data name="SubClasses">
          <value>AcDbEntity:AcDbHatch</value>
        </Data>
        <Data name="EntityHandle">
          <value>199</value>
        </Data>
        <Data name="Text">
          <value>SOLID</value>
        </Data>
        <Data name="description">
        </Data>
      </ExtendedData>
      <Polygon>
        <outerBoundaryIs>
          <LinearRing>
            <tessellate>1</tessellate>
            <coordinates>
              75.023799,15.414561,0 75.023867,15.414475,0 75.024005,15.414574,0 75.02393499999999,15.414661,0 75.023799,15.414561,0
            </coordinates>
          </LinearRing>
        </outerBoundaryIs>
      </Polygon>
    </Placemark>
    <Placemark>
      <name>149</name>
      <description>
        <![CDATA[fid: 144<br>Layer: Layer 4<br>SubClasses: AcDbEntity:AcDbHatch<br>EntityHandle: 19B<br>Text: SOLID<br>description:]]>
      </description>
      <styleUrl>#poly-FF0000-1000-0</styleUrl>
      <ExtendedData>
        <Data name="fid">
          <value>144</value>
        </Data>
        <Data name="Layer">
          <value>Layer 4</value>
        </Data>
        <Data name="SubClasses">
          <value>AcDbEntity:AcDbHatch</value>
        </Data>
        <Data name="EntityHandle">
          <value>19B</value>
        </Data>
        <Data name="Text">
          <value>SOLID</value>
        </Data>
        <Data name="description">
        </Data>
      </ExtendedData>
      <Polygon>
        <outerBoundaryIs>
          <LinearRing>
            <tessellate>1</tessellate>
            <coordinates>
              75.024005,15.414574,0 75.023867,15.414475,0 75.023939,15.414386,0 75.02407599999999,15.414486,0 75.024005,15.414574,0
            </coordinates>
          </LinearRing>
        </outerBoundaryIs>
      </Polygon>
    </Placemark>
    <Placemark>
      <name>150</name>
      <description>
        <![CDATA[fid: 145<br>Layer: Layer 4<br>SubClasses: AcDbEntity:AcDbHatch<br>EntityHandle: 19D<br>Text: SOLID<br>description:]]>
      </description>
      <styleUrl>#poly-FF0000-1000-0</styleUrl>
      <ExtendedData>
        <Data name="fid">
          <value>145</value>
        </Data>
        <Data name="Layer">
          <value>Layer 4</value>
        </Data>
        <Data name="SubClasses">
          <value>AcDbEntity:AcDbHatch</value>
        </Data>
        <Data name="EntityHandle">
          <value>19D</value>
        </Data>
        <Data name="Text">
          <value>SOLID</value>
        </Data>
        <Data name="description">
        </Data>
      </ExtendedData>
      <Polygon>
        <outerBoundaryIs>
          <LinearRing>
            <tessellate>1</tessellate>
            <coordinates>
              75.023939,15.414386,0 75.02401,15.414298,0 75.024148,15.414397,0 75.02407599999999,15.414486,0 75.023939,15.414386,0
            </coordinates>
          </LinearRing>
        </outerBoundaryIs>
      </Polygon>
    </Placemark>
    <Placemark>
      <name>151</name>
      <description>
        <![CDATA[fid: 146<br>Layer: Layer 4<br>SubClasses: AcDbEntity:AcDbHatch<br>EntityHandle: 19F<br>Text: SOLID<br>description:]]>
      </description>
      <styleUrl>#poly-FF0000-1000-0</styleUrl>
      <ExtendedData>
        <Data name="fid">
          <value>146</value>
        </Data>
        <Data name="Layer">
          <value>Layer 4</value>
        </Data>
        <Data name="SubClasses">
          <value>AcDbEntity:AcDbHatch</value>
        </Data>
        <Data name="EntityHandle">
          <value>19F</value>
        </Data>
        <Data name="Text">
          <value>SOLID</value>
        </Data>
        <Data name="description">
        </Data>
      </ExtendedData>
      <Polygon>
        <outerBoundaryIs>
          <LinearRing>
            <tessellate>1</tessellate>
            <coordinates>
              75.024148,15.414397,0 75.02401,15.414298,0 75.02408200000001,15.414208,0 75.024221,15.414307,0 75.024148,15.414397,0
            </coordinates>
          </LinearRing>
        </outerBoundaryIs>
      </Polygon>
    </Placemark>
    <Placemark>
      <name>152</name>
      <description>
        <![CDATA[fid: 147<br>Layer: Layer 4<br>SubClasses: AcDbEntity:AcDbHatch<br>EntityHandle: 1A1<br>Text: SOLID<br>description:]]>
      </description>
      <styleUrl>#poly-FF0000-1000-0</styleUrl>
      <ExtendedData>
        <Data name="fid">
          <value>147</value>
        </Data>
        <Data name="Layer">
          <value>Layer 4</value>
        </Data>
        <Data name="SubClasses">
          <value>AcDbEntity:AcDbHatch</value>
        </Data>
        <Data name="EntityHandle">
          <value>1A1</value>
        </Data>
        <Data name="Text">
          <value>SOLID</value>
        </Data>
        <Data name="description">
        </Data>
      </ExtendedData>
      <Polygon>
        <outerBoundaryIs>
          <LinearRing>
            <tessellate>1</tessellate>
            <coordinates>
              75.023957,15.414225,0 75.023843,15.414142,0 75.02389599999999,15.414076,0 75.024011,15.414158,0 75.023957,15.414225,0
            </coordinates>
          </LinearRing>
        </outerBoundaryIs>
      </Polygon>
    </Placemark>
    <Placemark>
      <name>153</name>
      <description>
        <![CDATA[fid: 148<br>Layer: Layer 4<br>SubClasses: AcDbEntity:AcDbHatch<br>EntityHandle: 1A3<br>Text: SOLID<br>description:]]>
      </description>
      <styleUrl>#poly-FF0000-1000-0</styleUrl>
      <ExtendedData>
        <Data name="fid">
          <value>148</value>
        </Data>
        <Data name="Layer">
          <value>Layer 4</value>
        </Data>
        <Data name="SubClasses">
          <value>AcDbEntity:AcDbHatch</value>
        </Data>
        <Data name="EntityHandle">
          <value>1A3</value>
        </Data>
        <Data name="Text">
          <value>SOLID</value>
        </Data>
        <Data name="description">
        </Data>
      </ExtendedData>
      <Polygon>
        <outerBoundaryIs>
          <LinearRing>
            <tessellate>1</tessellate>
            <coordinates>
              75.023904,15.414292,0 75.02378899999999,15.414209,0 75.023843,15.414142,0 75.023957,15.414225,0 75.023904,15.414292,0
            </coordinates>
          </LinearRing>
        </outerBoundaryIs>
      </Polygon>
    </Placemark>
    <Placemark>
      <name>154</name>
      <description>
        <![CDATA[fid: 149<br>Layer: Layer 4<br>SubClasses: AcDbEntity:AcDbHatch<br>EntityHandle: 1A5<br>Text: SOLID<br>description:]]>
      </description>
      <styleUrl>#poly-FF0000-1000-0</styleUrl>
      <ExtendedData>
        <Data name="fid">
          <value>149</value>
        </Data>
        <Data name="Layer">
          <value>Layer 4</value>
        </Data>
        <Data name="SubClasses">
          <value>AcDbEntity:AcDbHatch</value>
        </Data>
        <Data name="EntityHandle">
          <value>1A5</value>
        </Data>
        <Data name="Text">
          <value>SOLID</value>
        </Data>
        <Data name="description">
        </Data>
      </ExtendedData>
      <Polygon>
        <outerBoundaryIs>
          <LinearRing>
            <tessellate>1</tessellate>
            <coordinates>
              75.02385200000001,15.414357,0 75.023737,15.414274,0 75.02378899999999,15.414209,0 75.023904,15.414292,0 75.02385200000001,15.414357,0
            </coordinates>
          </LinearRing>
        </outerBoundaryIs>
      </Polygon>
    </Placemark>
    <Placemark>
      <name>155</name>
      <description>
        <![CDATA[fid: 150<br>Layer: Layer 4<br>SubClasses: AcDbEntity:AcDbHatch<br>EntityHandle: 1A7<br>Text: SOLID<br>description:]]>
      </description>
      <styleUrl>#poly-FF0000-1000-0</styleUrl>
      <ExtendedData>
        <Data name="fid">
          <value>150</value>
        </Data>
        <Data name="Layer">
          <value>Layer 4</value>
        </Data>
        <Data name="SubClasses">
          <value>AcDbEntity:AcDbHatch</value>
        </Data>
        <Data name="EntityHandle">
          <value>1A7</value>
        </Data>
        <Data name="Text">
          <value>SOLID</value>
        </Data>
        <Data name="description">
        </Data>
      </ExtendedData>
      <Polygon>
        <outerBoundaryIs>
          <LinearRing>
            <tessellate>1</tessellate>
            <coordinates>
              75.023798,15.414423,0 75.023684,15.41434,0 75.023737,15.414274,0 75.02385200000001,15.414357,0 75.023798,15.414423,0
            </coordinates>
          </LinearRing>
        </outerBoundaryIs>
      </Polygon>
    </Placemark>
    <Placemark>
      <name>156</name>
      <description>
        <![CDATA[fid: 151<br>Layer: Layer 4<br>SubClasses: AcDbEntity:AcDbHatch<br>EntityHandle: 1A9<br>Text: SOLID<br>description:]]>
      </description>
      <styleUrl>#poly-FF0000-1000-0</styleUrl>
      <ExtendedData>
        <Data name="fid">
          <value>151</value>
        </Data>
        <Data name="Layer">
          <value>Layer 4</value>
        </Data>
        <Data name="SubClasses">
          <value>AcDbEntity:AcDbHatch</value>
        </Data>
        <Data name="EntityHandle">
          <value>1A9</value>
        </Data>
        <Data name="Text">
          <value>SOLID</value>
        </Data>
        <Data name="description">
        </Data>
      </ExtendedData>
      <Polygon>
        <outerBoundaryIs>
          <LinearRing>
            <tessellate>1</tessellate>
            <coordinates>
              75.023746,15.414489,0 75.02363200000001,15.414405,0 75.023684,15.41434,0 75.023798,15.414423,0 75.023746,15.414489,0
            </coordinates>
          </LinearRing>
        </outerBoundaryIs>
      </Polygon>
    </Placemark>
    <Placemark>
      <name>157</name>
      <description>
        <![CDATA[fid: 152<br>Layer: Layer 4<br>SubClasses: AcDbEntity:AcDbHatch<br>EntityHandle: 1AB<br>Text: SOLID<br>description:]]>
      </description>
      <styleUrl>#poly-FF0000-1000-0</styleUrl>
      <ExtendedData>
        <Data name="fid">
          <value>152</value>
        </Data>
        <Data name="Layer">
          <value>Layer 4</value>
        </Data>
        <Data name="SubClasses">
          <value>AcDbEntity:AcDbHatch</value>
        </Data>
        <Data name="EntityHandle">
          <value>1AB</value>
        </Data>
        <Data name="Text">
          <value>SOLID</value>
        </Data>
        <Data name="description">
        </Data>
      </ExtendedData>
      <Polygon>
        <outerBoundaryIs>
          <LinearRing>
            <tessellate>1</tessellate>
            <coordinates>
              75.023695,15.414553,0 75.02358,15.41447,0 75.02363200000001,15.414405,0 75.023746,15.414489,0 75.023695,15.414553,0
            </coordinates>
          </LinearRing>
        </outerBoundaryIs>
      </Polygon>
    </Placemark>
    <Placemark>
      <name>158</name>
      <description>
        <![CDATA[fid: 153<br>Layer: Layer 4<br>SubClasses: AcDbEntity:AcDbHatch<br>EntityHandle: 1AD<br>Text: SOLID<br>description:]]>
      </description>
      <styleUrl>#poly-FF0000-1000-0</styleUrl>
      <ExtendedData>
        <Data name="fid">
          <value>153</value>
        </Data>
        <Data name="Layer">
          <value>Layer 4</value>
        </Data>
        <Data name="SubClasses">
          <value>AcDbEntity:AcDbHatch</value>
        </Data>
        <Data name="EntityHandle">
          <value>1AD</value>
        </Data>
        <Data name="Text">
          <value>SOLID</value>
        </Data>
        <Data name="description">
        </Data>
      </ExtendedData>
      <Polygon>
        <outerBoundaryIs>
          <LinearRing>
            <tessellate>1</tessellate>
            <coordinates>
              75.023641,15.41462,0 75.023527,15.414536,0 75.02358,15.41447,0 75.023695,15.414553,0 75.023641,15.41462,0
            </coordinates>
          </LinearRing>
        </outerBoundaryIs>
      </Polygon>
    </Placemark>
    <Placemark>
      <name>159</name>
      <description>
        <![CDATA[fid: 154<br>Layer: Layer 4<br>SubClasses: AcDbEntity:AcDbHatch<br>EntityHandle: 1AF<br>Text: SOLID<br>description:]]>
      </description>
      <styleUrl>#poly-FF0000-1000-0</styleUrl>
      <ExtendedData>
        <Data name="fid">
          <value>154</value>
        </Data>
        <Data name="Layer">
          <value>Layer 4</value>
        </Data>
        <Data name="SubClasses">
          <value>AcDbEntity:AcDbHatch</value>
        </Data>
        <Data name="EntityHandle">
          <value>1AF</value>
        </Data>
        <Data name="Text">
          <value>SOLID</value>
        </Data>
        <Data name="description">
        </Data>
      </ExtendedData>
      <Polygon>
        <outerBoundaryIs>
          <LinearRing>
            <tessellate>1</tessellate>
            <coordinates>
              75.02358700000001,15.414688,0 75.02347399999999,15.414603,0 75.023527,15.414536,0 75.023641,15.41462,0 75.02358700000001,15.414688,0
            </coordinates>
          </LinearRing>
        </outerBoundaryIs>
      </Polygon>
    </Placemark>
    <Placemark>
      <name>160</name>
      <description>
        <![CDATA[fid: 155<br>Layer: Layer 4<br>SubClasses: AcDbEntity:AcDbHatch<br>EntityHandle: 1B1<br>Text: SOLID<br>description:]]>
      </description>
      <styleUrl>#poly-FF0000-1000-0</styleUrl>
      <ExtendedData>
        <Data name="fid">
          <value>155</value>
        </Data>
        <Data name="Layer">
          <value>Layer 4</value>
        </Data>
        <Data name="SubClasses">
          <value>AcDbEntity:AcDbHatch</value>
        </Data>
        <Data name="EntityHandle">
          <value>1B1</value>
        </Data>
        <Data name="Text">
          <value>SOLID</value>
        </Data>
        <Data name="description">
        </Data>
      </ExtendedData>
      <Polygon>
        <outerBoundaryIs>
          <LinearRing>
            <tessellate>1</tessellate>
            <coordinates>
              75.02353599999999,15.414752,0 75.023422,15.414668,0 75.02347399999999,15.414603,0 75.02358700000001,15.414688,0 75.02353599999999,15.414752,0
            </coordinates>
          </LinearRing>
        </outerBoundaryIs>
      </Polygon>
    </Placemark>
    <Placemark>
      <name>161</name>
      <description>
        <![CDATA[fid: 156<br>Layer: Layer 4<br>SubClasses: AcDbEntity:AcDbHatch<br>EntityHandle: 1B3<br>Text: SOLID<br>description:]]>
      </description>
      <styleUrl>#poly-FF0000-1000-0</styleUrl>
      <ExtendedData>
        <Data name="fid">
          <value>156</value>
        </Data>
        <Data name="Layer">
          <value>Layer 4</value>
        </Data>
        <Data name="SubClasses">
          <value>AcDbEntity:AcDbHatch</value>
        </Data>
        <Data name="EntityHandle">
          <value>1B3</value>
        </Data>
        <Data name="Text">
          <value>SOLID</value>
        </Data>
        <Data name="description">
        </Data>
      </ExtendedData>
      <Polygon>
        <outerBoundaryIs>
          <LinearRing>
            <tessellate>1</tessellate>
            <coordinates>
              75.023483,15.414818,0 75.023369,15.414735,0 75.023422,15.414668,0 75.02353599999999,15.414752,0 75.023483,15.414818,0
            </coordinates>
          </LinearRing>
        </outerBoundaryIs>
      </Polygon>
    </Placemark>
    <Placemark>
      <name>162</name>
      <description>
        <![CDATA[fid: 157<br>Layer: Layer 4<br>SubClasses: AcDbEntity:AcDbHatch<br>EntityHandle: 1B5<br>Text: SOLID<br>description:]]>
      </description>
      <styleUrl>#poly-FF0000-1000-0</styleUrl>
      <ExtendedData>
        <Data name="fid">
          <value>157</value>
        </Data>
        <Data name="Layer">
          <value>Layer 4</value>
        </Data>
        <Data name="SubClasses">
          <value>AcDbEntity:AcDbHatch</value>
        </Data>
        <Data name="EntityHandle">
          <value>1B5</value>
        </Data>
        <Data name="Text">
          <value>SOLID</value>
        </Data>
        <Data name="description">
        </Data>
      </ExtendedData>
      <Polygon>
        <outerBoundaryIs>
          <LinearRing>
            <tessellate>1</tessellate>
            <coordinates>
              75.023483,15.414818,0 75.02342899999999,15.414885,0 75.02331599999999,15.414801,0 75.023369,15.414735,0 75.023483,15.414818,0
            </coordinates>
          </LinearRing>
        </outerBoundaryIs>
      </Polygon>
    </Placemark>
    <Placemark>
      <name>163</name>
      <description>
        <![CDATA[fid: 158<br>Layer: Layer 4<br>SubClasses: AcDbEntity:AcDbHatch<br>EntityHandle: 1B7<br>Text: SOLID<br>description:]]>
      </description>
      <styleUrl>#poly-FF0000-1000-0</styleUrl>
      <ExtendedData>
        <Data name="fid">
          <value>158</value>
        </Data>
        <Data name="Layer">
          <value>Layer 4</value>
        </Data>
        <Data name="SubClasses">
          <value>AcDbEntity:AcDbHatch</value>
        </Data>
        <Data name="EntityHandle">
          <value>1B7</value>
        </Data>
        <Data name="Text">
          <value>SOLID</value>
        </Data>
        <Data name="description">
        </Data>
      </ExtendedData>
      <Polygon>
        <outerBoundaryIs>
          <LinearRing>
            <tessellate>1</tessellate>
            <coordinates>
              75.023349,15.414985,0 75.02324400000001,15.414891,0 75.02331599999999,15.414801,0 75.02342899999999,15.414885,0 75.023349,15.414985,0
            </coordinates>
          </LinearRing>
        </outerBoundaryIs>
      </Polygon>
    </Placemark>
    <Placemark>
      <name>164</name>
      <description>
        <![CDATA[fid: 159<br>Layer: Layer 4<br>SubClasses: AcDbEntity:AcDbHatch<br>EntityHandle: 1B9<br>Text: SOLID<br>description:]]>
      </description>
      <styleUrl>#poly-FF0000-1000-0</styleUrl>
      <ExtendedData>
        <Data name="fid">
          <value>159</value>
        </Data>
        <Data name="Layer">
          <value>Layer 4</value>
        </Data>
        <Data name="SubClasses">
          <value>AcDbEntity:AcDbHatch</value>
        </Data>
        <Data name="EntityHandle">
          <value>1B9</value>
        </Data>
        <Data name="Text">
          <value>SOLID</value>
        </Data>
        <Data name="description">
        </Data>
      </ExtendedData>
      <Polygon>
        <outerBoundaryIs>
          <LinearRing>
            <tessellate>1</tessellate>
            <coordinates>
              75.02324400000001,15.414891,0 75.02313700000001,15.414796,0 75.023201,15.414716,0 75.02331599999999,15.414801,0 75.02324400000001,15.414891,0
            </coordinates>
          </LinearRing>
        </outerBoundaryIs>
      </Polygon>
    </Placemark>
    <Placemark>
      <name>165</name>
      <description>
        <![CDATA[fid: 160<br>Layer: Layer 4<br>SubClasses: AcDbEntity:AcDbHatch<br>EntityHandle: 1BB<br>Text: SOLID<br>description:]]>
      </description>
      <styleUrl>#poly-FF0000-1000-0</styleUrl>
      <ExtendedData>
        <Data name="fid">
          <value>160</value>
        </Data>
        <Data name="Layer">
          <value>Layer 4</value>
        </Data>
        <Data name="SubClasses">
          <value>AcDbEntity:AcDbHatch</value>
        </Data>
        <Data name="EntityHandle">
          <value>1BB</value>
        </Data>
        <Data name="Text">
          <value>SOLID</value>
        </Data>
        <Data name="description">
        </Data>
      </ExtendedData>
      <Polygon>
        <outerBoundaryIs>
          <LinearRing>
            <tessellate>1</tessellate>
            <coordinates>
              75.023201,15.414716,0 75.02325399999999,15.414651,0 75.023369,15.414735,0 75.02331599999999,15.414801,0 75.023201,15.414716,0
            </coordinates>
          </LinearRing>
        </outerBoundaryIs>
      </Polygon>
    </Placemark>
    <Placemark>
      <name>166</name>
      <description>
        <![CDATA[fid: 161<br>Layer: Layer 4<br>SubClasses: AcDbEntity:AcDbHatch<br>EntityHandle: 1BD<br>Text: SOLID<br>description:]]>
      </description>
      <styleUrl>#poly-FF0000-1000-0</styleUrl>
      <ExtendedData>
        <Data name="fid">
          <value>161</value>
        </Data>
        <Data name="Layer">
          <value>Layer 4</value>
        </Data>
        <Data name="SubClasses">
          <value>AcDbEntity:AcDbHatch</value>
        </Data>
        <Data name="EntityHandle">
          <value>1BD</value>
        </Data>
        <Data name="Text">
          <value>SOLID</value>
        </Data>
        <Data name="description">
        </Data>
      </ExtendedData>
      <Polygon>
        <outerBoundaryIs>
          <LinearRing>
            <tessellate>1</tessellate>
            <coordinates>
              75.02325399999999,15.414651,0 75.023307,15.414584,0 75.023422,15.414668,0 75.023369,15.414735,0 75.02325399999999,15.414651,0
            </coordinates>
          </LinearRing>
        </outerBoundaryIs>
      </Polygon>
    </Placemark>
    <Placemark>
      <name>167</name>
      <description>
        <![CDATA[fid: 162<br>Layer: Layer 4<br>SubClasses: AcDbEntity:AcDbHatch<br>EntityHandle: 1BF<br>Text: SOLID<br>description:]]>
      </description>
      <styleUrl>#poly-FF0000-1000-0</styleUrl>
      <ExtendedData>
        <Data name="fid">
          <value>162</value>
        </Data>
        <Data name="Layer">
          <value>Layer 4</value>
        </Data>
        <Data name="SubClasses">
          <value>AcDbEntity:AcDbHatch</value>
        </Data>
        <Data name="EntityHandle">
          <value>1BF</value>
        </Data>
        <Data name="Text">
          <value>SOLID</value>
        </Data>
        <Data name="description">
        </Data>
      </ExtendedData>
      <Polygon>
        <outerBoundaryIs>
          <LinearRing>
            <tessellate>1</tessellate>
            <coordinates>
              75.023307,15.414584,0 75.02336,15.414518,0 75.02347399999999,15.414603,0 75.023422,15.414668,0 75.023307,15.414584,0
            </coordinates>
          </LinearRing>
        </outerBoundaryIs>
      </Polygon>
    </Placemark>
    <Placemark>
      <name>168</name>
      <description>
        <![CDATA[fid: 163<br>Layer: Layer 4<br>SubClasses: AcDbEntity:AcDbHatch<br>EntityHandle: 1C1<br>Text: SOLID<br>description:]]>
      </description>
      <styleUrl>#poly-FF0000-1000-0</styleUrl>
      <ExtendedData>
        <Data name="fid">
          <value>163</value>
        </Data>
        <Data name="Layer">
          <value>Layer 4</value>
        </Data>
        <Data name="SubClasses">
          <value>AcDbEntity:AcDbHatch</value>
        </Data>
        <Data name="EntityHandle">
          <value>1C1</value>
        </Data>
        <Data name="Text">
          <value>SOLID</value>
        </Data>
        <Data name="description">
        </Data>
      </ExtendedData>
      <Polygon>
        <outerBoundaryIs>
          <LinearRing>
            <tessellate>1</tessellate>
            <coordinates>
              75.02336,15.414518,0 75.02341300000001,15.414452,0 75.023527,15.414536,0 75.02347399999999,15.414603,0 75.02336,15.414518,0
            </coordinates>
          </LinearRing>
        </outerBoundaryIs>
      </Polygon>
    </Placemark>
    <Placemark>
      <name>169</name>
      <description>
        <![CDATA[fid: 164<br>Layer: Layer 4<br>SubClasses: AcDbEntity:AcDbHatch<br>EntityHandle: 1C3<br>Text: SOLID<br>description:]]>
      </description>
      <styleUrl>#poly-FF0000-1000-0</styleUrl>
      <ExtendedData>
        <Data name="fid">
          <value>164</value>
        </Data>
        <Data name="Layer">
          <value>Layer 4</value>
        </Data>
        <Data name="SubClasses">
          <value>AcDbEntity:AcDbHatch</value>
        </Data>
        <Data name="EntityHandle">
          <value>1C3</value>
        </Data>
        <Data name="Text">
          <value>SOLID</value>
        </Data>
        <Data name="description">
        </Data>
      </ExtendedData>
      <Polygon>
        <outerBoundaryIs>
          <LinearRing>
            <tessellate>1</tessellate>
            <coordinates>
              75.02341300000001,15.414452,0 75.023465,15.414387,0 75.02358,15.41447,0 75.023527,15.414536,0 75.02341300000001,15.414452,0
            </coordinates>
          </LinearRing>
        </outerBoundaryIs>
      </Polygon>
    </Placemark>
    <Placemark>
      <name>170</name>
      <description>
        <![CDATA[fid: 165<br>Layer: Layer 4<br>SubClasses: AcDbEntity:AcDbHatch<br>EntityHandle: 1C5<br>Text: SOLID<br>description:]]>
      </description>
      <styleUrl>#poly-FF0000-1000-0</styleUrl>
      <ExtendedData>
        <Data name="fid">
          <value>165</value>
        </Data>
        <Data name="Layer">
          <value>Layer 4</value>
        </Data>
        <Data name="SubClasses">
          <value>AcDbEntity:AcDbHatch</value>
        </Data>
        <Data name="EntityHandle">
          <value>1C5</value>
        </Data>
        <Data name="Text">
          <value>SOLID</value>
        </Data>
        <Data name="description">
        </Data>
      </ExtendedData>
      <Polygon>
        <outerBoundaryIs>
          <LinearRing>
            <tessellate>1</tessellate>
            <coordinates>
              75.023465,15.414387,0 75.023518,15.414321,0 75.02363200000001,15.414405,0 75.02358,15.41447,0 75.023465,15.414387,0
            </coordinates>
          </LinearRing>
        </outerBoundaryIs>
      </Polygon>
    </Placemark>
    <Placemark>
      <name>171</name>
      <description>
        <![CDATA[fid: 166<br>Layer: Layer 4<br>SubClasses: AcDbEntity:AcDbHatch<br>EntityHandle: 1C7<br>Text: SOLID<br>description:]]>
      </description>
      <styleUrl>#poly-FF0000-1000-0</styleUrl>
      <ExtendedData>
        <Data name="fid">
          <value>166</value>
        </Data>
        <Data name="Layer">
          <value>Layer 4</value>
        </Data>
        <Data name="SubClasses">
          <value>AcDbEntity:AcDbHatch</value>
        </Data>
        <Data name="EntityHandle">
          <value>1C7</value>
        </Data>
        <Data name="Text">
          <value>SOLID</value>
        </Data>
        <Data name="description">
        </Data>
      </ExtendedData>
      <Polygon>
        <outerBoundaryIs>
          <LinearRing>
            <tessellate>1</tessellate>
            <coordinates>
              75.023518,15.414321,0 75.02357000000001,15.414257,0 75.023684,15.41434,0 75.02363200000001,15.414405,0 75.023518,15.414321,0
            </coordinates>
          </LinearRing>
        </outerBoundaryIs>
      </Polygon>
    </Placemark>
    <Placemark>
      <name>172</name>
      <description>
        <![CDATA[fid: 167<br>Layer: Layer 4<br>SubClasses: AcDbEntity:AcDbHatch<br>EntityHandle: 1C9<br>Text: SOLID<br>description:]]>
      </description>
      <styleUrl>#poly-FF0000-1000-0</styleUrl>
      <ExtendedData>
        <Data name="fid">
          <value>167</value>
        </Data>
        <Data name="Layer">
          <value>Layer 4</value>
        </Data>
        <Data name="SubClasses">
          <value>AcDbEntity:AcDbHatch</value>
        </Data>
        <Data name="EntityHandle">
          <value>1C9</value>
        </Data>
        <Data name="Text">
          <value>SOLID</value>
        </Data>
        <Data name="description">
        </Data>
      </ExtendedData>
      <Polygon>
        <outerBoundaryIs>
          <LinearRing>
            <tessellate>1</tessellate>
            <coordinates>
              75.02357000000001,15.414257,0 75.023623,15.414191,0 75.023737,15.414274,0 75.023684,15.41434,0 75.02357000000001,15.414257,0
            </coordinates>
          </LinearRing>
        </outerBoundaryIs>
      </Polygon>
    </Placemark>
    <Placemark>
      <name>173</name>
      <description>
        <![CDATA[fid: 168<br>Layer: Layer 4<br>SubClasses: AcDbEntity:AcDbHatch<br>EntityHandle: 1CB<br>Text: SOLID<br>description:]]>
      </description>
      <styleUrl>#poly-FF0000-1000-0</styleUrl>
      <ExtendedData>
        <Data name="fid">
          <value>168</value>
        </Data>
        <Data name="Layer">
          <value>Layer 4</value>
        </Data>
        <Data name="SubClasses">
          <value>AcDbEntity:AcDbHatch</value>
        </Data>
        <Data name="EntityHandle">
          <value>1CB</value>
        </Data>
        <Data name="Text">
          <value>SOLID</value>
        </Data>
        <Data name="description">
        </Data>
      </ExtendedData>
      <Polygon>
        <outerBoundaryIs>
          <LinearRing>
            <tessellate>1</tessellate>
            <coordinates>
              75.023623,15.414191,0 75.023675,15.414126,0 75.02378899999999,15.414209,0 75.023737,15.414274,0 75.023623,15.414191,0
            </coordinates>
          </LinearRing>
        </outerBoundaryIs>
      </Polygon>
    </Placemark>
    <Placemark>
      <name>174</name>
      <description>
        <![CDATA[fid: 169<br>Layer: Layer 4<br>SubClasses: AcDbEntity:AcDbHatch<br>EntityHandle: 1CD<br>Text: SOLID<br>description:]]>
      </description>
      <styleUrl>#poly-FF0000-1000-0</styleUrl>
      <ExtendedData>
        <Data name="fid">
          <value>169</value>
        </Data>
        <Data name="Layer">
          <value>Layer 4</value>
        </Data>
        <Data name="SubClasses">
          <value>AcDbEntity:AcDbHatch</value>
        </Data>
        <Data name="EntityHandle">
          <value>1CD</value>
        </Data>
        <Data name="Text">
          <value>SOLID</value>
        </Data>
        <Data name="description">
        </Data>
      </ExtendedData>
      <Polygon>
        <outerBoundaryIs>
          <LinearRing>
            <tessellate>1</tessellate>
            <coordinates>
              75.023675,15.414126,0 75.023729,15.414059,0 75.023843,15.414142,0 75.02378899999999,15.414209,0 75.023675,15.414126,0
            </coordinates>
          </LinearRing>
        </outerBoundaryIs>
      </Polygon>
    </Placemark>
    <Placemark>
      <name>175</name>
      <description>
        <![CDATA[fid: 170<br>Layer: Layer 4<br>SubClasses: AcDbEntity:AcDbHatch<br>EntityHandle: 1CF<br>Text: SOLID<br>description:]]>
      </description>
      <styleUrl>#poly-FF0000-1000-0</styleUrl>
      <ExtendedData>
        <Data name="fid">
          <value>170</value>
        </Data>
        <Data name="Layer">
          <value>Layer 4</value>
        </Data>
        <Data name="SubClasses">
          <value>AcDbEntity:AcDbHatch</value>
        </Data>
        <Data name="EntityHandle">
          <value>1CF</value>
        </Data>
        <Data name="Text">
          <value>SOLID</value>
        </Data>
        <Data name="description">
        </Data>
      </ExtendedData>
      <Polygon>
        <outerBoundaryIs>
          <LinearRing>
            <tessellate>1</tessellate>
            <coordinates>
              75.023729,15.414059,0 75.023781,15.413994,0 75.02389599999999,15.414076,0 75.023843,15.414142,0 75.023729,15.414059,0
            </coordinates>
          </LinearRing>
        </outerBoundaryIs>
      </Polygon>
    </Placemark>
    <Placemark>
      <name>176</name>
      <description>
        <![CDATA[fid: 171<br>Layer: Layer 4<br>SubClasses: AcDbEntity:AcDbHatch<br>EntityHandle: 1D1<br>Text: SOLID<br>description:]]>
      </description>
      <styleUrl>#poly-FF0000-1000-0</styleUrl>
      <ExtendedData>
        <Data name="fid">
          <value>171</value>
        </Data>
        <Data name="Layer">
          <value>Layer 4</value>
        </Data>
        <Data name="SubClasses">
          <value>AcDbEntity:AcDbHatch</value>
        </Data>
        <Data name="EntityHandle">
          <value>1D1</value>
        </Data>
        <Data name="Text">
          <value>SOLID</value>
        </Data>
        <Data name="description">
        </Data>
      </ExtendedData>
      <Polygon>
        <outerBoundaryIs>
          <LinearRing>
            <tessellate>1</tessellate>
            <coordinates>
              75.02365899999999,15.41401,0 75.02354699999999,15.413928,0 75.023599,15.413862,0 75.023712,15.413945,0 75.02365899999999,15.41401,0
            </coordinates>
          </LinearRing>
        </outerBoundaryIs>
      </Polygon>
    </Placemark>
    <Placemark>
      <name>177</name>
      <description>
        <![CDATA[fid: 172<br>Layer: Layer 4<br>SubClasses: AcDbEntity:AcDbHatch<br>EntityHandle: 1D3<br>Text: SOLID<br>description:]]>
      </description>
      <styleUrl>#poly-FF0000-1000-0</styleUrl>
      <ExtendedData>
        <Data name="fid">
          <value>172</value>
        </Data>
        <Data name="Layer">
          <value>Layer 4</value>
        </Data>
        <Data name="SubClasses">
          <value>AcDbEntity:AcDbHatch</value>
        </Data>
        <Data name="EntityHandle">
          <value>1D3</value>
        </Data>
        <Data name="Text">
          <value>SOLID</value>
        </Data>
        <Data name="description">
        </Data>
      </ExtendedData>
      <Polygon>
        <outerBoundaryIs>
          <LinearRing>
            <tessellate>1</tessellate>
            <coordinates>
              75.023607,15.414075,0 75.023494,15.413993,0 75.02354699999999,15.413928,0 75.02365899999999,15.41401,0 75.023607,15.414075,0
            </coordinates>
          </LinearRing>
        </outerBoundaryIs>
      </Polygon>
    </Placemark>
    <Placemark>
      <name>178</name>
      <description>
        <![CDATA[fid: 173<br>Layer: Layer 4<br>SubClasses: AcDbEntity:AcDbHatch<br>EntityHandle: 1D5<br>Text: SOLID<br>description:]]>
      </description>
      <styleUrl>#poly-FF0000-1000-0</styleUrl>
      <ExtendedData>
        <Data name="fid">
          <value>173</value>
        </Data>
        <Data name="Layer">
          <value>Layer 4</value>
        </Data>
        <Data name="SubClasses">
          <value>AcDbEntity:AcDbHatch</value>
        </Data>
        <Data name="EntityHandle">
          <value>1D5</value>
        </Data>
        <Data name="Text">
          <value>SOLID</value>
        </Data>
        <Data name="description">
        </Data>
      </ExtendedData>
      <Polygon>
        <outerBoundaryIs>
          <LinearRing>
            <tessellate>1</tessellate>
            <coordinates>
              75.023555,15.414141,0 75.023442,15.414058,0 75.023494,15.413993,0 75.023607,15.414075,0 75.023555,15.414141,0
            </coordinates>
          </LinearRing>
        </outerBoundaryIs>
      </Polygon>
    </Placemark>
    <Placemark>
      <name>179</name>
      <description>
        <![CDATA[fid: 174<br>Layer: Layer 4<br>SubClasses: AcDbEntity:AcDbHatch<br>EntityHandle: 1D7<br>Text: SOLID<br>description:]]>
      </description>
      <styleUrl>#poly-FF0000-1000-0</styleUrl>
      <ExtendedData>
        <Data name="fid">
          <value>174</value>
        </Data>
        <Data name="Layer">
          <value>Layer 4</value>
        </Data>
        <Data name="SubClasses">
          <value>AcDbEntity:AcDbHatch</value>
        </Data>
        <Data name="EntityHandle">
          <value>1D7</value>
        </Data>
        <Data name="Text">
          <value>SOLID</value>
        </Data>
        <Data name="description">
        </Data>
      </ExtendedData>
      <Polygon>
        <outerBoundaryIs>
          <LinearRing>
            <tessellate>1</tessellate>
            <coordinates>
              75.02350300000001,15.414206,0 75.02338899999999,15.414123,0 75.023442,15.414058,0 75.023555,15.414141,0 75.02350300000001,15.414206,0
            </coordinates>
          </LinearRing>
        </outerBoundaryIs>
      </Polygon>
    </Placemark>
    <Placemark>
      <name>180</name>
      <description>
        <![CDATA[fid: 175<br>Layer: Layer 4<br>SubClasses: AcDbEntity:AcDbHatch<br>EntityHandle: 1D9<br>Text: SOLID<br>description:]]>
      </description>
      <styleUrl>#poly-FF0000-1000-0</styleUrl>
      <ExtendedData>
        <Data name="fid">
          <value>175</value>
        </Data>
        <Data name="Layer">
          <value>Layer 4</value>
        </Data>
        <Data name="SubClasses">
          <value>AcDbEntity:AcDbHatch</value>
        </Data>
        <Data name="EntityHandle">
          <value>1D9</value>
        </Data>
        <Data name="Text">
          <value>SOLID</value>
        </Data>
        <Data name="description">
        </Data>
      </ExtendedData>
      <Polygon>
        <outerBoundaryIs>
          <LinearRing>
            <tessellate>1</tessellate>
            <coordinates>
              75.02345099999999,15.41427,0 75.023338,15.414187,0 75.02338899999999,15.414123,0 75.02350300000001,15.414206,0 75.02345099999999,15.41427,0
            </coordinates>
          </LinearRing>
        </outerBoundaryIs>
      </Polygon>
    </Placemark>
    <Placemark>
      <name>181</name>
      <description>
        <![CDATA[fid: 176<br>Layer: Layer 4<br>SubClasses: AcDbEntity:AcDbHatch<br>EntityHandle: 1DB<br>Text: SOLID<br>description:]]>
      </description>
      <styleUrl>#poly-FF0000-1000-0</styleUrl>
      <ExtendedData>
        <Data name="fid">
          <value>176</value>
        </Data>
        <Data name="Layer">
          <value>Layer 4</value>
        </Data>
        <Data name="SubClasses">
          <value>AcDbEntity:AcDbHatch</value>
        </Data>
        <Data name="EntityHandle">
          <value>1DB</value>
        </Data>
        <Data name="Text">
          <value>SOLID</value>
        </Data>
        <Data name="description">
        </Data>
      </ExtendedData>
      <Polygon>
        <outerBoundaryIs>
          <LinearRing>
            <tessellate>1</tessellate>
            <coordinates>
              75.023399,15.414335,0 75.023285,15.414253,0 75.023338,15.414187,0 75.02345099999999,15.41427,0 75.023399,15.414335,0
            </coordinates>
          </LinearRing>
        </outerBoundaryIs>
      </Polygon>
    </Placemark>
    <Placemark>
      <name>182</name>
      <description>
        <![CDATA[fid: 177<br>Layer: Layer 4<br>SubClasses: AcDbEntity:AcDbHatch<br>EntityHandle: 1DD<br>Text: SOLID<br>description:]]>
      </description>
      <styleUrl>#poly-FF0000-1000-0</styleUrl>
      <ExtendedData>
        <Data name="fid">
          <value>177</value>
        </Data>
        <Data name="Layer">
          <value>Layer 4</value>
        </Data>
        <Data name="SubClasses">
          <value>AcDbEntity:AcDbHatch</value>
        </Data>
        <Data name="EntityHandle">
          <value>1DD</value>
        </Data>
        <Data name="Text">
          <value>SOLID</value>
        </Data>
        <Data name="description">
        </Data>
      </ExtendedData>
      <Polygon>
        <outerBoundaryIs>
          <LinearRing>
            <tessellate>1</tessellate>
            <coordinates>
              75.02334399999999,15.414403,0 75.02323199999999,15.41432,0 75.023285,15.414253,0 75.023399,15.414335,0 75.02334399999999,15.414403,0
            </coordinates>
          </LinearRing>
        </outerBoundaryIs>
      </Polygon>
    </Placemark>
    <Placemark>
      <name>183</name>
      <description>
        <![CDATA[fid: 178<br>Layer: Layer 4<br>SubClasses: AcDbEntity:AcDbHatch<br>EntityHandle: 1DF<br>Text: SOLID<br>description:]]>
      </description>
      <styleUrl>#poly-FF0000-1000-0</styleUrl>
      <ExtendedData>
        <Data name="fid">
          <value>178</value>
        </Data>
        <Data name="Layer">
          <value>Layer 4</value>
        </Data>
        <Data name="SubClasses">
          <value>AcDbEntity:AcDbHatch</value>
        </Data>
        <Data name="EntityHandle">
          <value>1DF</value>
        </Data>
        <Data name="Text">
          <value>SOLID</value>
        </Data>
        <Data name="description">
        </Data>
      </ExtendedData>
      <Polygon>
        <outerBoundaryIs>
          <LinearRing>
            <tessellate>1</tessellate>
            <coordinates>
              75.023293,15.414468,0 75.023179,15.414385,0 75.02323199999999,15.41432,0 75.02334399999999,15.414403,0 75.023293,15.414468,0
            </coordinates>
          </LinearRing>
        </outerBoundaryIs>
      </Polygon>
    </Placemark>
    <Placemark>
      <name>184</name>
      <description>
        <![CDATA[fid: 179<br>Layer: Layer 4<br>SubClasses: AcDbEntity:AcDbHatch<br>EntityHandle: 1E1<br>Text: SOLID<br>description:]]>
      </description>
      <styleUrl>#poly-FF0000-1000-0</styleUrl>
      <ExtendedData>
        <Data name="fid">
          <value>179</value>
        </Data>
        <Data name="Layer">
          <value>Layer 4</value>
        </Data>
        <Data name="SubClasses">
          <value>AcDbEntity:AcDbHatch</value>
        </Data>
        <Data name="EntityHandle">
          <value>1E1</value>
        </Data>
        <Data name="Text">
          <value>SOLID</value>
        </Data>
        <Data name="description">
        </Data>
      </ExtendedData>
      <Polygon>
        <outerBoundaryIs>
          <LinearRing>
            <tessellate>1</tessellate>
            <coordinates>
              75.02324,15.414533,0 75.023127,15.41445,0 75.023179,15.414385,0 75.023293,15.414468,0 75.02324,15.414533,0
            </coordinates>
          </LinearRing>
        </outerBoundaryIs>
      </Polygon>
    </Placemark>
    <Placemark>
      <name>185</name>
      <description>
        <![CDATA[fid: 180<br>Layer: Layer 4<br>SubClasses: AcDbEntity:AcDbHatch<br>EntityHandle: 1E3<br>Text: SOLID<br>description:]]>
      </description>
      <styleUrl>#poly-FF0000-1000-0</styleUrl>
      <ExtendedData>
        <Data name="fid">
          <value>180</value>
        </Data>
        <Data name="Layer">
          <value>Layer 4</value>
        </Data>
        <Data name="SubClasses">
          <value>AcDbEntity:AcDbHatch</value>
        </Data>
        <Data name="EntityHandle">
          <value>1E3</value>
        </Data>
        <Data name="Text">
          <value>SOLID</value>
        </Data>
        <Data name="description">
        </Data>
      </ExtendedData>
      <Polygon>
        <outerBoundaryIs>
          <LinearRing>
            <tessellate>1</tessellate>
            <coordinates>
              75.02324,15.414533,0 75.023188,15.414599,0 75.02307399999999,15.414516,0 75.023127,15.41445,0 75.02324,15.414533,0
            </coordinates>
          </LinearRing>
        </outerBoundaryIs>
      </Polygon>
    </Placemark>
    <Placemark>
      <name>186</name>
      <description>
        <![CDATA[fid: 181<br>Layer: Layer 4<br>SubClasses: AcDbEntity:AcDbHatch<br>EntityHandle: 1E5<br>Text: SOLID<br>description:]]>
      </description>
      <styleUrl>#poly-FF0000-1000-0</styleUrl>
      <ExtendedData>
        <Data name="fid">
          <value>181</value>
        </Data>
        <Data name="Layer">
          <value>Layer 4</value>
        </Data>
        <Data name="SubClasses">
          <value>AcDbEntity:AcDbHatch</value>
        </Data>
        <Data name="EntityHandle">
          <value>1E5</value>
        </Data>
        <Data name="Text">
          <value>SOLID</value>
        </Data>
        <Data name="description">
        </Data>
      </ExtendedData>
      <Polygon>
        <outerBoundaryIs>
          <LinearRing>
            <tessellate>1</tessellate>
            <coordinates>
              75.023076,15.414739,0 75.02297,15.414645,0 75.02307399999999,15.414516,0 75.023188,15.414599,0 75.023076,15.414739,0
            </coordinates>
          </LinearRing>
        </outerBoundaryIs>
      </Polygon>
    </Placemark>
    <Placemark>
      <name>187</name>
      <description>
        <![CDATA[fid: 182<br>Layer: Layer 4<br>SubClasses: AcDbEntity:AcDbHatch<br>EntityHandle: 1E7<br>Text: SOLID<br>description:]]>
      </description>
      <styleUrl>#poly-FF0000-1000-0</styleUrl>
      <ExtendedData>
        <Data name="fid">
          <value>182</value>
        </Data>
        <Data name="Layer">
          <value>Layer 4</value>
        </Data>
        <Data name="SubClasses">
          <value>AcDbEntity:AcDbHatch</value>
        </Data>
        <Data name="EntityHandle">
          <value>1E7</value>
        </Data>
        <Data name="Text">
          <value>SOLID</value>
        </Data>
        <Data name="description">
        </Data>
      </ExtendedData>
      <Polygon>
        <outerBoundaryIs>
          <LinearRing>
            <tessellate>1</tessellate>
            <coordinates>
              75.02297,15.414645,0 75.02286599999999,15.414553,0 75.02296200000001,15.414434,0 75.02307399999999,15.414516,0 75.02297,15.414645,0
            </coordinates>
          </LinearRing>
        </outerBoundaryIs>
      </Polygon>
    </Placemark>
    <Placemark>
      <name>188</name>
      <description>
        <![CDATA[fid: 183<br>Layer: Layer 4<br>SubClasses: AcDbEntity:AcDbHatch<br>EntityHandle: 1E9<br>Text: SOLID<br>description:]]>
      </description>
      <styleUrl>#poly-FF0000-1000-0</styleUrl>
      <ExtendedData>
        <Data name="fid">
          <value>183</value>
        </Data>
        <Data name="Layer">
          <value>Layer 4</value>
        </Data>
        <Data name="SubClasses">
          <value>AcDbEntity:AcDbHatch</value>
        </Data>
        <Data name="EntityHandle">
          <value>1E9</value>
        </Data>
        <Data name="Text">
          <value>SOLID</value>
        </Data>
        <Data name="description">
        </Data>
      </ExtendedData>
      <Polygon>
        <outerBoundaryIs>
          <LinearRing>
            <tessellate>1</tessellate>
            <coordinates>
              75.02296200000001,15.414434,0 75.023014,15.414368,0 75.023127,15.41445,0 75.02307399999999,15.414516,0 75.02296200000001,15.414434,0
            </coordinates>
          </LinearRing>
        </outerBoundaryIs>
      </Polygon>
    </Placemark>
    <Placemark>
      <name>189</name>
      <description>
        <![CDATA[fid: 184<br>Layer: Layer 4<br>SubClasses: AcDbEntity:AcDbHatch<br>EntityHandle: 1EB<br>Text: SOLID<br>description:]]>
      </description>
      <styleUrl>#poly-FF0000-1000-0</styleUrl>
      <ExtendedData>
        <Data name="fid">
          <value>184</value>
        </Data>
        <Data name="Layer">
          <value>Layer 4</value>
        </Data>
        <Data name="SubClasses">
          <value>AcDbEntity:AcDbHatch</value>
        </Data>
        <Data name="EntityHandle">
          <value>1EB</value>
        </Data>
        <Data name="Text">
          <value>SOLID</value>
        </Data>
        <Data name="description">
        </Data>
      </ExtendedData>
      <Polygon>
        <outerBoundaryIs>
          <LinearRing>
            <tessellate>1</tessellate>
            <coordinates>
              75.023014,15.414368,0 75.023067,15.414302,0 75.023179,15.414385,0 75.023127,15.41445,0 75.023014,15.414368,0
            </coordinates>
          </LinearRing>
        </outerBoundaryIs>
      </Polygon>
    </Placemark>
    <Placemark>
      <name>190</name>
      <description>
        <![CDATA[fid: 185<br>Layer: Layer 4<br>SubClasses: AcDbEntity:AcDbHatch<br>EntityHandle: 1ED<br>Text: SOLID<br>description:]]>
      </description>
      <styleUrl>#poly-FF0000-1000-0</styleUrl>
      <ExtendedData>
        <Data name="fid">
          <value>185</value>
        </Data>
        <Data name="Layer">
          <value>Layer 4</value>
        </Data>
        <Data name="SubClasses">
          <value>AcDbEntity:AcDbHatch</value>
        </Data>
        <Data name="EntityHandle">
          <value>1ED</value>
        </Data>
        <Data name="Text">
          <value>SOLID</value>
        </Data>
        <Data name="description">
        </Data>
      </ExtendedData>
      <Polygon>
        <outerBoundaryIs>
          <LinearRing>
            <tessellate>1</tessellate>
            <coordinates>
              75.023067,15.414302,0 75.02312000000001,15.414236,0 75.02323199999999,15.41432,0 75.023179,15.414385,0 75.023067,15.414302,0
            </coordinates>
          </LinearRing>
        </outerBoundaryIs>
      </Polygon>
    </Placemark>
    <Placemark>
      <name>191</name>
      <description>
        <![CDATA[fid: 186<br>Layer: Layer 4<br>SubClasses: AcDbEntity:AcDbHatch<br>EntityHandle: 1EF<br>Text: SOLID<br>description:]]>
      </description>
      <styleUrl>#poly-FF0000-1000-0</styleUrl>
      <ExtendedData>
        <Data name="fid">
          <value>186</value>
        </Data>
        <Data name="Layer">
          <value>Layer 4</value>
        </Data>
        <Data name="SubClasses">
          <value>AcDbEntity:AcDbHatch</value>
        </Data>
        <Data name="EntityHandle">
          <value>1EF</value>
        </Data>
        <Data name="Text">
          <value>SOLID</value>
        </Data>
        <Data name="description">
        </Data>
      </ExtendedData>
      <Polygon>
        <outerBoundaryIs>
          <LinearRing>
            <tessellate>1</tessellate>
            <coordinates>
              75.02312000000001,15.414236,0 75.023172,15.414171,0 75.023285,15.414253,0 75.02323199999999,15.41432,0 75.02312000000001,15.414236,0
            </coordinates>
          </LinearRing>
        </outerBoundaryIs>
      </Polygon>
    </Placemark>
    <Placemark>
      <name>192</name>
      <description>
        <![CDATA[fid: 187<br>Layer: Layer 4<br>SubClasses: AcDbEntity:AcDbHatch<br>EntityHandle: 1F1<br>Text: SOLID<br>description:]]>
      </description>
      <styleUrl>#poly-FF0000-1000-0</styleUrl>
      <ExtendedData>
        <Data name="fid">
          <value>187</value>
        </Data>
        <Data name="Layer">
          <value>Layer 4</value>
        </Data>
        <Data name="SubClasses">
          <value>AcDbEntity:AcDbHatch</value>
        </Data>
        <Data name="EntityHandle">
          <value>1F1</value>
        </Data>
        <Data name="Text">
          <value>SOLID</value>
        </Data>
        <Data name="description">
        </Data>
      </ExtendedData>
      <Polygon>
        <outerBoundaryIs>
          <LinearRing>
            <tessellate>1</tessellate>
            <coordinates>
              75.023172,15.414171,0 75.023225,15.414105,0 75.023338,15.414187,0 75.023285,15.414253,0 75.023172,15.414171,0
            </coordinates>
          </LinearRing>
        </outerBoundaryIs>
      </Polygon>
    </Placemark>
    <Placemark>
      <name>193</name>
      <description>
        <![CDATA[fid: 188<br>Layer: Layer 4<br>SubClasses: AcDbEntity:AcDbHatch<br>EntityHandle: 1F3<br>Text: SOLID<br>description:]]>
      </description>
      <styleUrl>#poly-FF0000-1000-0</styleUrl>
      <ExtendedData>
        <Data name="fid">
          <value>188</value>
        </Data>
        <Data name="Layer">
          <value>Layer 4</value>
        </Data>
        <Data name="SubClasses">
          <value>AcDbEntity:AcDbHatch</value>
        </Data>
        <Data name="EntityHandle">
          <value>1F3</value>
        </Data>
        <Data name="Text">
          <value>SOLID</value>
        </Data>
        <Data name="description">
        </Data>
      </ExtendedData>
      <Polygon>
        <outerBoundaryIs>
          <LinearRing>
            <tessellate>1</tessellate>
            <coordinates>
              75.023225,15.414105,0 75.023276,15.414041,0 75.02338899999999,15.414123,0 75.023338,15.414187,0 75.023225,15.414105,0
            </coordinates>
          </LinearRing>
        </outerBoundaryIs>
      </Polygon>
    </Placemark>
    <Placemark>
      <name>194</name>
      <description>
        <![CDATA[fid: 189<br>Layer: Layer 4<br>SubClasses: AcDbEntity:AcDbHatch<br>EntityHandle: 1F5<br>Text: SOLID<br>description:]]>
      </description>
      <styleUrl>#poly-FF0000-1000-0</styleUrl>
      <ExtendedData>
        <Data name="fid">
          <value>189</value>
        </Data>
        <Data name="Layer">
          <value>Layer 4</value>
        </Data>
        <Data name="SubClasses">
          <value>AcDbEntity:AcDbHatch</value>
        </Data>
        <Data name="EntityHandle">
          <value>1F5</value>
        </Data>
        <Data name="Text">
          <value>SOLID</value>
        </Data>
        <Data name="description">
        </Data>
      </ExtendedData>
      <Polygon>
        <outerBoundaryIs>
          <LinearRing>
            <tessellate>1</tessellate>
            <coordinates>
              75.023276,15.414041,0 75.02332800000001,15.413975,0 75.023442,15.414058,0 75.02338899999999,15.414123,0 75.023276,15.414041,0
            </coordinates>
          </LinearRing>
        </outerBoundaryIs>
      </Polygon>
    </Placemark>
    <Placemark>
      <name>195</name>
      <description>
        <![CDATA[fid: 190<br>Layer: Layer 4<br>SubClasses: AcDbEntity:AcDbHatch<br>EntityHandle: 1F7<br>Text: SOLID<br>description:]]>
      </description>
      <styleUrl>#poly-FF0000-1000-0</styleUrl>
      <ExtendedData>
        <Data name="fid">
          <value>190</value>
        </Data>
        <Data name="Layer">
          <value>Layer 4</value>
        </Data>
        <Data name="SubClasses">
          <value>AcDbEntity:AcDbHatch</value>
        </Data>
        <Data name="EntityHandle">
          <value>1F7</value>
        </Data>
        <Data name="Text">
          <value>SOLID</value>
        </Data>
        <Data name="description">
        </Data>
      </ExtendedData>
      <Polygon>
        <outerBoundaryIs>
          <LinearRing>
            <tessellate>1</tessellate>
            <coordinates>
              75.02332800000001,15.413975,0 75.023381,15.41391,0 75.023494,15.413993,0 75.023442,15.414058,0 75.02332800000001,15.413975,0
            </coordinates>
          </LinearRing>
        </outerBoundaryIs>
      </Polygon>
    </Placemark>
    <Placemark>
      <name>196</name>
      <description>
        <![CDATA[fid: 191<br>Layer: Layer 4<br>SubClasses: AcDbEntity:AcDbHatch<br>EntityHandle: 1F9<br>Text: SOLID<br>description:]]>
      </description>
      <styleUrl>#poly-FF0000-1000-0</styleUrl>
      <ExtendedData>
        <Data name="fid">
          <value>191</value>
        </Data>
        <Data name="Layer">
          <value>Layer 4</value>
        </Data>
        <Data name="SubClasses">
          <value>AcDbEntity:AcDbHatch</value>
        </Data>
        <Data name="EntityHandle">
          <value>1F9</value>
        </Data>
        <Data name="Text">
          <value>SOLID</value>
        </Data>
        <Data name="description">
        </Data>
      </ExtendedData>
      <Polygon>
        <outerBoundaryIs>
          <LinearRing>
            <tessellate>1</tessellate>
            <coordinates>
              75.023381,15.41391,0 75.023433,15.413844,0 75.02354699999999,15.413928,0 75.023494,15.413993,0 75.023381,15.41391,0
            </coordinates>
          </LinearRing>
        </outerBoundaryIs>
      </Polygon>
    </Placemark>
    <Placemark>
      <name>197</name>
      <description>
        <![CDATA[fid: 192<br>Layer: Layer 4<br>SubClasses: AcDbEntity:AcDbHatch<br>EntityHandle: 1FB<br>Text: SOLID<br>description:]]>
      </description>
      <styleUrl>#poly-FF0000-1000-0</styleUrl>
      <ExtendedData>
        <Data name="fid">
          <value>192</value>
        </Data>
        <Data name="Layer">
          <value>Layer 4</value>
        </Data>
        <Data name="SubClasses">
          <value>AcDbEntity:AcDbHatch</value>
        </Data>
        <Data name="EntityHandle">
          <value>1FB</value>
        </Data>
        <Data name="Text">
          <value>SOLID</value>
        </Data>
        <Data name="description">
        </Data>
      </ExtendedData>
      <Polygon>
        <outerBoundaryIs>
          <LinearRing>
            <tessellate>1</tessellate>
            <coordinates>
              75.023433,15.413844,0 75.02348499999999,15.413779,0 75.023599,15.413862,0 75.02354699999999,15.413928,0 75.023433,15.413844,0
            </coordinates>
          </LinearRing>
        </outerBoundaryIs>
      </Polygon>
    </Placemark>
    <Placemark>
      <name>198</name>
      <description>
        <![CDATA[fid: 193<br>Layer: Layer 4<br>SubClasses: AcDbEntity:AcDbHatch<br>EntityHandle: 1FD<br>Text: SOLID<br>description:]]>
      </description>
      <styleUrl>#poly-FF0000-1000-0</styleUrl>
      <ExtendedData>
        <Data name="fid">
          <value>193</value>
        </Data>
        <Data name="Layer">
          <value>Layer 4</value>
        </Data>
        <Data name="SubClasses">
          <value>AcDbEntity:AcDbHatch</value>
        </Data>
        <Data name="EntityHandle">
          <value>1FD</value>
        </Data>
        <Data name="Text">
          <value>SOLID</value>
        </Data>
        <Data name="description">
        </Data>
      </ExtendedData>
      <Polygon>
        <outerBoundaryIs>
          <LinearRing>
            <tessellate>1</tessellate>
            <coordinates>
              75.023402,15.41375,0 75.02321000000001,15.413989,0 75.023093,15.413906,0 75.023138,15.413851,0 75.023405,15.413746,0 75.023402,15.41375,0
            </coordinates>
          </LinearRing>
        </outerBoundaryIs>
      </Polygon>
    </Placemark>
    <Placemark>
      <name>199</name>
      <description>
        <![CDATA[fid: 194<br>Layer: Layer 4<br>SubClasses: AcDbEntity:AcDbHatch<br>EntityHandle: 1FF<br>Text: SOLID<br>description:]]>
      </description>
      <styleUrl>#poly-FF0000-1000-0</styleUrl>
      <ExtendedData>
        <Data name="fid">
          <value>194</value>
        </Data>
        <Data name="Layer">
          <value>Layer 4</value>
        </Data>
        <Data name="SubClasses">
          <value>AcDbEntity:AcDbHatch</value>
        </Data>
        <Data name="EntityHandle">
          <value>1FF</value>
        </Data>
        <Data name="Text">
          <value>SOLID</value>
        </Data>
        <Data name="description">
        </Data>
      </ExtendedData>
      <Polygon>
        <outerBoundaryIs>
          <LinearRing>
            <tessellate>1</tessellate>
            <coordinates>
              75.023158,15.414054,0 75.023042,15.41397,0 75.023093,15.413906,0 75.02321000000001,15.413989,0 75.023158,15.414054,0
            </coordinates>
          </LinearRing>
        </outerBoundaryIs>
      </Polygon>
    </Placemark>
    <Placemark>
      <name>200</name>
      <description>
        <![CDATA[fid: 195<br>Layer: Layer 4<br>SubClasses: AcDbEntity:AcDbHatch<br>EntityHandle: 201<br>Text: SOLID<br>description:]]>
      </description>
      <styleUrl>#poly-FF0000-1000-0</styleUrl>
      <ExtendedData>
        <Data name="fid">
          <value>195</value>
        </Data>
        <Data name="Layer">
          <value>Layer 4</value>
        </Data>
        <Data name="SubClasses">
          <value>AcDbEntity:AcDbHatch</value>
        </Data>
        <Data name="EntityHandle">
          <value>201</value>
        </Data>
        <Data name="Text">
          <value>SOLID</value>
        </Data>
        <Data name="description">
        </Data>
      </ExtendedData>
      <Polygon>
        <outerBoundaryIs>
          <LinearRing>
            <tessellate>1</tessellate>
            <coordinates>
              75.023106,15.414119,0 75.02298999999999,15.414035,0 75.023042,15.41397,0 75.023158,15.414054,0 75.023106,15.414119,0
            </coordinates>
          </LinearRing>
        </outerBoundaryIs>
      </Polygon>
    </Placemark>
    <Placemark>
      <name>201</name>
      <description>
        <![CDATA[fid: 196<br>Layer: Layer 4<br>SubClasses: AcDbEntity:AcDbHatch<br>EntityHandle: 203<br>Text: SOLID<br>description:]]>
      </description>
      <styleUrl>#poly-FF0000-1000-0</styleUrl>
      <ExtendedData>
        <Data name="fid">
          <value>196</value>
        </Data>
        <Data name="Layer">
          <value>Layer 4</value>
        </Data>
        <Data name="SubClasses">
          <value>AcDbEntity:AcDbHatch</value>
        </Data>
        <Data name="EntityHandle">
          <value>203</value>
        </Data>
        <Data name="Text">
          <value>SOLID</value>
        </Data>
        <Data name="description">
        </Data>
      </ExtendedData>
      <Polygon>
        <outerBoundaryIs>
          <LinearRing>
            <tessellate>1</tessellate>
            <coordinates>
              75.023106,15.414119,0 75.023053,15.414185,0 75.022936,15.414101,0 75.02298999999999,15.414035,0 75.023106,15.414119,0
            </coordinates>
          </LinearRing>
        </outerBoundaryIs>
      </Polygon>
    </Placemark>
    <Placemark>
      <name>202</name>
      <description>
        <![CDATA[fid: 197<br>Layer: Layer 4<br>SubClasses: AcDbEntity:AcDbHatch<br>EntityHandle: 205<br>Text: SOLID<br>description:]]>
      </description>
      <styleUrl>#poly-FF0000-1000-0</styleUrl>
      <ExtendedData>
        <Data name="fid">
          <value>197</value>
        </Data>
        <Data name="Layer">
          <value>Layer 4</value>
        </Data>
        <Data name="SubClasses">
          <value>AcDbEntity:AcDbHatch</value>
        </Data>
        <Data name="EntityHandle">
          <value>205</value>
        </Data>
        <Data name="Text">
          <value>SOLID</value>
        </Data>
        <Data name="description">
        </Data>
      </ExtendedData>
      <Polygon>
        <outerBoundaryIs>
          <LinearRing>
            <tessellate>1</tessellate>
            <coordinates>
              75.02299499999999,15.414258,0 75.022884,15.414166,0 75.022936,15.414101,0 75.023053,15.414185,0 75.02299499999999,15.414258,0
            </coordinates>
          </LinearRing>
        </outerBoundaryIs>
      </Polygon>
    </Placemark>
    <Placemark>
      <name>203</name>
      <description>
        <![CDATA[fid: 200<br>Layer: Layer 4<br>SubClasses: AcDbEntity:AcDbHatch<br>EntityHandle: 20B<br>Text: SOLID<br>description:]]>
      </description>
      <styleUrl>#poly-FF0000-1000-0</styleUrl>
      <ExtendedData>
        <Data name="fid">
          <value>200</value>
        </Data>
        <Data name="Layer">
          <value>Layer 4</value>
        </Data>
        <Data name="SubClasses">
          <value>AcDbEntity:AcDbHatch</value>
        </Data>
        <Data name="EntityHandle">
          <value>20B</value>
        </Data>
        <Data name="Text">
          <value>SOLID</value>
        </Data>
        <Data name="description">
        </Data>
      </ExtendedData>
      <Polygon>
        <outerBoundaryIs>
          <LinearRing>
            <tessellate>1</tessellate>
            <coordinates>
              75.02280399999999,15.414496,0 75.02246100000001,15.414191,0 75.02272600000001,15.414034,0 75.02299499999999,15.414258,0 75.02280399999999,15.414496,0
            </coordinates>
          </LinearRing>
        </outerBoundaryIs>
      </Polygon>
    </Placemark>

    <Placemark>
      <name>204</name>
      <description>
        <![CDATA[fid: 199<br>Layer: Layer 4<br>SubClasses: AcDbEntity:AcDbHatch<br>EntityHandle: 209<br>Text: SOLID<br>description:]]>
      </description>
      <styleUrl>#poly-FF0000-1000-0</styleUrl>
      <ExtendedData>
        <Data name="fid">
          <value>199</value>
        </Data>
        <Data name="Layer">
          <value>Layer 4</value>
        </Data>
        <Data name="SubClasses">
          <value>AcDbEntity:AcDbHatch</value>
        </Data>
        <Data name="EntityHandle">
          <value>209</value>
        </Data>
        <Data name="Text">
          <value>SOLID</value>
        </Data>
        <Data name="description">
        </Data>
      </ExtendedData>
      <Polygon>
        <outerBoundaryIs>
          <LinearRing>
            <tessellate>1</tessellate>
            <coordinates>
              75.022884,15.414166,0 75.02272600000001,15.414034,0 75.022837,15.413968,0 75.022839,15.413967,0 75.02296200000001,15.414069,0 75.022884,15.414166,0
            </coordinates>
          </LinearRing>
        </outerBoundaryIs>
      </Polygon>
    </Placemark>
    <Placemark>
      <name>203</name>
      <description>
        <![CDATA[fid: 198<br>Layer: Layer 4<br>SubClasses: AcDbEntity:AcDbHatch<br>EntityHandle: 207<br>Text: SOLID<br>description:]]>
      </description>
      <styleUrl>#poly-FF0000-1000-0</styleUrl>
      <ExtendedData>
        <Data name="fid">
          <value>198</value>
        </Data>
        <Data name="Layer">
          <value>Layer 4</value>
        </Data>
        <Data name="SubClasses">
          <value>AcDbEntity:AcDbHatch</value>
        </Data>
        <Data name="EntityHandle">
          <value>207</value>
        </Data>
        <Data name="Text">
          <value>SOLID</value>
        </Data>
        <Data name="description">
        </Data>
      </ExtendedData>
      <Polygon>
        <outerBoundaryIs>
          <LinearRing>
            <tessellate>1</tessellate>
            <coordinates>
              75.02296200000001,15.414069,0 75.022839,15.413967,0 75.023138,15.413851,0 75.02296200000001,15.414069,0
            </coordinates>
          </LinearRing>
        </outerBoundaryIs>
      </Polygon>
    </Placemark>
    <Placemark>
      <name>start</name>
      <description>
        <![CDATA[description: <br>fid: <br>Layer: <br>SubClasses: <br>EntityHandle: <br>Text:]]>
      </description>
      <styleUrl>#icon-1899-DB4436</styleUrl>
      <ExtendedData>
        <Data name="description">
        </Data>
        <Data name="fid">
        </Data>
        <Data name="Layer">
        </Data>
        <Data name="SubClasses">
        </Data>
        <Data name="EntityHandle">
        </Data>
        <Data name="Text">
        </Data>
      </ExtendedData>
      <gx:balloonVisibility>1</gx:balloonVisibility>
      <Point>
        <coordinates>75.0249183607884,15.41324404930878,0</coordinates>
      </Point>
    </Placemark>
    <GroundOverlay>
      <name>Untitled Image Overlay</name>
      <Icon>
        <href>https://raw.githubusercontent.com/KamalPurohit/Images/main/SEPL.png</href>
        <viewBoundScale>0.75</viewBoundScale>
      </Icon>
      <LatLonBox>
        <north>15.41653237506724</north>
        <south>15.41296346853584</south>
        <east>75.0256863970523</east>
        <west>75.02113766185374</west>
        <rotation>-0.4154512965014625</rotation>
      </LatLonBox>
    </GroundOverlay>
  </Document>
</kml>
