<?xml version="1.0" encoding="UTF-8"?>
<kml xmlns="http://www.opengis.net/kml/2.2" xmlns:gx="http://www.google.com/kml/ext/2.2" xmlns:kml="http://www.opengis.net/kml/2.2" xmlns:atom="http://www.w3.org/2005/Atom">
<Document>
	<name>Phase 2 with web view latest image 2.kml</name>
	<StyleMap id="line-000000-1000">
		<Pair>
			<key>normal</key>
			<styleUrl>#line-000000-1000-normal</styleUrl>
		</Pair>
		<Pair>
			<key>highlight</key>
			<styleUrl>#line-000000-1000-highlight</styleUrl>
		</Pair>
	</StyleMap>
	<Style id="line-000000-1000-highlight">
		<LineStyle>
			<color>ff000000</color>
			<width>1.5</width>
		</LineStyle>
	</Style>
	<Style id="line-000000-1000-normal">
		<LineStyle>
			<color>ff000000</color>
		</LineStyle>
	</Style>
	<StyleMap id="m_ylw-pushpin0">
		<Pair>
			<key>normal</key>
			<styleUrl>#s_ylw-pushpin0</styleUrl>
		</Pair>
		<Pair>
			<key>highlight</key>
			<styleUrl>#s_ylw-pushpin_hl0</styleUrl>
		</Pair>
	</StyleMap>
	<StyleMap id="poly-7A9486-1-255">
		<Pair>
			<key>normal</key>
			<styleUrl>#poly-7A9486-1-255-normal0</styleUrl>
		</Pair>
		<Pair>
			<key>highlight</key>
			<styleUrl>#poly-7A9486-1-255-highlight0</styleUrl>
		</Pair>
	</StyleMap>
	<Style id="poly-7A9486-1-255-highlight">
		<LineStyle>
			<color>ff86947a</color>
			<width>0.0015</width>
		</LineStyle>
		<PolyStyle>
			<color>ff86947a</color>
		</PolyStyle>
	</Style>
	<Style id="poly-7A9486-1-255-highlight0">
		<LineStyle>
			<color>ff86947a</color>
			<width>0.0015</width>
		</LineStyle>
		<PolyStyle>
			<color>ff9eb0cb</color>
		</PolyStyle>
	</Style>
	<Style id="poly-7A9486-1-255-normal">
		<LineStyle>
			<color>ff86947a</color>
			<width>0.001</width>
		</LineStyle>
		<PolyStyle>
			<color>ff86947a</color>
		</PolyStyle>
	</Style>
	<Style id="poly-7A9486-1-255-normal0">
		<LineStyle>
			<color>ff86947a</color>
			<width>0.001</width>
		</LineStyle>
		<PolyStyle>
			<color>ff9eb0cb</color>
		</PolyStyle>
	</Style>
	<StyleMap id="poly-7A9486-1-2550">
		<Pair>
			<key>normal</key>
			<styleUrl>#poly-7A9486-1-255-normal</styleUrl>
		</Pair>
		<Pair>
			<key>highlight</key>
			<styleUrl>#poly-7A9486-1-255-highlight</styleUrl>
		</Pair>
	</StyleMap>
	<StyleMap id="poly-7C978A-1-255">
		<Pair>
			<key>normal</key>
			<styleUrl>#poly-7C978A-1-255-normal</styleUrl>
		</Pair>
		<Pair>
			<key>highlight</key>
			<styleUrl>#poly-7C978A-1-255-highlight</styleUrl>
		</Pair>
	</StyleMap>
	<Style id="poly-7C978A-1-255-highlight">
		<LineStyle>
			<color>ff8a977c</color>
			<width>0.0015</width>
		</LineStyle>
		<PolyStyle>
			<color>ff8a977c</color>
		</PolyStyle>
	</Style>
	<Style id="poly-7C978A-1-255-normal">
		<LineStyle>
			<color>ff8a977c</color>
			<width>0.001</width>
		</LineStyle>
		<PolyStyle>
			<color>ff8a977c</color>
		</PolyStyle>
	</Style>
	<StyleMap id="poly-879CC7-1-255">
		<Pair>
			<key>normal</key>
			<styleUrl>#poly-879CC7-1-255-normal</styleUrl>
		</Pair>
		<Pair>
			<key>highlight</key>
			<styleUrl>#poly-879CC7-1-255-highlight</styleUrl>
		</Pair>
	</StyleMap>
	<Style id="poly-879CC7-1-255-highlight">
		<LineStyle>
			<color>ffc79c87</color>
			<width>0.0015</width>
		</LineStyle>
		<PolyStyle>
			<color>ffc79c87</color>
		</PolyStyle>
	</Style>
	<Style id="poly-879CC7-1-255-normal">
		<LineStyle>
			<color>ffc79c87</color>
			<width>0.001</width>
		</LineStyle>
		<PolyStyle>
			<color>ffc79c87</color>
		</PolyStyle>
	</Style>
	<StyleMap id="poly-C9AD99-1-255">
		<Pair>
			<key>normal</key>
			<styleUrl>#poly-C9AD99-1-255-normal</styleUrl>
		</Pair>
		<Pair>
			<key>highlight</key>
			<styleUrl>#poly-C9AD99-1-255-highlight</styleUrl>
		</Pair>
	</StyleMap>
	<Style id="poly-C9AD99-1-255-highlight">
		<LineStyle>
			<color>ff99adc9</color>
			<width>0.0015</width>
		</LineStyle>
		<PolyStyle>
			<color>ff99adc9</color>
		</PolyStyle>
	</Style>
	<Style id="poly-C9AD99-1-255-normal">
		<LineStyle>
			<color>ff99adc9</color>
			<width>0.001</width>
		</LineStyle>
		<PolyStyle>
			<color>ff99adc9</color>
		</PolyStyle>
	</Style>
	<StyleMap id="poly-D2B875-1-255">
		<Pair>
			<key>normal</key>
			<styleUrl>#poly-D2B875-1-255-normal</styleUrl>
		</Pair>
		<Pair>
			<key>highlight</key>
			<styleUrl>#poly-D2B875-1-255-highlight</styleUrl>
		</Pair>
	</StyleMap>
	<Style id="poly-D2B875-1-255-highlight">
		<LineStyle>
			<color>ff75b8d2</color>
			<width>0.0015</width>
		</LineStyle>
		<PolyStyle>
			<color>ff75b8d2</color>
		</PolyStyle>
	</Style>
	<Style id="poly-D2B875-1-255-normal">
		<LineStyle>
			<color>ff75b8d2</color>
			<width>0.001</width>
		</LineStyle>
		<PolyStyle>
			<color>ff75b8d2</color>
		</PolyStyle>
	</Style>
	<StyleMap id="poly-plot-757575">
		<Pair>
			<key>normal</key>
			<styleUrl>#poly-plot-757575-normal</styleUrl>
		</Pair>
		<Pair>
			<key>highlight</key>
			<styleUrl>#poly-plot-757575-highlight</styleUrl>
		</Pair>
	</StyleMap>
	<Style id="poly-plot-757575-highlight">
		<LineStyle>
			<color>ff757575</color>
			<width>0</width>
		</LineStyle>
		<PolyStyle>
			<color>ff757575</color>
			<outline>0</outline>
		</PolyStyle>
	</Style>
	<Style id="poly-plot-757575-normal">
		<LineStyle>
			<color>ff757575</color>
			<width>0</width>
		</LineStyle>
		<PolyStyle>
			<color>ff757575</color>
			<outline>0</outline>
		</PolyStyle>
	</Style>
	<StyleMap id="poly-plot-EDA29B">
		<Pair>
			<key>normal</key>
			<styleUrl>#poly-plot-EDA29B-normal</styleUrl>
		</Pair>
		<Pair>
			<key>highlight</key>
			<styleUrl>#poly-plot-EDA29B-highlight</styleUrl>
		</Pair>
	</StyleMap>
	<Style id="poly-plot-EDA29B-highlight">
		<LineStyle>
			<color>ff9ba2ed</color>
			<width>0</width>
		</LineStyle>
		<PolyStyle>
			<color>ff9ba2ed</color>
			<outline>0</outline>
		</PolyStyle>
	</Style>
	<Style id="poly-plot-EDA29B-normal">
		<LineStyle>
			<color>ff9ba2ed</color>
			<width>0</width>
		</LineStyle>
		<PolyStyle>
			<color>ff9ba2ed</color>
			<outline>0</outline>
		</PolyStyle>
	</Style>
	<Style id="s_ylw-pushpin0">
		<IconStyle>
			<scale>1.2</scale>
			<Icon>
				<href>http://maps.google.com/mapfiles/kml/shapes/cabs.png</href>
			</Icon>
			<hotSpot x="0.5" y="0" xunits="fraction" yunits="fraction"/>
		</IconStyle>
	</Style>
	<Style id="s_ylw-pushpin_hl0">
		<IconStyle>
			<scale>1.4</scale>
			<Icon>
				<href>http://maps.google.com/mapfiles/kml/shapes/cabs.png</href>
			</Icon>
			<hotSpot x="0.5" y="0" xunits="fraction" yunits="fraction"/>
		</IconStyle>
	</Style>
	<Folder>
		<name>Praveen Park</name>
		<open>1</open>
		<Placemark>
			<name>5</name>
			<description>📍 North-West Facing Corner  Plot
📐 7.2m x 20.8m x 12m x 18.2m
📏 2275.49 square feet</description>
			<styleUrl>#poly-7A9486-1-2550</styleUrl>
			<ExtendedData>
				<Data name="fid">
				</Data>
				<Data name="Layer">
				</Data>
				<Data name="SubClasses">
				</Data>
				<Data name="EntityHandle">
				</Data>
				<Data name="Text">
				</Data>
			</ExtendedData>
			<Polygon>
				<outerBoundaryIs>
					<LinearRing>
						<tessellate>1</tessellate>
						<coordinates>
							75.01745,15.397852,0 75.017307,15.397767,0 75.017287,15.397707,0 75.017393,15.397676,0 75.01745,15.397852,0 
						</coordinates>
					</LinearRing>
				</outerBoundaryIs>
			</Polygon>
		</Placemark>
		<Placemark>
			<name>6</name>
			<description>📍 West Facing  Plot
📐 9m x 9m x 12m x 12m
📏 1162.5 square feet</description>
			<styleUrl>#poly-C9AD99-1-255</styleUrl>
			<ExtendedData>
				<Data name="fid">
				</Data>
				<Data name="Layer">
				</Data>
				<Data name="SubClasses">
				</Data>
				<Data name="EntityHandle">
				</Data>
				<Data name="Text">
				</Data>
			</ExtendedData>
			<Polygon>
				<outerBoundaryIs>
					<LinearRing>
						<tessellate>1</tessellate>
						<coordinates>
							75.017393,15.397676,0 75.017287,15.397707,0 75.017262,15.397629,0 75.017368,15.397598,0 75.017393,15.397676,0 
						</coordinates>
					</LinearRing>
				</outerBoundaryIs>
			</Polygon>
		</Placemark>
		<Placemark>
			<name>7</name>
			<description>📍 West Facing  Plot
📐 9m x 9m x 12m x 12m
📏 1162.5 square feet</description>
			<styleUrl>#poly-C9AD99-1-255</styleUrl>
			<ExtendedData>
				<Data name="fid">
				</Data>
				<Data name="Layer">
				</Data>
				<Data name="SubClasses">
				</Data>
				<Data name="EntityHandle">
				</Data>
				<Data name="Text">
				</Data>
			</ExtendedData>
			<Polygon>
				<outerBoundaryIs>
					<LinearRing>
						<tessellate>1</tessellate>
						<coordinates>
							75.017368,15.397598,0 75.017262,15.397629,0 75.01723699999999,15.397552,0 75.01734399999999,15.397523,0 75.017368,15.397598,0 
						</coordinates>
					</LinearRing>
				</outerBoundaryIs>
			</Polygon>
		</Placemark>
		<Placemark>
			<name>8</name>
			<description>📍 West Facing  Plot
📐 9m x 9m x 12m x 12m
📏 1162.5 square feet</description>
			<styleUrl>#poly-C9AD99-1-255</styleUrl>
			<ExtendedData>
				<Data name="fid">
				</Data>
				<Data name="Layer">
				</Data>
				<Data name="SubClasses">
				</Data>
				<Data name="EntityHandle">
				</Data>
				<Data name="Text">
				</Data>
			</ExtendedData>
			<Polygon>
				<outerBoundaryIs>
					<LinearRing>
						<tessellate>1</tessellate>
						<coordinates>
							75.01734399999999,15.397523,0 75.01723699999999,15.397552,0 75.017213,15.397475,0 75.017319,15.397445,0 75.01734399999999,15.397523,0 
						</coordinates>
					</LinearRing>
				</outerBoundaryIs>
			</Polygon>
		</Placemark>
		<Placemark>
			<name>9</name>
			<description>📍 West Facing  Plot
📐 9m x 9m x 12m x 12m
📏 1162.5 square feet</description>
			<styleUrl>#poly-C9AD99-1-255</styleUrl>
			<ExtendedData>
				<Data name="fid">
				</Data>
				<Data name="Layer">
				</Data>
				<Data name="SubClasses">
				</Data>
				<Data name="EntityHandle">
				</Data>
				<Data name="Text">
				</Data>
			</ExtendedData>
			<Polygon>
				<outerBoundaryIs>
					<LinearRing>
						<tessellate>1</tessellate>
						<coordinates>
							75.017319,15.397445,0 75.017213,15.397475,0 75.017188,15.3974,0 75.017295,15.397369,0 75.017319,15.397445,0 
						</coordinates>
					</LinearRing>
				</outerBoundaryIs>
			</Polygon>
		</Placemark>
		<Placemark>
			<name>10</name>
			<description>📍 West Facing  Plot
📐 9m x 9m x 12m x 12m
📏 1162.5 square feet</description>
			<styleUrl>#poly-C9AD99-1-255</styleUrl>
			<ExtendedData>
				<Data name="fid">
				</Data>
				<Data name="Layer">
				</Data>
				<Data name="SubClasses">
				</Data>
				<Data name="EntityHandle">
				</Data>
				<Data name="Text">
				</Data>
			</ExtendedData>
			<Polygon>
				<outerBoundaryIs>
					<LinearRing>
						<tessellate>1</tessellate>
						<coordinates>
							75.017295,15.397369,0 75.017188,15.3974,0 75.01716399999999,15.397324,0 75.01727099999999,15.397292,0 75.017295,15.397369,0 
						</coordinates>
					</LinearRing>
				</outerBoundaryIs>
			</Polygon>
		</Placemark>
		<Placemark>
			<name>11</name>
			<description>📍 West Facing  Plot
📐 9m x 9m x 12m x 12m
📏 1162.5 square feet</description>
			<styleUrl>#poly-C9AD99-1-255</styleUrl>
			<ExtendedData>
				<Data name="fid">
				</Data>
				<Data name="Layer">
				</Data>
				<Data name="SubClasses">
				</Data>
				<Data name="EntityHandle">
				</Data>
				<Data name="Text">
				</Data>
			</ExtendedData>
			<Polygon>
				<outerBoundaryIs>
					<LinearRing>
						<tessellate>1</tessellate>
						<coordinates>
							75.01727099999999,15.397292,0 75.01716399999999,15.397324,0 75.017139,15.397246,0 75.017247,15.397216,0 75.01727099999999,15.397292,0 
						</coordinates>
					</LinearRing>
				</outerBoundaryIs>
			</Polygon>
		</Placemark>
		<Placemark>
			<name>12</name>
			<description>📍 West Facing  Plot
📐 9m x 9m x 12m x 12m
📏 1162.5 square feet</description>
			<styleUrl>#poly-C9AD99-1-255</styleUrl>
			<ExtendedData>
				<Data name="fid">
				</Data>
				<Data name="Layer">
				</Data>
				<Data name="SubClasses">
				</Data>
				<Data name="EntityHandle">
				</Data>
				<Data name="Text">
				</Data>
			</ExtendedData>
			<Polygon>
				<outerBoundaryIs>
					<LinearRing>
						<tessellate>1</tessellate>
						<coordinates>
							75.017247,15.397216,0 75.017139,15.397246,0 75.017115,15.39717,0 75.017222,15.397139,0 75.017247,15.397216,0 
						</coordinates>
					</LinearRing>
				</outerBoundaryIs>
			</Polygon>
		</Placemark>
		<Placemark>
			<name>13</name>
			<description>📍 West Facing  Plot
📐 9m x 9m x 12m x 12m
📏 1162.5 square feet</description>
			<styleUrl>#poly-C9AD99-1-255</styleUrl>
			<ExtendedData>
				<Data name="fid">
				</Data>
				<Data name="Layer">
				</Data>
				<Data name="SubClasses">
				</Data>
				<Data name="EntityHandle">
				</Data>
				<Data name="Text">
				</Data>
			</ExtendedData>
			<Polygon>
				<outerBoundaryIs>
					<LinearRing>
						<tessellate>1</tessellate>
						<coordinates>
							75.017222,15.397139,0 75.017115,15.39717,0 75.01709,15.397092,0 75.01719799999999,15.397062,0 75.017222,15.397139,0 
						</coordinates>
					</LinearRing>
				</outerBoundaryIs>
			</Polygon>
		</Placemark>
		<Placemark>
			<name>14</name>
			<description>📍 West Facing  Plot
📐 9m x 9m x 12m x 12m
📏 1162.5 square feet</description>
			<styleUrl>#poly-C9AD99-1-255</styleUrl>
			<ExtendedData>
				<Data name="fid">
				</Data>
				<Data name="Layer">
				</Data>
				<Data name="SubClasses">
				</Data>
				<Data name="EntityHandle">
				</Data>
				<Data name="Text">
				</Data>
			</ExtendedData>
			<Polygon>
				<outerBoundaryIs>
					<LinearRing>
						<tessellate>1</tessellate>
						<coordinates>
							75.01719799999999,15.397062,0 75.01709,15.397092,0 75.017066,15.397015,0 75.01717499999999,15.396985,0 75.01719799999999,15.397062,0 
						</coordinates>
					</LinearRing>
				</outerBoundaryIs>
			</Polygon>
		</Placemark>
		<Placemark>
			<name>15</name>
			<description>📍 West Facing  Plot
📐 9m x 9m x 12m x 12m
📏 1162.5 square feet</description>
			<styleUrl>#poly-C9AD99-1-255</styleUrl>
			<ExtendedData>
				<Data name="fid">
				</Data>
				<Data name="Layer">
				</Data>
				<Data name="SubClasses">
				</Data>
				<Data name="EntityHandle">
				</Data>
				<Data name="Text">
				</Data>
			</ExtendedData>
			<Polygon>
				<outerBoundaryIs>
					<LinearRing>
						<tessellate>1</tessellate>
						<coordinates>
							75.01717499999999,15.396985,0 75.017066,15.397015,0 75.017043,15.39694,0 75.017151,15.396909,0 75.01717499999999,15.396985,0 
						</coordinates>
					</LinearRing>
				</outerBoundaryIs>
			</Polygon>
		</Placemark>
		<Placemark>
			<name>16</name>
			<description>📍 South-West Facing Corner  Plot
📐 5.8m x 7.2m x 12m x 12m
📏 839.58 square feet</description>
			<styleUrl>#poly-7A9486-1-2550</styleUrl>
			<ExtendedData>
				<Data name="fid">
				</Data>
				<Data name="Layer">
				</Data>
				<Data name="SubClasses">
				</Data>
				<Data name="EntityHandle">
				</Data>
				<Data name="Text">
				</Data>
			</ExtendedData>
			<Polygon>
				<outerBoundaryIs>
					<LinearRing>
						<tessellate>1</tessellate>
						<coordinates>
							75.017043,15.39694,0 75.017027,15.396892,0 75.017132,15.396849,0 75.017151,15.396909,0 75.017043,15.39694,0 
						</coordinates>
					</LinearRing>
				</outerBoundaryIs>
			</Polygon>
		</Placemark>
		<Placemark>
			<name>17</name>
			<description>📍 South-East Facing Corner  Plot
📐 7.2m x 9.2m x 14.75m x 14.6m
📏 1295.27 square feet</description>
			<styleUrl>#poly-7A9486-1-2550</styleUrl>
			<ExtendedData>
				<Data name="fid">
				</Data>
				<Data name="Layer">
				</Data>
				<Data name="SubClasses">
				</Data>
				<Data name="EntityHandle">
				</Data>
				<Data name="Text">
				</Data>
			</ExtendedData>
			<Polygon>
				<outerBoundaryIs>
					<LinearRing>
						<tessellate>1</tessellate>
						<coordinates>
							75.017132,15.396849,0 75.017256,15.396798,0 75.017279,15.396873,0 75.017151,15.396909,0 75.017132,15.396849,0 
						</coordinates>
					</LinearRing>
				</outerBoundaryIs>
			</Polygon>
		</Placemark>
		<Placemark>
			<name>18</name>
			<description>📍 East Facing  Plot
📐 9m x 9m x 14.6m x 14.4m
📏 1404.69 square feet</description>
			<styleUrl>#poly-879CC7-1-255</styleUrl>
			<ExtendedData>
				<Data name="fid">
				</Data>
				<Data name="Layer">
				</Data>
				<Data name="SubClasses">
				</Data>
				<Data name="EntityHandle">
				</Data>
				<Data name="Text">
				</Data>
			</ExtendedData>
			<Polygon>
				<outerBoundaryIs>
					<LinearRing>
						<tessellate>1</tessellate>
						<coordinates>
							75.01717499999999,15.396985,0 75.017151,15.396909,0 75.017279,15.396873,0 75.017302,15.396951,0 75.01717499999999,15.396985,0 
						</coordinates>
					</LinearRing>
				</outerBoundaryIs>
			</Polygon>
		</Placemark>
		<Placemark>
			<name>19</name>
			<description>📍 East Facing  Plot
📐 9m x 9m x 14.4m x 14.4m
📏 1395 square feet</description>
			<styleUrl>#poly-879CC7-1-255</styleUrl>
			<ExtendedData>
				<Data name="fid">
				</Data>
				<Data name="Layer">
				</Data>
				<Data name="SubClasses">
				</Data>
				<Data name="EntityHandle">
				</Data>
				<Data name="Text">
				</Data>
			</ExtendedData>
			<Polygon>
				<outerBoundaryIs>
					<LinearRing>
						<tessellate>1</tessellate>
						<coordinates>
							75.01719799999999,15.397062,0 75.01717499999999,15.396985,0 75.017302,15.396951,0 75.017325,15.397026,0 75.01719799999999,15.397062,0 
						</coordinates>
					</LinearRing>
				</outerBoundaryIs>
			</Polygon>
		</Placemark>
		<Placemark>
			<name>20</name>
			<description>📍 East Facing  Plot
📐 9m x 9m x 14.4m x 14.3m
📏 1390.16 square feet</description>
			<styleUrl>#poly-879CC7-1-255</styleUrl>
			<ExtendedData>
				<Data name="fid">
				</Data>
				<Data name="Layer">
				</Data>
				<Data name="SubClasses">
				</Data>
				<Data name="EntityHandle">
				</Data>
				<Data name="Text">
				</Data>
			</ExtendedData>
			<Polygon>
				<outerBoundaryIs>
					<LinearRing>
						<tessellate>1</tessellate>
						<coordinates>
							75.017222,15.397139,0 75.01719799999999,15.397062,0 75.017325,15.397026,0 75.017349,15.397103,0 75.017222,15.397139,0 
						</coordinates>
					</LinearRing>
				</outerBoundaryIs>
			</Polygon>
		</Placemark>
		<Placemark>
			<name>21</name>
			<description>📍 East Facing  Plot
📐 9m x 9m x 14.3m x 14.2m
📏 1380.47 square feet</description>
			<styleUrl>#poly-879CC7-1-255</styleUrl>
			<ExtendedData>
				<Data name="fid">
				</Data>
				<Data name="Layer">
				</Data>
				<Data name="SubClasses">
				</Data>
				<Data name="EntityHandle">
				</Data>
				<Data name="Text">
				</Data>
			</ExtendedData>
			<Polygon>
				<outerBoundaryIs>
					<LinearRing>
						<tessellate>1</tessellate>
						<coordinates>
							75.01737300000001,15.397181,0 75.017247,15.397216,0 75.017222,15.397139,0 75.017349,15.397103,0 75.01737300000001,15.397181,0 
						</coordinates>
					</LinearRing>
				</outerBoundaryIs>
			</Polygon>
		</Placemark>
		<Placemark>
			<name>22</name>
			<description>📍 East Facing  Plot
📐 9m x 9m x 14.2m x 14.1m
📏 1370.78 square feet</description>
			<styleUrl>#poly-879CC7-1-255</styleUrl>
			<ExtendedData>
				<Data name="fid">
				</Data>
				<Data name="Layer">
				</Data>
				<Data name="SubClasses">
				</Data>
				<Data name="EntityHandle">
				</Data>
				<Data name="Text">
				</Data>
			</ExtendedData>
			<Polygon>
				<outerBoundaryIs>
					<LinearRing>
						<tessellate>1</tessellate>
						<coordinates>
							75.01727099999999,15.397292,0 75.017247,15.397216,0 75.01737300000001,15.397181,0 75.01739600000001,15.397256,0 75.01727099999999,15.397292,0 
						</coordinates>
					</LinearRing>
				</outerBoundaryIs>
			</Polygon>
		</Placemark>
		<Placemark>
			<name>23</name>
			<description>📍 East Facing  Plot
📐 9m x 9m x 14.1m x 14.1m
📏 1365.94 square feet</description>
			<styleUrl>#poly-879CC7-1-255</styleUrl>
			<ExtendedData>
				<Data name="fid">
				</Data>
				<Data name="Layer">
				</Data>
				<Data name="SubClasses">
				</Data>
				<Data name="EntityHandle">
				</Data>
				<Data name="Text">
				</Data>
			</ExtendedData>
			<Polygon>
				<outerBoundaryIs>
					<LinearRing>
						<tessellate>1</tessellate>
						<coordinates>
							75.01742,15.397333,0 75.017295,15.397369,0 75.01727099999999,15.397292,0 75.01739600000001,15.397256,0 75.01742,15.397333,0 
						</coordinates>
					</LinearRing>
				</outerBoundaryIs>
			</Polygon>
		</Placemark>
		<Placemark>
			<name>24</name>
			<description>📍 East Facing  Plot
📐 9m x 9m x 14.1m x 14m
📏 1361.1 square feet</description>
			<styleUrl>#poly-879CC7-1-255</styleUrl>
			<ExtendedData>
				<Data name="fid">
				</Data>
				<Data name="Layer">
				</Data>
				<Data name="SubClasses">
				</Data>
				<Data name="EntityHandle">
				</Data>
				<Data name="Text">
				</Data>
			</ExtendedData>
			<Polygon>
				<outerBoundaryIs>
					<LinearRing>
						<tessellate>1</tessellate>
						<coordinates>
							75.017319,15.397445,0 75.017295,15.397369,0 75.01742,15.397333,0 75.017443,15.397409,0 75.017319,15.397445,0 
						</coordinates>
					</LinearRing>
				</outerBoundaryIs>
			</Polygon>
		</Placemark>
		<Placemark>
			<name>25</name>
			<description>📍 East Facing  Plot
📐 9m x 9m x 14m x 13.8m
📏 1346.56 square feet</description>
			<styleUrl>#poly-879CC7-1-255</styleUrl>
			<ExtendedData>
				<Data name="fid">
				</Data>
				<Data name="Layer">
				</Data>
				<Data name="SubClasses">
				</Data>
				<Data name="EntityHandle">
				</Data>
				<Data name="Text">
				</Data>
			</ExtendedData>
			<Polygon>
				<outerBoundaryIs>
					<LinearRing>
						<tessellate>1</tessellate>
						<coordinates>
							75.01746799999999,15.397488,0 75.01734399999999,15.397523,0 75.017319,15.397445,0 75.017443,15.397409,0 75.01746799999999,15.397488,0 
						</coordinates>
					</LinearRing>
				</outerBoundaryIs>
			</Polygon>
		</Placemark>
		<Placemark>
			<name>26</name>
			<description>📍 East Facing  Plot
📐 9m x 9m x 13.8m x 13.8m
📏 1336.88 square feet</description>
			<styleUrl>#poly-879CC7-1-255</styleUrl>
			<ExtendedData>
				<Data name="fid">
				</Data>
				<Data name="Layer">
				</Data>
				<Data name="SubClasses">
				</Data>
				<Data name="EntityHandle">
				</Data>
				<Data name="Text">
				</Data>
			</ExtendedData>
			<Polygon>
				<outerBoundaryIs>
					<LinearRing>
						<tessellate>1</tessellate>
						<coordinates>
							75.017368,15.397598,0 75.01734399999999,15.397523,0 75.01746799999999,15.397488,0 75.01749100000001,15.397562,0 75.017368,15.397598,0 
						</coordinates>
					</LinearRing>
				</outerBoundaryIs>
			</Polygon>
		</Placemark>
		<Placemark>
			<name>27</name>
			<description>📍 East Facing  Plot
📐 9m x 9m x 13.8m x 13.6m
📏 1327.19 square feet</description>
			<styleUrl>#poly-879CC7-1-255</styleUrl>
			<ExtendedData>
				<Data name="fid">
				</Data>
				<Data name="Layer">
				</Data>
				<Data name="SubClasses">
				</Data>
				<Data name="EntityHandle">
				</Data>
				<Data name="Text">
				</Data>
			</ExtendedData>
			<Polygon>
				<outerBoundaryIs>
					<LinearRing>
						<tessellate>1</tessellate>
						<coordinates>
							75.017393,15.397676,0 75.017368,15.397598,0 75.01749100000001,15.397562,0 75.017516,15.397641,0 75.017393,15.397676,0 
						</coordinates>
					</LinearRing>
				</outerBoundaryIs>
			</Polygon>
		</Placemark>
		<Placemark>
			<name>28</name>
			<description>📍 East Facing  Plot
📐 9m x 9m x 13.6m x 13.6m
📏 1317.5 square feet</description>
			<styleUrl>#poly-879CC7-1-255</styleUrl>
			<ExtendedData>
				<Data name="fid">
				</Data>
				<Data name="Layer">
				</Data>
				<Data name="SubClasses">
				</Data>
				<Data name="EntityHandle">
				</Data>
				<Data name="Text">
				</Data>
			</ExtendedData>
			<Polygon>
				<outerBoundaryIs>
					<LinearRing>
						<tessellate>1</tessellate>
						<coordinates>
							75.017393,15.397676,0 75.017516,15.397641,0 75.01754,15.397717,0 75.01741699999999,15.397752,0 75.017393,15.397676,0 
						</coordinates>
					</LinearRing>
				</outerBoundaryIs>
			</Polygon>
		</Placemark>
		<Placemark>
			<name>29</name>
			<description>📍 North-East Facing Corner  Plot
📐 11.8m x 27m x 13.6m x 20.3m
📏 3539.49 square feet</description>
			<styleUrl>#poly-7A9486-1-2550</styleUrl>
			<ExtendedData>
				<Data name="fid">
				</Data>
				<Data name="Layer">
				</Data>
				<Data name="SubClasses">
				</Data>
				<Data name="EntityHandle">
				</Data>
				<Data name="Text">
				</Data>
			</ExtendedData>
			<Polygon>
				<outerBoundaryIs>
					<LinearRing>
						<tessellate>1</tessellate>
						<coordinates>
							75.01745,15.397852,0 75.01741699999999,15.397752,0 75.01754,15.397717,0 75.01761399999999,15.39795,0 75.01745,15.397852,0 
						</coordinates>
					</LinearRing>
				</outerBoundaryIs>
			</Polygon>
		</Placemark>
		<Placemark>
			<name>30</name>
			<description>📍 West Facing  Plot
📐 16.2m x 18m x 12m x 10.7m
📏 2089.11 square feet</description>
			<styleUrl>#poly-7A9486-1-2550</styleUrl>
			<ExtendedData>
				<Data name="fid">
				</Data>
				<Data name="Layer">
				</Data>
				<Data name="SubClasses">
				</Data>
				<Data name="EntityHandle">
				</Data>
				<Data name="Text">
				</Data>
			</ExtendedData>
			<Polygon>
				<outerBoundaryIs>
					<LinearRing>
						<tessellate>1</tessellate>
						<coordinates>
							75.01812,15.398924,0 75.01802499999999,15.39895,0 75.01800900000001,15.398939,0 75.017965,15.398801,0 75.018074,15.39877,0 75.01812,15.398924,0 
						</coordinates>
					</LinearRing>
				</outerBoundaryIs>
			</Polygon>
		</Placemark>
		<Placemark>
			<name>31</name>
			<description>📍 West Facing  Plot
📐 9m x 9m x 12m x 12m
📏 1162.5 square feet</description>
			<styleUrl>#poly-C9AD99-1-255</styleUrl>
			<ExtendedData>
				<Data name="fid">
				</Data>
				<Data name="Layer">
				</Data>
				<Data name="SubClasses">
				</Data>
				<Data name="EntityHandle">
				</Data>
				<Data name="Text">
				</Data>
			</ExtendedData>
			<Polygon>
				<outerBoundaryIs>
					<LinearRing>
						<tessellate>1</tessellate>
						<coordinates>
							75.018074,15.39877,0 75.017965,15.398801,0 75.01794099999999,15.398722,0 75.018049,15.398691,0 75.018074,15.39877,0 
						</coordinates>
					</LinearRing>
				</outerBoundaryIs>
			</Polygon>
		</Placemark>
		<Placemark>
			<name>32</name>
			<description>📍 West Facing  Plot
📐 9m x 9m x 12m x 12m
📏 1162.5 square feet</description>
			<styleUrl>#poly-C9AD99-1-255</styleUrl>
			<ExtendedData>
				<Data name="fid">
				</Data>
				<Data name="Layer">
				</Data>
				<Data name="SubClasses">
				</Data>
				<Data name="EntityHandle">
				</Data>
				<Data name="Text">
				</Data>
			</ExtendedData>
			<Polygon>
				<outerBoundaryIs>
					<LinearRing>
						<tessellate>1</tessellate>
						<coordinates>
							75.018049,15.398691,0 75.01794099999999,15.398722,0 75.01791799999999,15.398647,0 75.01802600000001,15.398615,0 75.018049,15.398691,0 
						</coordinates>
					</LinearRing>
				</outerBoundaryIs>
			</Polygon>
		</Placemark>
		<Placemark>
			<name>33</name>
			<description>📍 West Facing  Plot
📐 9m x 9m x 12m x 12m
📏 1162.5 square feet</description>
			<styleUrl>#poly-C9AD99-1-255</styleUrl>
			<ExtendedData>
				<Data name="fid">
				</Data>
				<Data name="Layer">
				</Data>
				<Data name="SubClasses">
				</Data>
				<Data name="EntityHandle">
				</Data>
				<Data name="Text">
				</Data>
			</ExtendedData>
			<Polygon>
				<outerBoundaryIs>
					<LinearRing>
						<tessellate>1</tessellate>
						<coordinates>
							75.01802600000001,15.398615,0 75.01791799999999,15.398647,0 75.017895,15.398572,0 75.01800299999999,15.39854,0 75.01802600000001,15.398615,0 
						</coordinates>
					</LinearRing>
				</outerBoundaryIs>
			</Polygon>
		</Placemark>
		<Placemark>
			<name>34</name>
			<description>📍 West Facing  Plot
📐 9m x 9m x 12m x 12m
📏 1162.5 square feet</description>
			<styleUrl>#poly-C9AD99-1-255</styleUrl>
			<ExtendedData>
				<Data name="fid">
				</Data>
				<Data name="Layer">
				</Data>
				<Data name="SubClasses">
				</Data>
				<Data name="EntityHandle">
				</Data>
				<Data name="Text">
				</Data>
			</ExtendedData>
			<Polygon>
				<outerBoundaryIs>
					<LinearRing>
						<tessellate>1</tessellate>
						<coordinates>
							75.01800299999999,15.39854,0 75.017895,15.398572,0 75.017871,15.398493,0 75.017979,15.398461,0 75.01800299999999,15.39854,0 
						</coordinates>
					</LinearRing>
				</outerBoundaryIs>
			</Polygon>
		</Placemark>
		<Placemark>
			<name>35</name>
			<description>📍 West Facing  Plot
📐 9m x 9m x 12m x 12m
📏 1162.5 square feet</description>
			<styleUrl>#poly-C9AD99-1-255</styleUrl>
			<ExtendedData>
				<Data name="fid">
				</Data>
				<Data name="Layer">
				</Data>
				<Data name="SubClasses">
				</Data>
				<Data name="EntityHandle">
				</Data>
				<Data name="Text">
				</Data>
			</ExtendedData>
			<Polygon>
				<outerBoundaryIs>
					<LinearRing>
						<tessellate>1</tessellate>
						<coordinates>
							75.017979,15.398461,0 75.017871,15.398493,0 75.017848,15.398418,0 75.017955,15.398386,0 75.017979,15.398461,0 
						</coordinates>
					</LinearRing>
				</outerBoundaryIs>
			</Polygon>
		</Placemark>
		<Placemark>
			<name>36</name>
			<description>📍 West Facing  Plot
📐 9m x 9m x 12m x 12m
📏 1162.5 square feet</description>
			<styleUrl>#poly-C9AD99-1-255</styleUrl>
			<ExtendedData>
				<Data name="fid">
				</Data>
				<Data name="Layer">
				</Data>
				<Data name="SubClasses">
				</Data>
				<Data name="EntityHandle">
				</Data>
				<Data name="Text">
				</Data>
			</ExtendedData>
			<Polygon>
				<outerBoundaryIs>
					<LinearRing>
						<tessellate>1</tessellate>
						<coordinates>
							75.017955,15.398386,0 75.017848,15.398418,0 75.017825,15.398341,0 75.017932,15.398309,0 75.017955,15.398386,0 
						</coordinates>
					</LinearRing>
				</outerBoundaryIs>
			</Polygon>
		</Placemark>
		<Placemark>
			<name>37</name>
			<description>📍 West Facing  Plot
📐 9m x 9m x 12m x 12m
📏 1162.5 square feet</description>
			<styleUrl>#poly-C9AD99-1-255</styleUrl>
			<ExtendedData>
				<Data name="fid">
				</Data>
				<Data name="Layer">
				</Data>
				<Data name="SubClasses">
				</Data>
				<Data name="EntityHandle">
				</Data>
				<Data name="Text">
				</Data>
			</ExtendedData>
			<Polygon>
				<outerBoundaryIs>
					<LinearRing>
						<tessellate>1</tessellate>
						<coordinates>
							75.017932,15.398309,0 75.017825,15.398341,0 75.01780100000001,15.398264,0 75.01790800000001,15.398231,0 75.017932,15.398309,0 
						</coordinates>
					</LinearRing>
				</outerBoundaryIs>
			</Polygon>
		</Placemark>
		<Placemark>
			<name>38</name>
			<description>📍 South-West Facing Corner  Plot
📐 9m x 9m x 12m x 12m
📏 1162.5 square feet</description>
			<styleUrl>#poly-C9AD99-1-255</styleUrl>
			<ExtendedData>
				<Data name="fid">
				</Data>
				<Data name="Layer">
				</Data>
				<Data name="SubClasses">
				</Data>
				<Data name="EntityHandle">
				</Data>
				<Data name="Text">
				</Data>
			</ExtendedData>
			<Polygon>
				<outerBoundaryIs>
					<LinearRing>
						<tessellate>1</tessellate>
						<coordinates>
							75.01790800000001,15.398231,0 75.01780100000001,15.398264,0 75.017776,15.398184,0 75.017883,15.398153,0 75.01790800000001,15.398231,0 
						</coordinates>
					</LinearRing>
				</outerBoundaryIs>
			</Polygon>
		</Placemark>
		<Placemark>
			<name>39</name>
			<description>📍 North-West Facing Corner  Plot
📐 13m x 21m x 12m x 10.6m
📏 2067.75 square feet</description>
			<styleUrl>#poly-7A9486-1-2550</styleUrl>
			<ExtendedData>
				<Data name="fid">
				</Data>
				<Data name="Layer">
				</Data>
				<Data name="SubClasses">
				</Data>
				<Data name="EntityHandle">
				</Data>
				<Data name="Text">
				</Data>
			</ExtendedData>
			<Polygon>
				<outerBoundaryIs>
					<LinearRing>
						<tessellate>1</tessellate>
						<coordinates>
							75.01785099999999,15.39805,0 75.017805,15.398063,0 75.01772200000001,15.398014,0 75.017686,15.3979,0 75.01779399999999,15.397871,0 75.01785099999999,15.39805,0 
						</coordinates>
					</LinearRing>
				</outerBoundaryIs>
			</Polygon>
		</Placemark>
		<Placemark>
			<name>40</name>
			<description>📍 West Facing  Plot
📐 9m x 9m x 12m x 12m
📏 1162.5 square feet</description>
			<styleUrl>#poly-C9AD99-1-255</styleUrl>
			<ExtendedData>
				<Data name="fid">
				</Data>
				<Data name="Layer">
				</Data>
				<Data name="SubClasses">
				</Data>
				<Data name="EntityHandle">
				</Data>
				<Data name="Text">
				</Data>
			</ExtendedData>
			<Polygon>
				<outerBoundaryIs>
					<LinearRing>
						<tessellate>1</tessellate>
						<coordinates>
							75.01779399999999,15.397871,0 75.017686,15.3979,0 75.017662,15.397825,0 75.01777,15.397795,0 75.01779399999999,15.397871,0 
						</coordinates>
					</LinearRing>
				</outerBoundaryIs>
			</Polygon>
		</Placemark>
		<Placemark>
			<name>41</name>
			<description>📍 West Facing  Plot
📐 9m x 9m x 12m x 12m
📏 1162.5 square feet</description>
			<styleUrl>#poly-C9AD99-1-255</styleUrl>
			<ExtendedData>
				<Data name="fid">
				</Data>
				<Data name="Layer">
				</Data>
				<Data name="SubClasses">
				</Data>
				<Data name="EntityHandle">
				</Data>
				<Data name="Text">
				</Data>
			</ExtendedData>
			<Polygon>
				<outerBoundaryIs>
					<LinearRing>
						<tessellate>1</tessellate>
						<coordinates>
							75.01777,15.397795,0 75.017662,15.397825,0 75.01763699999999,15.397746,0 75.01774500000001,15.397716,0 75.01777,15.397795,0 
						</coordinates>
					</LinearRing>
				</outerBoundaryIs>
			</Polygon>
		</Placemark>
		<Placemark>
			<name>42</name>
			<description>📍 West Facing  Plot
📐 9m x 9m x 12m x 12m
📏 1162.5 square feet</description>
			<styleUrl>#poly-C9AD99-1-255</styleUrl>
			<ExtendedData>
				<Data name="fid">
				</Data>
				<Data name="Layer">
				</Data>
				<Data name="SubClasses">
				</Data>
				<Data name="EntityHandle">
				</Data>
				<Data name="Text">
				</Data>
			</ExtendedData>
			<Polygon>
				<outerBoundaryIs>
					<LinearRing>
						<tessellate>1</tessellate>
						<coordinates>
							75.01774500000001,15.397716,0 75.01763699999999,15.397746,0 75.017613,15.39767,0 75.01772099999999,15.397639,0 75.01774500000001,15.397716,0 
						</coordinates>
					</LinearRing>
				</outerBoundaryIs>
			</Polygon>
		</Placemark>
		<Placemark>
			<name>43</name>
			<description>📍 West Facing  Plot
📐 9m x 9m x 12m x 12m
📏 1162.5 square feet</description>
			<styleUrl>#poly-C9AD99-1-255</styleUrl>
			<ExtendedData>
				<Data name="fid">
				</Data>
				<Data name="Layer">
				</Data>
				<Data name="SubClasses">
				</Data>
				<Data name="EntityHandle">
				</Data>
				<Data name="Text">
				</Data>
			</ExtendedData>
			<Polygon>
				<outerBoundaryIs>
					<LinearRing>
						<tessellate>1</tessellate>
						<coordinates>
							75.01772099999999,15.397639,0 75.017613,15.39767,0 75.017589,15.397595,0 75.017697,15.397564,0 75.01772099999999,15.397639,0 
						</coordinates>
					</LinearRing>
				</outerBoundaryIs>
			</Polygon>
		</Placemark>
		<Placemark>
			<name>44</name>
			<description>📍 West Facing  Plot
📐 9m x 9m x 12m x 12m
📏 1162.5 square feet</description>
			<styleUrl>#poly-C9AD99-1-255</styleUrl>
			<ExtendedData>
				<Data name="fid">
				</Data>
				<Data name="Layer">
				</Data>
				<Data name="SubClasses">
				</Data>
				<Data name="EntityHandle">
				</Data>
				<Data name="Text">
				</Data>
			</ExtendedData>
			<Polygon>
				<outerBoundaryIs>
					<LinearRing>
						<tessellate>1</tessellate>
						<coordinates>
							75.017697,15.397564,0 75.017589,15.397595,0 75.01756399999999,15.397516,0 75.017672,15.397485,0 75.017697,15.397564,0 
						</coordinates>
					</LinearRing>
				</outerBoundaryIs>
			</Polygon>
		</Placemark>
		<Placemark>
			<name>45</name>
			<description>📍 West Facing  Plot
📐 9m x 9m x 12m x 12m
📏 1162.5 square feet</description>
			<styleUrl>#poly-C9AD99-1-255</styleUrl>
			<ExtendedData>
				<Data name="fid">
				</Data>
				<Data name="Layer">
				</Data>
				<Data name="SubClasses">
				</Data>
				<Data name="EntityHandle">
				</Data>
				<Data name="Text">
				</Data>
			</ExtendedData>
			<Polygon>
				<outerBoundaryIs>
					<LinearRing>
						<tessellate>1</tessellate>
						<coordinates>
							75.017672,15.397485,0 75.01756399999999,15.397516,0 75.01754099999999,15.397441,0 75.01764799999999,15.39741,0 75.017672,15.397485,0 
						</coordinates>
					</LinearRing>
				</outerBoundaryIs>
			</Polygon>
		</Placemark>
		<Placemark>
			<name>46</name>
			<description>📍 West Facing  Plot
📐 9m x 9m x 12m x 12m
📏 1162.5 square feet</description>
			<styleUrl>#poly-C9AD99-1-255</styleUrl>
			<ExtendedData>
				<Data name="fid">
				</Data>
				<Data name="Layer">
				</Data>
				<Data name="SubClasses">
				</Data>
				<Data name="EntityHandle">
				</Data>
				<Data name="Text">
				</Data>
			</ExtendedData>
			<Polygon>
				<outerBoundaryIs>
					<LinearRing>
						<tessellate>1</tessellate>
						<coordinates>
							75.01764799999999,15.39741,0 75.01754099999999,15.397441,0 75.017517,15.397364,0 75.017624,15.397333,0 75.01764799999999,15.39741,0 
						</coordinates>
					</LinearRing>
				</outerBoundaryIs>
			</Polygon>
		</Placemark>
		<Placemark>
			<name>47</name>
			<description>📍 West Facing  Plot
📐 9m x 9m x 12m x 12m
📏 1162.5 square feet</description>
			<styleUrl>#poly-C9AD99-1-255</styleUrl>
			<ExtendedData>
				<Data name="fid">
				</Data>
				<Data name="Layer">
				</Data>
				<Data name="SubClasses">
				</Data>
				<Data name="EntityHandle">
				</Data>
				<Data name="Text">
				</Data>
			</ExtendedData>
			<Polygon>
				<outerBoundaryIs>
					<LinearRing>
						<tessellate>1</tessellate>
						<coordinates>
							75.017624,15.397333,0 75.017517,15.397364,0 75.017493,15.397287,0 75.0176,15.397255,0 75.017624,15.397333,0 
						</coordinates>
					</LinearRing>
				</outerBoundaryIs>
			</Polygon>
		</Placemark>
		<Placemark>
			<name>48</name>
			<description>📍 West Facing  Plot
📐 9m x 9m x 12m x 12m
📏 1162.5 square feet</description>
			<styleUrl>#poly-C9AD99-1-255</styleUrl>
			<ExtendedData>
				<Data name="fid">
				</Data>
				<Data name="Layer">
				</Data>
				<Data name="SubClasses">
				</Data>
				<Data name="EntityHandle">
				</Data>
				<Data name="Text">
				</Data>
			</ExtendedData>
			<Polygon>
				<outerBoundaryIs>
					<LinearRing>
						<tessellate>1</tessellate>
						<coordinates>
							75.0176,15.397255,0 75.017493,15.397287,0 75.01746900000001,15.397209,0 75.01757600000001,15.397179,0 75.0176,15.397255,0 
						</coordinates>
					</LinearRing>
				</outerBoundaryIs>
			</Polygon>
		</Placemark>
		<Placemark>
			<name>49</name>
			<description>📍 West Facing  Plot
📐 9m x 9m x 12m x 12m
📏 1162.5 square feet</description>
			<styleUrl>#poly-C9AD99-1-255</styleUrl>
			<ExtendedData>
				<Data name="fid">
				</Data>
				<Data name="Layer">
				</Data>
				<Data name="SubClasses">
				</Data>
				<Data name="EntityHandle">
				</Data>
				<Data name="Text">
				</Data>
			</ExtendedData>
			<Polygon>
				<outerBoundaryIs>
					<LinearRing>
						<tessellate>1</tessellate>
						<coordinates>
							75.01757600000001,15.397179,0 75.01746900000001,15.397209,0 75.017445,15.397133,0 75.01755300000001,15.397102,0 75.01757600000001,15.397179,0 
						</coordinates>
					</LinearRing>
				</outerBoundaryIs>
			</Polygon>
		</Placemark>
		<Placemark>
			<name>50</name>
			<description>📍 West Facing  Plot
📐 9m x 9m x 12m x 12m
📏 1162.5 square feet</description>
			<styleUrl>#poly-C9AD99-1-255</styleUrl>
			<ExtendedData>
				<Data name="fid">
				</Data>
				<Data name="Layer">
				</Data>
				<Data name="SubClasses">
				</Data>
				<Data name="EntityHandle">
				</Data>
				<Data name="Text">
				</Data>
			</ExtendedData>
			<Polygon>
				<outerBoundaryIs>
					<LinearRing>
						<tessellate>1</tessellate>
						<coordinates>
							75.01755300000001,15.397102,0 75.017445,15.397133,0 75.017422,15.397059,0 75.01752999999999,15.397028,0 75.01755300000001,15.397102,0 
						</coordinates>
					</LinearRing>
				</outerBoundaryIs>
			</Polygon>
		</Placemark>
		<Placemark>
			<name>51</name>
			<description>📍 West Facing  Plot
📐 9m x 9m x 12m x 12m
📏 1162.5 square feet</description>
			<styleUrl>#poly-C9AD99-1-255</styleUrl>
			<ExtendedData>
				<Data name="fid">
				</Data>
				<Data name="Layer">
				</Data>
				<Data name="SubClasses">
				</Data>
				<Data name="EntityHandle">
				</Data>
				<Data name="Text">
				</Data>
			</ExtendedData>
			<Polygon>
				<outerBoundaryIs>
					<LinearRing>
						<tessellate>1</tessellate>
						<coordinates>
							75.01752999999999,15.397028,0 75.017422,15.397059,0 75.017398,15.396978,0 75.017505,15.396948,0 75.01752999999999,15.397028,0 
						</coordinates>
					</LinearRing>
				</outerBoundaryIs>
			</Polygon>
		</Placemark>
		<Placemark>
			<name>52</name>
			<description>📍 West Facing  Plot
📐 9m x 9m x 12m x 12m
📏 1162.5 square feet</description>
			<styleUrl>#poly-C9AD99-1-255</styleUrl>
			<ExtendedData>
				<Data name="fid">
				</Data>
				<Data name="Layer">
				</Data>
				<Data name="SubClasses">
				</Data>
				<Data name="EntityHandle">
				</Data>
				<Data name="Text">
				</Data>
			</ExtendedData>
			<Polygon>
				<outerBoundaryIs>
					<LinearRing>
						<tessellate>1</tessellate>
						<coordinates>
							75.017505,15.396948,0 75.017398,15.396978,0 75.017375,15.396903,0 75.017482,15.396873,0 75.017505,15.396948,0 
						</coordinates>
					</LinearRing>
				</outerBoundaryIs>
			</Polygon>
		</Placemark>
		<Placemark>
			<name>53</name>
			<description>📍 West Facing  Plot
📐 9m x 9m x 12m x 12m
📏 1162.5 square feet</description>
			<styleUrl>#poly-C9AD99-1-255</styleUrl>
			<ExtendedData>
				<Data name="fid">
				</Data>
				<Data name="Layer">
				</Data>
				<Data name="SubClasses">
				</Data>
				<Data name="EntityHandle">
				</Data>
				<Data name="Text">
				</Data>
			</ExtendedData>
			<Polygon>
				<outerBoundaryIs>
					<LinearRing>
						<tessellate>1</tessellate>
						<coordinates>
							75.017482,15.396873,0 75.017375,15.396903,0 75.017352,15.396829,0 75.017459,15.396797,0 75.017482,15.396873,0 
						</coordinates>
					</LinearRing>
				</outerBoundaryIs>
			</Polygon>
		</Placemark>
		<Placemark>
			<name>54</name>
			<description>📍 South-West Facing Corner  Plot
📐 7.1m x 8.5m x 12m x 12m
📏 1007.5 square feet</description>
			<styleUrl>#poly-7A9486-1-2550</styleUrl>
			<ExtendedData>
				<Data name="fid">
				</Data>
				<Data name="Layer">
				</Data>
				<Data name="SubClasses">
				</Data>
				<Data name="EntityHandle">
				</Data>
				<Data name="Text">
				</Data>
			</ExtendedData>
			<Polygon>
				<outerBoundaryIs>
					<LinearRing>
						<tessellate>1</tessellate>
						<coordinates>
							75.017352,15.396829,0 75.01733299999999,15.396766,0 75.017436,15.396722,0 75.017459,15.396797,0 75.017352,15.396829,0 
						</coordinates>
					</LinearRing>
				</outerBoundaryIs>
			</Polygon>
		</Placemark>
		<Placemark>
			<name>55</name>
			<description>📍 South-East Facing Corner  Plot
📐 8.5m x 12.1m x 12m x 12.64m
📏 1365.9 square feet</description>
			<styleUrl>#poly-7A9486-1-2550</styleUrl>
			<ExtendedData>
				<Data name="fid">
				</Data>
				<Data name="Layer">
				</Data>
				<Data name="SubClasses">
				</Data>
				<Data name="EntityHandle">
				</Data>
				<Data name="Text">
				</Data>
			</ExtendedData>
			<Polygon>
				<outerBoundaryIs>
					<LinearRing>
						<tessellate>1</tessellate>
						<coordinates>
							75.017459,15.396797,0 75.017436,15.396722,0 75.01748000000001,15.396704,0 75.017533,15.396662,0 75.017565,15.396765,0 75.017459,15.396797,0 
						</coordinates>
					</LinearRing>
				</outerBoundaryIs>
			</Polygon>
		</Placemark>
		<Placemark>
			<name>56</name>
			<description>📍 East Facing  Plot
📐 9m x 9m x 12m x 12m
📏 1162.5 square feet</description>
			<styleUrl>#poly-C9AD99-1-255</styleUrl>
			<ExtendedData>
				<Data name="fid">
				</Data>
				<Data name="Layer">
				</Data>
				<Data name="SubClasses">
				</Data>
				<Data name="EntityHandle">
				</Data>
				<Data name="Text">
				</Data>
			</ExtendedData>
			<Polygon>
				<outerBoundaryIs>
					<LinearRing>
						<tessellate>1</tessellate>
						<coordinates>
							75.017588,15.396843,0 75.017482,15.396873,0 75.017459,15.396797,0 75.017565,15.396765,0 75.017588,15.396843,0 
						</coordinates>
					</LinearRing>
				</outerBoundaryIs>
			</Polygon>
		</Placemark>
		<Placemark>
			<name>57</name>
			<description>📍 East Facing  Plot
📐 9m x 9m x 12m x 12m
📏 1162.5 square feet</description>
			<styleUrl>#poly-C9AD99-1-255</styleUrl>
			<ExtendedData>
				<Data name="fid">
				</Data>
				<Data name="Layer">
				</Data>
				<Data name="SubClasses">
				</Data>
				<Data name="EntityHandle">
				</Data>
				<Data name="Text">
				</Data>
			</ExtendedData>
			<Polygon>
				<outerBoundaryIs>
					<LinearRing>
						<tessellate>1</tessellate>
						<coordinates>
							75.017611,15.396919,0 75.017505,15.396948,0 75.017482,15.396873,0 75.017588,15.396843,0 75.017611,15.396919,0 
						</coordinates>
					</LinearRing>
				</outerBoundaryIs>
			</Polygon>
		</Placemark>
		<Placemark>
			<name>58</name>
			<description>📍 East Facing  Plot
📐 9m x 9m x 12m x 12m
📏 1162.5 square feet</description>
			<styleUrl>#poly-C9AD99-1-255</styleUrl>
			<ExtendedData>
				<Data name="fid">
				</Data>
				<Data name="Layer">
				</Data>
				<Data name="SubClasses">
				</Data>
				<Data name="EntityHandle">
				</Data>
				<Data name="Text">
				</Data>
			</ExtendedData>
			<Polygon>
				<outerBoundaryIs>
					<LinearRing>
						<tessellate>1</tessellate>
						<coordinates>
							75.017635,15.396997,0 75.01752999999999,15.397028,0 75.017505,15.396948,0 75.017611,15.396919,0 75.017635,15.396997,0 
						</coordinates>
					</LinearRing>
				</outerBoundaryIs>
			</Polygon>
		</Placemark>
		<Placemark>
			<name>59</name>
			<description>📍 East Facing  Plot
📐 9m x 9m x 12m x 12m
📏 1162.5 square feet</description>
			<styleUrl>#poly-C9AD99-1-255</styleUrl>
			<ExtendedData>
				<Data name="fid">
				</Data>
				<Data name="Layer">
				</Data>
				<Data name="SubClasses">
				</Data>
				<Data name="EntityHandle">
				</Data>
				<Data name="Text">
				</Data>
			</ExtendedData>
			<Polygon>
				<outerBoundaryIs>
					<LinearRing>
						<tessellate>1</tessellate>
						<coordinates>
							75.017658,15.397073,0 75.01755300000001,15.397102,0 75.01752999999999,15.397028,0 75.017635,15.396997,0 75.017658,15.397073,0 
						</coordinates>
					</LinearRing>
				</outerBoundaryIs>
			</Polygon>
		</Placemark>
		<Placemark>
			<name>60</name>
			<description>📍 East Facing  Plot
📐 9m x 9m x 12m x 12m
📏 1162.5 square feet</description>
			<styleUrl>#poly-C9AD99-1-255</styleUrl>
			<ExtendedData>
				<Data name="fid">
				</Data>
				<Data name="Layer">
				</Data>
				<Data name="SubClasses">
				</Data>
				<Data name="EntityHandle">
				</Data>
				<Data name="Text">
				</Data>
			</ExtendedData>
			<Polygon>
				<outerBoundaryIs>
					<LinearRing>
						<tessellate>1</tessellate>
						<coordinates>
							75.01768199999999,15.397149,0 75.01757600000001,15.397179,0 75.01755300000001,15.397102,0 75.017658,15.397073,0 75.01768199999999,15.397149,0 
						</coordinates>
					</LinearRing>
				</outerBoundaryIs>
			</Polygon>
		</Placemark>
		<Placemark>
			<name>61</name>
			<description>📍 East Facing  Plot
📐 9m x 9m x 12m x 12m
📏 1162.5 square feet</description>
			<styleUrl>#poly-C9AD99-1-255</styleUrl>
			<ExtendedData>
				<Data name="fid">
				</Data>
				<Data name="Layer">
				</Data>
				<Data name="SubClasses">
				</Data>
				<Data name="EntityHandle">
				</Data>
				<Data name="Text">
				</Data>
			</ExtendedData>
			<Polygon>
				<outerBoundaryIs>
					<LinearRing>
						<tessellate>1</tessellate>
						<coordinates>
							75.01770500000001,15.397224,0 75.0176,15.397255,0 75.01757600000001,15.397179,0 75.01768199999999,15.397149,0 75.01770500000001,15.397224,0 
						</coordinates>
					</LinearRing>
				</outerBoundaryIs>
			</Polygon>
		</Placemark>
		<Placemark>
			<name>62</name>
			<description>📍 East Facing  Plot
📐 9m x 9m x 12m x 12m
📏 1162.5 square feet</description>
			<styleUrl>#poly-C9AD99-1-255</styleUrl>
			<ExtendedData>
				<Data name="fid">
				</Data>
				<Data name="Layer">
				</Data>
				<Data name="SubClasses">
				</Data>
				<Data name="EntityHandle">
				</Data>
				<Data name="Text">
				</Data>
			</ExtendedData>
			<Polygon>
				<outerBoundaryIs>
					<LinearRing>
						<tessellate>1</tessellate>
						<coordinates>
							75.017729,15.397302,0 75.017624,15.397333,0 75.0176,15.397255,0 75.01770500000001,15.397224,0 75.017729,15.397302,0 
						</coordinates>
					</LinearRing>
				</outerBoundaryIs>
			</Polygon>
		</Placemark>
		<Placemark>
			<name>63</name>
			<description>📍 East Facing  Plot
📐 9m x 9m x 12m x 12m
📏 1162.5 square feet</description>
			<styleUrl>#poly-C9AD99-1-255</styleUrl>
			<ExtendedData>
				<Data name="fid">
				</Data>
				<Data name="Layer">
				</Data>
				<Data name="SubClasses">
				</Data>
				<Data name="EntityHandle">
				</Data>
				<Data name="Text">
				</Data>
			</ExtendedData>
			<Polygon>
				<outerBoundaryIs>
					<LinearRing>
						<tessellate>1</tessellate>
						<coordinates>
							75.017753,15.397379,0 75.01764799999999,15.39741,0 75.017624,15.397333,0 75.017729,15.397302,0 75.017753,15.397379,0 
						</coordinates>
					</LinearRing>
				</outerBoundaryIs>
			</Polygon>
		</Placemark>
		<Placemark>
			<name>64</name>
			<description>📍 East Facing  Plot
📐 9m x 9m x 12m x 12m
📏 1162.5 square feet</description>
			<styleUrl>#poly-C9AD99-1-255</styleUrl>
			<ExtendedData>
				<Data name="fid">
				</Data>
				<Data name="Layer">
				</Data>
				<Data name="SubClasses">
				</Data>
				<Data name="EntityHandle">
				</Data>
				<Data name="Text">
				</Data>
			</ExtendedData>
			<Polygon>
				<outerBoundaryIs>
					<LinearRing>
						<tessellate>1</tessellate>
						<coordinates>
							75.017672,15.397485,0 75.01764799999999,15.39741,0 75.017753,15.397379,0 75.017777,15.397454,0 75.017672,15.397485,0 
						</coordinates>
					</LinearRing>
				</outerBoundaryIs>
			</Polygon>
		</Placemark>
		<Placemark>
			<name>65</name>
			<description>📍 East Facing  Plot
📐 9m x 9m x 12m x 12m
📏 1162.5 square feet</description>
			<styleUrl>#poly-C9AD99-1-255</styleUrl>
			<ExtendedData>
				<Data name="fid">
				</Data>
				<Data name="Layer">
				</Data>
				<Data name="SubClasses">
				</Data>
				<Data name="EntityHandle">
				</Data>
				<Data name="Text">
				</Data>
			</ExtendedData>
			<Polygon>
				<outerBoundaryIs>
					<LinearRing>
						<tessellate>1</tessellate>
						<coordinates>
							75.017802,15.397534,0 75.017697,15.397564,0 75.017672,15.397485,0 75.017777,15.397454,0 75.017802,15.397534,0 
						</coordinates>
					</LinearRing>
				</outerBoundaryIs>
			</Polygon>
		</Placemark>
		<Placemark>
			<name>66</name>
			<description>📍 East Facing  Plot
📐 9m x 9m x 12m x 12m
📏 1162.5 square feet</description>
			<styleUrl>#poly-C9AD99-1-255</styleUrl>
			<ExtendedData>
				<Data name="fid">
				</Data>
				<Data name="Layer">
				</Data>
				<Data name="SubClasses">
				</Data>
				<Data name="EntityHandle">
				</Data>
				<Data name="Text">
				</Data>
			</ExtendedData>
			<Polygon>
				<outerBoundaryIs>
					<LinearRing>
						<tessellate>1</tessellate>
						<coordinates>
							75.017826,15.397609,0 75.01772099999999,15.397639,0 75.017697,15.397564,0 75.017802,15.397534,0 75.017826,15.397609,0 
						</coordinates>
					</LinearRing>
				</outerBoundaryIs>
			</Polygon>
		</Placemark>
		<Placemark>
			<name>67</name>
			<description>📍 East Facing  Plot
📐 9m x 9m x 12m x 12m
📏 1162.5 square feet</description>
			<styleUrl>#poly-C9AD99-1-255</styleUrl>
			<ExtendedData>
				<Data name="fid">
				</Data>
				<Data name="Layer">
				</Data>
				<Data name="SubClasses">
				</Data>
				<Data name="EntityHandle">
				</Data>
				<Data name="Text">
				</Data>
			</ExtendedData>
			<Polygon>
				<outerBoundaryIs>
					<LinearRing>
						<tessellate>1</tessellate>
						<coordinates>
							75.01785,15.397686,0 75.01774500000001,15.397716,0 75.01772099999999,15.397639,0 75.017826,15.397609,0 75.01785,15.397686,0 
						</coordinates>
					</LinearRing>
				</outerBoundaryIs>
			</Polygon>
		</Placemark>
		<Placemark>
			<name>68</name>
			<description>📍 East Facing  Plot
📐 9m x 9m x 12m x 12m
📏 1162.5 square feet</description>
			<styleUrl>#poly-C9AD99-1-255</styleUrl>
			<ExtendedData>
				<Data name="fid">
				</Data>
				<Data name="Layer">
				</Data>
				<Data name="SubClasses">
				</Data>
				<Data name="EntityHandle">
				</Data>
				<Data name="Text">
				</Data>
			</ExtendedData>
			<Polygon>
				<outerBoundaryIs>
					<LinearRing>
						<tessellate>1</tessellate>
						<coordinates>
							75.017875,15.397765,0 75.01777,15.397795,0 75.01774500000001,15.397716,0 75.01785,15.397686,0 75.017875,15.397765,0 
						</coordinates>
					</LinearRing>
				</outerBoundaryIs>
			</Polygon>
		</Placemark>
		<Placemark>
			<name>69</name>
			<description>📍 East Facing  Plot
📐 9m x 9m x 12m x 12m
📏 1162.5 square feet</description>
			<styleUrl>#poly-C9AD99-1-255</styleUrl>
			<ExtendedData>
				<Data name="fid">
				</Data>
				<Data name="Layer">
				</Data>
				<Data name="SubClasses">
				</Data>
				<Data name="EntityHandle">
				</Data>
				<Data name="Text">
				</Data>
			</ExtendedData>
			<Polygon>
				<outerBoundaryIs>
					<LinearRing>
						<tessellate>1</tessellate>
						<coordinates>
							75.0179,15.397842,0 75.01779399999999,15.397871,0 75.01777,15.397795,0 75.017875,15.397765,0 75.0179,15.397842,0 
						</coordinates>
					</LinearRing>
				</outerBoundaryIs>
			</Polygon>
		</Placemark>
		<Placemark>
			<name>70</name>
			<description>📍 East Facing  Plot
📐 9m x 9m x 12m x 12m
📏 1162.5 square feet</description>
			<styleUrl>#poly-C9AD99-1-255</styleUrl>
			<ExtendedData>
				<Data name="fid">
				</Data>
				<Data name="Layer">
				</Data>
				<Data name="SubClasses">
				</Data>
				<Data name="EntityHandle">
				</Data>
				<Data name="Text">
				</Data>
			</ExtendedData>
			<Polygon>
				<outerBoundaryIs>
					<LinearRing>
						<tessellate>1</tessellate>
						<coordinates>
							75.017819,15.397948,0 75.01779399999999,15.397871,0 75.0179,15.397842,0 75.01792399999999,15.397918,0 75.017819,15.397948,0 
						</coordinates>
					</LinearRing>
				</outerBoundaryIs>
			</Polygon>
		</Placemark>
		<Placemark>
			<name>71</name>
			<description>📍 North-East Facing Corner  Plot
📐 12m x 12m x 12m x 12m
📏 1550 square feet</description>
			<styleUrl>#poly-D2B875-1-255</styleUrl>
			<ExtendedData>
				<Data name="fid">
				</Data>
				<Data name="Layer">
				</Data>
				<Data name="SubClasses">
				</Data>
				<Data name="EntityHandle">
				</Data>
				<Data name="Text">
				</Data>
			</ExtendedData>
			<Polygon>
				<outerBoundaryIs>
					<LinearRing>
						<tessellate>1</tessellate>
						<coordinates>
							75.017956,15.39802,0 75.01785099999999,15.39805,0 75.017819,15.397948,0 75.01792399999999,15.397918,0 75.017956,15.39802,0 
						</coordinates>
					</LinearRing>
				</outerBoundaryIs>
			</Polygon>
		</Placemark>
		<Placemark>
			<name>72</name>
			<description>📍 South-East Facing Corner  Plot
📐 9m x 9m x 12m x 12m
📏 1162.5 square feet</description>
			<styleUrl>#poly-plot-EDA29B</styleUrl>
			<ExtendedData>
				<Data name="fid">
				</Data>
				<Data name="Layer">
				</Data>
				<Data name="SubClasses">
				</Data>
				<Data name="EntityHandle">
				</Data>
				<Data name="Text">
				</Data>
			</ExtendedData>
			<Polygon>
				<outerBoundaryIs>
					<LinearRing>
						<tessellate>1</tessellate>
						<coordinates>
							75.01801399999999,15.398198,0 75.01790800000001,15.398231,0 75.017883,15.398153,0 75.01799,15.398123,0 75.01801399999999,15.398198,0 
						</coordinates>
					</LinearRing>
				</outerBoundaryIs>
			</Polygon>
		</Placemark>
		<Placemark>
			<name>73</name>
			<description>📍 East Facing  Plot
📐 9m x 9m x 12m x 12m
📏 1162.5 square feet</description>
			<styleUrl>#poly-plot-EDA29B</styleUrl>
			<ExtendedData>
				<Data name="fid">
				</Data>
				<Data name="Layer">
				</Data>
				<Data name="SubClasses">
				</Data>
				<Data name="EntityHandle">
				</Data>
				<Data name="Text">
				</Data>
			</ExtendedData>
			<Polygon>
				<outerBoundaryIs>
					<LinearRing>
						<tessellate>1</tessellate>
						<coordinates>
							75.018038,15.398276,0 75.017932,15.398309,0 75.01790800000001,15.398231,0 75.01801399999999,15.398198,0 75.018038,15.398276,0 
						</coordinates>
					</LinearRing>
				</outerBoundaryIs>
			</Polygon>
		</Placemark>
		<Placemark>
			<name>74</name>
			<description>📍 East Facing  Plot
📐 9m x 9m x 12m x 12m
📏 1162.5 square feet</description>
			<styleUrl>#poly-plot-EDA29B</styleUrl>
			<ExtendedData>
				<Data name="fid">
				</Data>
				<Data name="Layer">
				</Data>
				<Data name="SubClasses">
				</Data>
				<Data name="EntityHandle">
				</Data>
				<Data name="Text">
				</Data>
			</ExtendedData>
			<Polygon>
				<outerBoundaryIs>
					<LinearRing>
						<tessellate>1</tessellate>
						<coordinates>
							75.018062,15.398355,0 75.017955,15.398386,0 75.017932,15.398309,0 75.018038,15.398276,0 75.018062,15.398355,0 
						</coordinates>
					</LinearRing>
				</outerBoundaryIs>
			</Polygon>
		</Placemark>
		<Placemark>
			<name>75</name>
			<description>📍 East Facing  Plot
📐 9m x 9m x 12m x 12m
📏 1162.5 square feet</description>
			<styleUrl>#poly-plot-EDA29B</styleUrl>
			<ExtendedData>
				<Data name="fid">
				</Data>
				<Data name="Layer">
				</Data>
				<Data name="SubClasses">
				</Data>
				<Data name="EntityHandle">
				</Data>
				<Data name="Text">
				</Data>
			</ExtendedData>
			<Polygon>
				<outerBoundaryIs>
					<LinearRing>
						<tessellate>1</tessellate>
						<coordinates>
							75.017979,15.398461,0 75.017955,15.398386,0 75.018062,15.398355,0 75.018085,15.39843,0 75.017979,15.398461,0 
						</coordinates>
					</LinearRing>
				</outerBoundaryIs>
			</Polygon>
		</Placemark>
		<Placemark>
			<name>76</name>
			<description>📍 East Facing  Plot
📐 9m x 9m x 12m x 12m
📏 1162.5 square feet</description>
			<styleUrl>#poly-plot-EDA29B</styleUrl>
			<ExtendedData>
				<Data name="fid">
				</Data>
				<Data name="Layer">
				</Data>
				<Data name="SubClasses">
				</Data>
				<Data name="EntityHandle">
				</Data>
				<Data name="Text">
				</Data>
			</ExtendedData>
			<Polygon>
				<outerBoundaryIs>
					<LinearRing>
						<tessellate>1</tessellate>
						<coordinates>
							75.018109,15.398509,0 75.01800299999999,15.39854,0 75.017979,15.398461,0 75.018085,15.398429,0 75.018109,15.398509,0 
						</coordinates>
					</LinearRing>
				</outerBoundaryIs>
			</Polygon>
		</Placemark>
		<Placemark>
			<name>77</name>
			<description>📍 East Facing  Plot
📐 9m x 9m x 12m x 12m
📏 1162.5 square feet</description>
			<styleUrl>#poly-plot-EDA29B</styleUrl>
			<ExtendedData>
				<Data name="fid">
				</Data>
				<Data name="Layer">
				</Data>
				<Data name="SubClasses">
				</Data>
				<Data name="EntityHandle">
				</Data>
				<Data name="Text">
				</Data>
			</ExtendedData>
			<Polygon>
				<outerBoundaryIs>
					<LinearRing>
						<tessellate>1</tessellate>
						<coordinates>
							75.01813199999999,15.398584,0 75.01802600000001,15.398615,0 75.01800299999999,15.39854,0 75.018109,15.398509,0 75.01813199999999,15.398584,0 
						</coordinates>
					</LinearRing>
				</outerBoundaryIs>
			</Polygon>
		</Placemark>
		<Placemark>
			<name>78</name>
			<description>📍 East Facing  Plot
📐 9m x 9m x 12m x 12m
📏 1162.5 square feet</description>
			<styleUrl>#poly-plot-EDA29B</styleUrl>
			<ExtendedData>
				<Data name="fid">
				</Data>
				<Data name="Layer">
				</Data>
				<Data name="SubClasses">
				</Data>
				<Data name="EntityHandle">
				</Data>
				<Data name="Text">
				</Data>
			</ExtendedData>
			<Polygon>
				<outerBoundaryIs>
					<LinearRing>
						<tessellate>1</tessellate>
						<coordinates>
							75.018156,15.398661,0 75.018049,15.398691,0 75.01802600000001,15.398615,0 75.01813199999999,15.398584,0 75.018156,15.398661,0 
						</coordinates>
					</LinearRing>
				</outerBoundaryIs>
			</Polygon>
		</Placemark>
		<Placemark>
			<name>79</name>
			<description>📍 East Facing  Plot
📐 9m x 9m x 12m x 12m
📏 1162.5 square feet</description>
			<styleUrl>#poly-C9AD99-1-255</styleUrl>
			<ExtendedData>
				<Data name="fid">
				</Data>
				<Data name="Layer">
				</Data>
				<Data name="SubClasses">
				</Data>
				<Data name="EntityHandle">
				</Data>
				<Data name="Text">
				</Data>
			</ExtendedData>
			<Polygon>
				<outerBoundaryIs>
					<LinearRing>
						<tessellate>1</tessellate>
						<coordinates>
							75.018181,15.39874,0 75.018074,15.39877,0 75.018049,15.398691,0 75.018156,15.398661,0 75.018181,15.39874,0 
						</coordinates>
					</LinearRing>
				</outerBoundaryIs>
			</Polygon>
		</Placemark>
		<Placemark>
			<name>80</name>
			<description>📍 East Facing  Plot
📐 9m x 9m x 12m x 12m
📏 1162.5 square feet</description>
			<styleUrl>#poly-C9AD99-1-255</styleUrl>
			<ExtendedData>
				<Data name="fid">
				</Data>
				<Data name="Layer">
				</Data>
				<Data name="SubClasses">
				</Data>
				<Data name="EntityHandle">
				</Data>
				<Data name="Text">
				</Data>
			</ExtendedData>
			<Polygon>
				<outerBoundaryIs>
					<LinearRing>
						<tessellate>1</tessellate>
						<coordinates>
							75.018204,15.398817,0 75.018097,15.398846,0 75.018074,15.39877,0 75.01818,15.39874,0 75.018204,15.398817,0 
						</coordinates>
					</LinearRing>
				</outerBoundaryIs>
			</Polygon>
		</Placemark>
		<Placemark>
			<name>81</name>
			<description>📍 East Facing  Plot
📐 9m x 9m x 12m x 12m
📏 1162.5 square feet</description>
			<styleUrl>#poly-C9AD99-1-255</styleUrl>
			<ExtendedData>
				<Data name="fid">
				</Data>
				<Data name="Layer">
				</Data>
				<Data name="SubClasses">
				</Data>
				<Data name="EntityHandle">
				</Data>
				<Data name="Text">
				</Data>
			</ExtendedData>
			<Polygon>
				<outerBoundaryIs>
					<LinearRing>
						<tessellate>1</tessellate>
						<coordinates>
							75.01822799999999,15.398892,0 75.01812,15.398924,0 75.018097,15.398846,0 75.018204,15.398817,0 75.01822799999999,15.398892,0 
						</coordinates>
					</LinearRing>
				</outerBoundaryIs>
			</Polygon>
		</Placemark>
		<Placemark>
			<name>82</name>
			<description>📍 East Facing  Plot
📐 11.2m x 9m x 16m x 22.7m
📏 2103.64 square feet</description>
			<styleUrl>#poly-7A9486-1-2550</styleUrl>
			<ExtendedData>
				<Data name="fid">
				</Data>
				<Data name="Layer">
				</Data>
				<Data name="SubClasses">
				</Data>
				<Data name="EntityHandle">
				</Data>
				<Data name="Text">
				</Data>
			</ExtendedData>
			<Polygon>
				<outerBoundaryIs>
					<LinearRing>
						<tessellate>1</tessellate>
						<coordinates>
							75.01822799999999,15.398892,0 75.018252,15.39897,0 75.01810999999999,15.399011,0 75.01802499999999,15.39895,0 75.01822799999999,15.398892,0 
						</coordinates>
					</LinearRing>
				</outerBoundaryIs>
			</Polygon>
		</Placemark>
		<Placemark>
			<name>83</name>
			<description>📍 North-East Facing Corner  Plot
📐 16m x 26.9m x 21.7m x 0m
📏 1871 square feet</description>
			<styleUrl>#poly-7A9486-1-2550</styleUrl>
			<ExtendedData>
				<Data name="fid">
				</Data>
				<Data name="Layer">
				</Data>
				<Data name="SubClasses">
				</Data>
				<Data name="EntityHandle">
				</Data>
				<Data name="Text">
				</Data>
			</ExtendedData>
			<Polygon>
				<outerBoundaryIs>
					<LinearRing>
						<tessellate>1</tessellate>
						<coordinates>
							75.018309,15.399155,0 75.01810999999999,15.399011,0 75.018252,15.39897,0 75.018309,15.399155,0 
						</coordinates>
					</LinearRing>
				</outerBoundaryIs>
			</Polygon>
		</Placemark>
		<Placemark>
			<name>84</name>
			<description>📍 North-West Facing Corner  Plot
📐 15.8m x 18m x 10.4m x 12m
📏 2037.39 square feet</description>
			<styleUrl>#poly-7A9486-1-2550</styleUrl>
			<ExtendedData>
				<Data name="fid">
				</Data>
				<Data name="Layer">
				</Data>
				<Data name="SubClasses">
				</Data>
				<Data name="EntityHandle">
				</Data>
				<Data name="Text">
				</Data>
			</ExtendedData>
			<Polygon>
				<outerBoundaryIs>
					<LinearRing>
						<tessellate>1</tessellate>
						<coordinates>
							75.018536,15.399224,0 75.01844199999999,15.399252,0 75.018422,15.399238,0 75.01837999999999,15.3991,0 75.018488,15.399069,0 75.018536,15.399224,0 
						</coordinates>
					</LinearRing>
				</outerBoundaryIs>
			</Polygon>
		</Placemark>
		<Placemark>
			<name>85</name>
			<description>📍 West Facing  Plot
📐 9m x 9m x 12m x 12m
📏 1162.5 square feet</description>
			<styleUrl>#poly-C9AD99-1-255</styleUrl>
			<ExtendedData>
				<Data name="fid">
				</Data>
				<Data name="Layer">
				</Data>
				<Data name="SubClasses">
				</Data>
				<Data name="EntityHandle">
				</Data>
				<Data name="Text">
				</Data>
			</ExtendedData>
			<Polygon>
				<outerBoundaryIs>
					<LinearRing>
						<tessellate>1</tessellate>
						<coordinates>
							75.018488,15.399069,0 75.01837999999999,15.3991,0 75.018356,15.399022,0 75.01846399999999,15.398991,0 75.018488,15.399069,0 
						</coordinates>
					</LinearRing>
				</outerBoundaryIs>
			</Polygon>
		</Placemark>
		<Placemark>
			<name>86</name>
			<description>📍 West Facing  Plot
📐 9m x 9m x 12m x 12m
📏 1162.5 square feet</description>
			<styleUrl>#poly-C9AD99-1-255</styleUrl>
			<ExtendedData>
				<Data name="fid">
				</Data>
				<Data name="Layer">
				</Data>
				<Data name="SubClasses">
				</Data>
				<Data name="EntityHandle">
				</Data>
				<Data name="Text">
				</Data>
			</ExtendedData>
			<Polygon>
				<outerBoundaryIs>
					<LinearRing>
						<tessellate>1</tessellate>
						<coordinates>
							75.01846399999999,15.398991,0 75.018356,15.399022,0 75.018332,15.398946,0 75.01844,15.398914,0 75.01846399999999,15.398991,0 
						</coordinates>
					</LinearRing>
				</outerBoundaryIs>
			</Polygon>
		</Placemark>
		<Placemark>
			<name>87</name>
			<description>📍 West Facing  Plot
📐 9m x 9m x 12m x 12m
📏 1162.5 square feet</description>
			<styleUrl>#poly-C9AD99-1-255</styleUrl>
			<ExtendedData>
				<Data name="fid">
				</Data>
				<Data name="Layer">
				</Data>
				<Data name="SubClasses">
				</Data>
				<Data name="EntityHandle">
				</Data>
				<Data name="Text">
				</Data>
			</ExtendedData>
			<Polygon>
				<outerBoundaryIs>
					<LinearRing>
						<tessellate>1</tessellate>
						<coordinates>
							75.01844,15.398914,0 75.018332,15.398946,0 75.018308,15.398868,0 75.018416,15.398837,0 75.01844,15.398914,0 
						</coordinates>
					</LinearRing>
				</outerBoundaryIs>
			</Polygon>
		</Placemark>
		<Placemark>
			<name>88</name>
			<description>📍 West Facing  Plot
📐 9m x 9m x 12m x 12m
📏 1162.5 square feet</description>
			<styleUrl>#poly-C9AD99-1-255</styleUrl>
			<ExtendedData>
				<Data name="fid">
				</Data>
				<Data name="Layer">
				</Data>
				<Data name="SubClasses">
				</Data>
				<Data name="EntityHandle">
				</Data>
				<Data name="Text">
				</Data>
			</ExtendedData>
			<Polygon>
				<outerBoundaryIs>
					<LinearRing>
						<tessellate>1</tessellate>
						<coordinates>
							75.018416,15.398837,0 75.018308,15.398868,0 75.01828399999999,15.398791,0 75.01839200000001,15.398759,0 75.018416,15.398837,0 
						</coordinates>
					</LinearRing>
				</outerBoundaryIs>
			</Polygon>
		</Placemark>
		<Placemark>
			<name>89</name>
			<description>📍 West Facing  Plot
📐 9m x 9m x 12m x 12m
📏 1162.5 square feet</description>
			<styleUrl>#poly-C9AD99-1-255</styleUrl>
			<ExtendedData>
				<Data name="fid">
				</Data>
				<Data name="Layer">
				</Data>
				<Data name="SubClasses">
				</Data>
				<Data name="EntityHandle">
				</Data>
				<Data name="Text">
				</Data>
			</ExtendedData>
			<Polygon>
				<outerBoundaryIs>
					<LinearRing>
						<tessellate>1</tessellate>
						<coordinates>
							75.01839200000001,15.398759,0 75.01828399999999,15.398791,0 75.01826,15.398714,0 75.018368,15.398683,0 75.01839200000001,15.398759,0 
						</coordinates>
					</LinearRing>
				</outerBoundaryIs>
			</Polygon>
		</Placemark>
		<Placemark>
			<name>90</name>
			<description>📍 West Facing  Plot
📐 9m x 9m x 12m x 12m
📏 1162.5 square feet</description>
			<styleUrl>#poly-C9AD99-1-255</styleUrl>
			<ExtendedData>
				<Data name="fid">
				</Data>
				<Data name="Layer">
				</Data>
				<Data name="SubClasses">
				</Data>
				<Data name="EntityHandle">
				</Data>
				<Data name="Text">
				</Data>
			</ExtendedData>
			<Polygon>
				<outerBoundaryIs>
					<LinearRing>
						<tessellate>1</tessellate>
						<coordinates>
							75.018368,15.398683,0 75.01826,15.398714,0 75.018236,15.398637,0 75.018344,15.398606,0 75.018368,15.398683,0 
						</coordinates>
					</LinearRing>
				</outerBoundaryIs>
			</Polygon>
		</Placemark>
		<Placemark>
			<name>91</name>
			<description>📍 West Facing  Plot
📐 9m x 9m x 12m x 12m
📏 1162.5 square feet</description>
			<styleUrl>#poly-C9AD99-1-255</styleUrl>
			<ExtendedData>
				<Data name="fid">
				</Data>
				<Data name="Layer">
				</Data>
				<Data name="SubClasses">
				</Data>
				<Data name="EntityHandle">
				</Data>
				<Data name="Text">
				</Data>
			</ExtendedData>
			<Polygon>
				<outerBoundaryIs>
					<LinearRing>
						<tessellate>1</tessellate>
						<coordinates>
							75.018344,15.398606,0 75.018236,15.398637,0 75.018213,15.39856,0 75.01832,15.398529,0 75.018344,15.398606,0 
						</coordinates>
					</LinearRing>
				</outerBoundaryIs>
			</Polygon>
		</Placemark>
		<Placemark>
			<name>92</name>
			<description>📍 West Facing  Plot
📐 9m x 9m x 12m x 12m
📏 1162.5 square feet</description>
			<styleUrl>#poly-C9AD99-1-255</styleUrl>
			<ExtendedData>
				<Data name="fid">
				</Data>
				<Data name="Layer">
				</Data>
				<Data name="SubClasses">
				</Data>
				<Data name="EntityHandle">
				</Data>
				<Data name="Text">
				</Data>
			</ExtendedData>
			<Polygon>
				<outerBoundaryIs>
					<LinearRing>
						<tessellate>1</tessellate>
						<coordinates>
							75.01832,15.398529,0 75.018213,15.39856,0 75.01818799999999,15.398482,0 75.01829600000001,15.398451,0 75.01832,15.398529,0 
						</coordinates>
					</LinearRing>
				</outerBoundaryIs>
			</Polygon>
		</Placemark>
		<Placemark>
			<name>93</name>
			<description>📍 West Facing  Plot
📐 9m x 9m x 12m x 12m
📏 1162.5 square feet</description>
			<styleUrl>#poly-C9AD99-1-255</styleUrl>
			<ExtendedData>
				<Data name="fid">
				</Data>
				<Data name="Layer">
				</Data>
				<Data name="SubClasses">
				</Data>
				<Data name="EntityHandle">
				</Data>
				<Data name="Text">
				</Data>
			</ExtendedData>
			<Polygon>
				<outerBoundaryIs>
					<LinearRing>
						<tessellate>1</tessellate>
						<coordinates>
							75.01829600000001,15.398451,0 75.01818799999999,15.398482,0 75.018165,15.398407,0 75.018272,15.398375,0 75.01829600000001,15.398451,0 
						</coordinates>
					</LinearRing>
				</outerBoundaryIs>
			</Polygon>
		</Placemark>
		<Placemark>
			<name>94</name>
			<description>📍 West Facing  Plot
📐 9m x 9m x 12m x 12m
📏 1162.5 square feet</description>
			<styleUrl>#poly-C9AD99-1-255</styleUrl>
			<ExtendedData>
				<Data name="fid">
				</Data>
				<Data name="Layer">
				</Data>
				<Data name="SubClasses">
				</Data>
				<Data name="EntityHandle">
				</Data>
				<Data name="Text">
				</Data>
			</ExtendedData>
			<Polygon>
				<outerBoundaryIs>
					<LinearRing>
						<tessellate>1</tessellate>
						<coordinates>
							75.018272,15.398375,0 75.018165,15.398407,0 75.018141,15.39833,0 75.018248,15.398298,0 75.018272,15.398375,0 
						</coordinates>
					</LinearRing>
				</outerBoundaryIs>
			</Polygon>
		</Placemark>
		<Placemark>
			<name>95</name>
			<description>📍 West Facing  Plot
📐 9m x 9m x 12m x 12m
📏 1162.5 square feet</description>
			<styleUrl>#poly-C9AD99-1-255</styleUrl>
			<ExtendedData>
				<Data name="fid">
				</Data>
				<Data name="Layer">
				</Data>
				<Data name="SubClasses">
				</Data>
				<Data name="EntityHandle">
				</Data>
				<Data name="Text">
				</Data>
			</ExtendedData>
			<Polygon>
				<outerBoundaryIs>
					<LinearRing>
						<tessellate>1</tessellate>
						<coordinates>
							75.018248,15.398298,0 75.018141,15.39833,0 75.018117,15.398252,0 75.018224,15.398221,0 75.018248,15.398298,0 
						</coordinates>
					</LinearRing>
				</outerBoundaryIs>
			</Polygon>
		</Placemark>
		<Placemark>
			<name>96</name>
			<description>📍 West Facing  Plot
📐 9m x 9m x 12m x 12m
📏 1162.5 square feet</description>
			<styleUrl>#poly-C9AD99-1-255</styleUrl>
			<ExtendedData>
				<Data name="fid">
				</Data>
				<Data name="Layer">
				</Data>
				<Data name="SubClasses">
				</Data>
				<Data name="EntityHandle">
				</Data>
				<Data name="Text">
				</Data>
			</ExtendedData>
			<Polygon>
				<outerBoundaryIs>
					<LinearRing>
						<tessellate>1</tessellate>
						<coordinates>
							75.018224,15.398221,0 75.018117,15.398252,0 75.018092,15.398175,0 75.01819999999999,15.398144,0 75.018224,15.398221,0 
						</coordinates>
					</LinearRing>
				</outerBoundaryIs>
			</Polygon>
		</Placemark>
		<Placemark>
			<name>97</name>
			<description>📍 South-West Facing Corner  Plot
📐 9m x 9m x 12m x 12m
📏 1162.5 square feet</description>
			<styleUrl>#poly-plot-EDA29B</styleUrl>
			<ExtendedData>
				<Data name="fid">
				</Data>
				<Data name="Layer">
				</Data>
				<Data name="SubClasses">
				</Data>
				<Data name="EntityHandle">
				</Data>
				<Data name="Text">
				</Data>
			</ExtendedData>
			<Polygon>
				<outerBoundaryIs>
					<LinearRing>
						<tessellate>1</tessellate>
						<coordinates>
							75.018092,15.398175,0 75.018068,15.398099,0 75.018176,15.398068,0 75.01819999999999,15.398144,0 75.018092,15.398175,0 
						</coordinates>
					</LinearRing>
				</outerBoundaryIs>
			</Polygon>
		</Placemark>
		<Placemark>
			<name>98</name>
			<description>📍 North-West Facing Corner  Plot
📐 12m x 12m x 12m x 12m
📏 1550 square feet</description>
			<styleUrl>#poly-plot-EDA29B</styleUrl>
			<ExtendedData>
				<Data name="fid">
				</Data>
				<Data name="Layer">
				</Data>
				<Data name="SubClasses">
				</Data>
				<Data name="EntityHandle">
				</Data>
				<Data name="Text">
				</Data>
			</ExtendedData>
			<Polygon>
				<outerBoundaryIs>
					<LinearRing>
						<tessellate>1</tessellate>
						<coordinates>
							75.018036,15.397997,0 75.01800299999999,15.397895,0 75.01810999999999,15.397863,0 75.018142,15.397965,0 75.018036,15.397997,0 
						</coordinates>
					</LinearRing>
				</outerBoundaryIs>
			</Polygon>
		</Placemark>
		<Placemark>
			<name>99</name>
			<description>📍 West Facing  Plot
📐 9m x 9m x 12m x 12m
📏 1162.5 square feet</description>
			<styleUrl>#poly-C9AD99-1-255</styleUrl>
			<ExtendedData>
				<Data name="fid">
				</Data>
				<Data name="Layer">
				</Data>
				<Data name="SubClasses">
				</Data>
				<Data name="EntityHandle">
				</Data>
				<Data name="Text">
				</Data>
			</ExtendedData>
			<Polygon>
				<outerBoundaryIs>
					<LinearRing>
						<tessellate>1</tessellate>
						<coordinates>
							75.017977,15.397816,0 75.018086,15.397786,0 75.01810999999999,15.397863,0 75.01800299999999,15.397895,0 75.017977,15.397816,0 
						</coordinates>
					</LinearRing>
				</outerBoundaryIs>
			</Polygon>
		</Placemark>
		<Placemark>
			<name>100</name>
			<description>📍 West Facing  Plot
📐 9m x 9m x 12m x 12m
📏 1162.5 square feet</description>
			<styleUrl>#poly-C9AD99-1-255</styleUrl>
			<ExtendedData>
				<Data name="fid">
				</Data>
				<Data name="Layer">
				</Data>
				<Data name="SubClasses">
				</Data>
				<Data name="EntityHandle">
				</Data>
				<Data name="Text">
				</Data>
			</ExtendedData>
			<Polygon>
				<outerBoundaryIs>
					<LinearRing>
						<tessellate>1</tessellate>
						<coordinates>
							75.018086,15.397786,0 75.017977,15.397816,0 75.017954,15.397742,0 75.018062,15.397711,0 75.018086,15.397786,0 
						</coordinates>
					</LinearRing>
				</outerBoundaryIs>
			</Polygon>
		</Placemark>
		<Placemark>
			<name>101</name>
			<description>📍 West Facing  Plot
📐 9m x 9m x 12m x 12m
📏 1162.5 square feet</description>
			<styleUrl>#poly-C9AD99-1-255</styleUrl>
			<ExtendedData>
				<Data name="fid">
				</Data>
				<Data name="Layer">
				</Data>
				<Data name="SubClasses">
				</Data>
				<Data name="EntityHandle">
				</Data>
				<Data name="Text">
				</Data>
			</ExtendedData>
			<Polygon>
				<outerBoundaryIs>
					<LinearRing>
						<tessellate>1</tessellate>
						<coordinates>
							75.018062,15.397711,0 75.017954,15.397742,0 75.017929,15.397663,0 75.01803700000001,15.397632,0 75.018062,15.397711,0 
						</coordinates>
					</LinearRing>
				</outerBoundaryIs>
			</Polygon>
		</Placemark>
		<Placemark>
			<name>102</name>
			<description>📍 West Facing  Plot
📐 9m x 9m x 12m x 12m
📏 1162.5 square feet</description>
			<styleUrl>#poly-C9AD99-1-255</styleUrl>
			<ExtendedData>
				<Data name="fid">
				</Data>
				<Data name="Layer">
				</Data>
				<Data name="SubClasses">
				</Data>
				<Data name="EntityHandle">
				</Data>
				<Data name="Text">
				</Data>
			</ExtendedData>
			<Polygon>
				<outerBoundaryIs>
					<LinearRing>
						<tessellate>1</tessellate>
						<coordinates>
							75.01803700000001,15.397632,0 75.017929,15.397663,0 75.017905,15.397587,0 75.018013,15.397556,0 75.01803700000001,15.397632,0 
						</coordinates>
					</LinearRing>
				</outerBoundaryIs>
			</Polygon>
		</Placemark>
		<Placemark>
			<name>103</name>
			<description>📍 West Facing  Plot
📐 9m x 9m x 12m x 12m
📏 1162.5 square feet</description>
			<styleUrl>#poly-C9AD99-1-255</styleUrl>
			<ExtendedData>
				<Data name="fid">
				</Data>
				<Data name="Layer">
				</Data>
				<Data name="SubClasses">
				</Data>
				<Data name="EntityHandle">
				</Data>
				<Data name="Text">
				</Data>
			</ExtendedData>
			<Polygon>
				<outerBoundaryIs>
					<LinearRing>
						<tessellate>1</tessellate>
						<coordinates>
							75.018013,15.397556,0 75.017905,15.397587,0 75.017882,15.397512,0 75.017989,15.397481,0 75.018013,15.397556,0 
						</coordinates>
					</LinearRing>
				</outerBoundaryIs>
			</Polygon>
		</Placemark>
		<Placemark>
			<name>104</name>
			<description>📍 West Facing  Plot
📐 9m x 9m x 12m x 12m
📏 1162.5 square feet</description>
			<styleUrl>#poly-C9AD99-1-255</styleUrl>
			<ExtendedData>
				<Data name="fid">
				</Data>
				<Data name="Layer">
				</Data>
				<Data name="SubClasses">
				</Data>
				<Data name="EntityHandle">
				</Data>
				<Data name="Text">
				</Data>
			</ExtendedData>
			<Polygon>
				<outerBoundaryIs>
					<LinearRing>
						<tessellate>1</tessellate>
						<coordinates>
							75.017989,15.397481,0 75.017882,15.397512,0 75.01785700000001,15.397434,0 75.01796400000001,15.397402,0 75.017989,15.397481,0 
						</coordinates>
					</LinearRing>
				</outerBoundaryIs>
			</Polygon>
		</Placemark>
		<Placemark>
			<name>105</name>
			<description>📍 West Facing  Plot
📐 9m x 9m x 12m x 12m
📏 1162.5 square feet</description>
			<styleUrl>#poly-C9AD99-1-255</styleUrl>
			<ExtendedData>
				<Data name="fid">
				</Data>
				<Data name="Layer">
				</Data>
				<Data name="SubClasses">
				</Data>
				<Data name="EntityHandle">
				</Data>
				<Data name="Text">
				</Data>
			</ExtendedData>
			<Polygon>
				<outerBoundaryIs>
					<LinearRing>
						<tessellate>1</tessellate>
						<coordinates>
							75.01796400000001,15.397402,0 75.01785700000001,15.397434,0 75.017833,15.397359,0 75.01794099999999,15.397327,0 75.01796400000001,15.397402,0 
						</coordinates>
					</LinearRing>
				</outerBoundaryIs>
			</Polygon>
		</Placemark>
		<Placemark>
			<name>106</name>
			<description>📍 West Facing  Plot
📐 9m x 9m x 12m x 12m
📏 1162.5 square feet</description>
			<styleUrl>#poly-C9AD99-1-255</styleUrl>
			<ExtendedData>
				<Data name="fid">
				</Data>
				<Data name="Layer">
				</Data>
				<Data name="SubClasses">
				</Data>
				<Data name="EntityHandle">
				</Data>
				<Data name="Text">
				</Data>
			</ExtendedData>
			<Polygon>
				<outerBoundaryIs>
					<LinearRing>
						<tessellate>1</tessellate>
						<coordinates>
							75.01794099999999,15.397327,0 75.017833,15.397359,0 75.017809,15.397282,0 75.017917,15.39725,0 75.01794099999999,15.397327,0 
						</coordinates>
					</LinearRing>
				</outerBoundaryIs>
			</Polygon>
		</Placemark>
		<Placemark>
			<name>107</name>
			<description>📍 West Facing  Plot
📐 9m x 9m x 12m x 12m
📏 1162.5 square feet</description>
			<styleUrl>#poly-C9AD99-1-255</styleUrl>
			<ExtendedData>
				<Data name="fid">
				</Data>
				<Data name="Layer">
				</Data>
				<Data name="SubClasses">
				</Data>
				<Data name="EntityHandle">
				</Data>
				<Data name="Text">
				</Data>
			</ExtendedData>
			<Polygon>
				<outerBoundaryIs>
					<LinearRing>
						<tessellate>1</tessellate>
						<coordinates>
							75.017917,15.39725,0 75.017809,15.397282,0 75.017786,15.397205,0 75.017893,15.397173,0 75.017917,15.39725,0 
						</coordinates>
					</LinearRing>
				</outerBoundaryIs>
			</Polygon>
		</Placemark>
		<Placemark>
			<name>108</name>
			<description>📍 West Facing  Plot
📐 9m x 9m x 12m x 12m
📏 1162.5 square feet</description>
			<styleUrl>#poly-C9AD99-1-255</styleUrl>
			<ExtendedData>
				<Data name="fid">
				</Data>
				<Data name="Layer">
				</Data>
				<Data name="SubClasses">
				</Data>
				<Data name="EntityHandle">
				</Data>
				<Data name="Text">
				</Data>
			</ExtendedData>
			<Polygon>
				<outerBoundaryIs>
					<LinearRing>
						<tessellate>1</tessellate>
						<coordinates>
							75.017893,15.397173,0 75.017786,15.397205,0 75.017762,15.397127,0 75.017869,15.397097,0 75.017893,15.397173,0 
						</coordinates>
					</LinearRing>
				</outerBoundaryIs>
			</Polygon>
		</Placemark>
		<Placemark>
			<name>109</name>
			<description>📍 West Facing  Plot
📐 9m x 9m x 12m x 12m
📏 1162.5 square feet</description>
			<styleUrl>#poly-C9AD99-1-255</styleUrl>
			<ExtendedData>
				<Data name="fid">
				</Data>
				<Data name="Layer">
				</Data>
				<Data name="SubClasses">
				</Data>
				<Data name="EntityHandle">
				</Data>
				<Data name="Text">
				</Data>
			</ExtendedData>
			<Polygon>
				<outerBoundaryIs>
					<LinearRing>
						<tessellate>1</tessellate>
						<coordinates>
							75.017869,15.397097,0 75.017762,15.397127,0 75.01773799999999,15.39705,0 75.01784600000001,15.39702,0 75.017869,15.397097,0 
						</coordinates>
					</LinearRing>
				</outerBoundaryIs>
			</Polygon>
		</Placemark>
		<Placemark>
			<name>110</name>
			<description>📍 West Facing  Plot
📐 9m x 9m x 12m x 12m
📏 1162.5 square feet</description>
			<styleUrl>#poly-C9AD99-1-255</styleUrl>
			<ExtendedData>
				<Data name="fid">
				</Data>
				<Data name="Layer">
				</Data>
				<Data name="SubClasses">
				</Data>
				<Data name="EntityHandle">
				</Data>
				<Data name="Text">
				</Data>
			</ExtendedData>
			<Polygon>
				<outerBoundaryIs>
					<LinearRing>
						<tessellate>1</tessellate>
						<coordinates>
							75.01784600000001,15.39702,0 75.01773799999999,15.39705,0 75.01771599999999,15.396977,0 75.01782300000001,15.396945,0 75.01784600000001,15.39702,0 
						</coordinates>
					</LinearRing>
				</outerBoundaryIs>
			</Polygon>
		</Placemark>
		<Placemark>
			<name>111</name>
			<description>📍 West Facing  Plot
📐 9m x 9m x 12m x 12m
📏 1162.5 square feet</description>
			<styleUrl>#poly-C9AD99-1-255</styleUrl>
			<ExtendedData>
				<Data name="fid">
				</Data>
				<Data name="Layer">
				</Data>
				<Data name="SubClasses">
				</Data>
				<Data name="EntityHandle">
				</Data>
				<Data name="Text">
				</Data>
			</ExtendedData>
			<Polygon>
				<outerBoundaryIs>
					<LinearRing>
						<tessellate>1</tessellate>
						<coordinates>
							75.01782300000001,15.396945,0 75.01771599999999,15.396977,0 75.017691,15.396896,0 75.017798,15.396866,0 75.01782300000001,15.396945,0 
						</coordinates>
					</LinearRing>
				</outerBoundaryIs>
			</Polygon>
		</Placemark>
		<Placemark>
			<name>112</name>
			<description>📍 West Facing  Plot
📐 9m x 9m x 12m x 12m
📏 1162.5 square feet</description>
			<styleUrl>#poly-C9AD99-1-255</styleUrl>
			<ExtendedData>
				<Data name="fid">
				</Data>
				<Data name="Layer">
				</Data>
				<Data name="SubClasses">
				</Data>
				<Data name="EntityHandle">
				</Data>
				<Data name="Text">
				</Data>
			</ExtendedData>
			<Polygon>
				<outerBoundaryIs>
					<LinearRing>
						<tessellate>1</tessellate>
						<coordinates>
							75.017798,15.396866,0 75.017691,15.396896,0 75.017668,15.39682,0 75.017775,15.39679,0 75.017798,15.396866,0 
						</coordinates>
					</LinearRing>
				</outerBoundaryIs>
			</Polygon>
		</Placemark>
		<Placemark>
			<name>113</name>
			<description>📍 West Facing  Plot
📐 9m x 9m x 12m x 12m
📏 1162.5 square feet</description>
			<styleUrl>#poly-C9AD99-1-255</styleUrl>
			<ExtendedData>
				<Data name="fid">
				</Data>
				<Data name="Layer">
				</Data>
				<Data name="SubClasses">
				</Data>
				<Data name="EntityHandle">
				</Data>
				<Data name="Text">
				</Data>
			</ExtendedData>
			<Polygon>
				<outerBoundaryIs>
					<LinearRing>
						<tessellate>1</tessellate>
						<coordinates>
							75.017775,15.39679,0 75.017668,15.39682,0 75.017646,15.396747,0 75.017752,15.396714,0 75.017775,15.39679,0 
						</coordinates>
					</LinearRing>
				</outerBoundaryIs>
			</Polygon>
		</Placemark>
		<Placemark>
			<name>114</name>
			<description>📍 West Facing  Plot
📐 9m x 9m x 12m x 12m
📏 1162.5 square feet</description>
			<styleUrl>#poly-C9AD99-1-255</styleUrl>
			<ExtendedData>
				<Data name="fid">
				</Data>
				<Data name="Layer">
				</Data>
				<Data name="SubClasses">
				</Data>
				<Data name="EntityHandle">
				</Data>
				<Data name="Text">
				</Data>
			</ExtendedData>
			<Polygon>
				<outerBoundaryIs>
					<LinearRing>
						<tessellate>1</tessellate>
						<coordinates>
							75.017646,15.396747,0 75.01762100000001,15.396666,0 75.01772800000001,15.396634,0 75.017752,15.396714,0 75.017646,15.396747,0 
						</coordinates>
					</LinearRing>
				</outerBoundaryIs>
			</Polygon>
		</Placemark>
		<Placemark>
			<name>115</name>
			<description>📍 South-West Facing Corner  Plot
📐 6.9m x 11.9m x 12m x 13.03m
📏 1266.28 square feet</description>
			<styleUrl>#poly-7A9486-1-2550</styleUrl>
			<ExtendedData>
				<Data name="fid">
				</Data>
				<Data name="Layer">
				</Data>
				<Data name="SubClasses">
				</Data>
				<Data name="EntityHandle">
				</Data>
				<Data name="Text">
				</Data>
			</ExtendedData>
			<Polygon>
				<outerBoundaryIs>
					<LinearRing>
						<tessellate>1</tessellate>
						<coordinates>
							75.017697,15.396531,0 75.01772800000001,15.396634,0 75.01762100000001,15.396666,0 75.01760299999999,15.396606,0 75.017697,15.396531,0 
						</coordinates>
					</LinearRing>
				</outerBoundaryIs>
			</Polygon>
		</Placemark>
		<Placemark>
			<name>116</name>
			<description>📍 South-East Facing Corner  Plot
📐 11.9m x 16.9m x 12m x 13.03m
📏 1939.83 square feet</description>
			<styleUrl>#poly-7A9486-1-2550</styleUrl>
			<ExtendedData>
				<Data name="fid">
				</Data>
				<Data name="Layer">
				</Data>
				<Data name="SubClasses">
				</Data>
				<Data name="EntityHandle">
				</Data>
				<Data name="Text">
				</Data>
			</ExtendedData>
			<Polygon>
				<outerBoundaryIs>
					<LinearRing>
						<tessellate>1</tessellate>
						<coordinates>
							75.01779000000001,15.396456,0 75.01783399999999,15.396602,0 75.01772800000001,15.396634,0 75.017697,15.396531,0 75.01779000000001,15.396456,0 
						</coordinates>
					</LinearRing>
				</outerBoundaryIs>
			</Polygon>
		</Placemark>
		<Placemark>
			<name>117</name>
			<description>📍 East Facing  Plot
📐 9m x 9m x 12m x 12m
📏 1162.5 square feet</description>
			<styleUrl>#poly-C9AD99-1-255</styleUrl>
			<ExtendedData>
				<Data name="fid">
				</Data>
				<Data name="Layer">
				</Data>
				<Data name="SubClasses">
				</Data>
				<Data name="EntityHandle">
				</Data>
				<Data name="Text">
				</Data>
			</ExtendedData>
			<Polygon>
				<outerBoundaryIs>
					<LinearRing>
						<tessellate>1</tessellate>
						<coordinates>
							75.017752,15.396714,0 75.01772800000001,15.396634,0 75.017774,15.39662,0 75.01783399999999,15.396602,0 75.017858,15.396682,0 75.017752,15.396714,0 
						</coordinates>
					</LinearRing>
				</outerBoundaryIs>
			</Polygon>
		</Placemark>
		<Placemark>
			<name>118</name>
			<description>📍 East Facing  Plot
📐 9m x 9m x 12m x 12m
📏 1162.5 square feet</description>
			<styleUrl>#poly-C9AD99-1-255</styleUrl>
			<ExtendedData>
				<Data name="fid">
				</Data>
				<Data name="Layer">
				</Data>
				<Data name="SubClasses">
				</Data>
				<Data name="EntityHandle">
				</Data>
				<Data name="Text">
				</Data>
			</ExtendedData>
			<Polygon>
				<outerBoundaryIs>
					<LinearRing>
						<tessellate>1</tessellate>
						<coordinates>
							75.017881,15.39676,0 75.017775,15.39679,0 75.017752,15.396714,0 75.017858,15.396682,0 75.017881,15.39676,0 
						</coordinates>
					</LinearRing>
				</outerBoundaryIs>
			</Polygon>
		</Placemark>
		<Placemark>
			<name>119</name>
			<description>📍 East Facing  Plot
📐 9m x 9m x 12m x 12m
📏 1162.5 square feet</description>
			<styleUrl>#poly-C9AD99-1-255</styleUrl>
			<ExtendedData>
				<Data name="fid">
				</Data>
				<Data name="Layer">
				</Data>
				<Data name="SubClasses">
				</Data>
				<Data name="EntityHandle">
				</Data>
				<Data name="Text">
				</Data>
			</ExtendedData>
			<Polygon>
				<outerBoundaryIs>
					<LinearRing>
						<tessellate>1</tessellate>
						<coordinates>
							75.017904,15.396836,0 75.017798,15.396866,0 75.017775,15.39679,0 75.017881,15.39676,0 75.017904,15.396836,0 
						</coordinates>
					</LinearRing>
				</outerBoundaryIs>
			</Polygon>
		</Placemark>
		<Placemark>
			<name>120</name>
			<description>📍 East Facing  Plot
📐 9m x 9m x 12m x 12m
📏 1162.5 square feet</description>
			<styleUrl>#poly-C9AD99-1-255</styleUrl>
			<ExtendedData>
				<Data name="fid">
				</Data>
				<Data name="Layer">
				</Data>
				<Data name="SubClasses">
				</Data>
				<Data name="EntityHandle">
				</Data>
				<Data name="Text">
				</Data>
			</ExtendedData>
			<Polygon>
				<outerBoundaryIs>
					<LinearRing>
						<tessellate>1</tessellate>
						<coordinates>
							75.017928,15.396913,0 75.01782300000001,15.396945,0 75.017798,15.396866,0 75.017904,15.396836,0 75.017928,15.396913,0 
						</coordinates>
					</LinearRing>
				</outerBoundaryIs>
			</Polygon>
		</Placemark>
		<Placemark>
			<name>121</name>
			<description>📍 East Facing  Plot
📐 9m x 9m x 12m x 12m
📏 1162.5 square feet</description>
			<styleUrl>#poly-C9AD99-1-255</styleUrl>
			<ExtendedData>
				<Data name="fid">
				</Data>
				<Data name="Layer">
				</Data>
				<Data name="SubClasses">
				</Data>
				<Data name="EntityHandle">
				</Data>
				<Data name="Text">
				</Data>
			</ExtendedData>
			<Polygon>
				<outerBoundaryIs>
					<LinearRing>
						<tessellate>1</tessellate>
						<coordinates>
							75.017951,15.39699,0 75.01784600000001,15.39702,0 75.01782300000001,15.396945,0 75.017928,15.396913,0 75.017951,15.39699,0 
						</coordinates>
					</LinearRing>
				</outerBoundaryIs>
			</Polygon>
		</Placemark>
		<Placemark>
			<name>122</name>
			<description>📍 East Facing  Plot
📐 9m x 9m x 12m x 12m
📏 1162.5 square feet</description>
			<styleUrl>#poly-plot-EDA29B</styleUrl>
			<ExtendedData>
				<Data name="fid">
				</Data>
				<Data name="Layer">
				</Data>
				<Data name="SubClasses">
				</Data>
				<Data name="EntityHandle">
				</Data>
				<Data name="Text">
				</Data>
			</ExtendedData>
			<Polygon>
				<outerBoundaryIs>
					<LinearRing>
						<tessellate>1</tessellate>
						<coordinates>
							75.017974,15.397066,0 75.017869,15.397097,0 75.01784600000001,15.39702,0 75.017951,15.39699,0 75.017974,15.397066,0 
						</coordinates>
					</LinearRing>
				</outerBoundaryIs>
			</Polygon>
		</Placemark>
		<Placemark>
			<name>123</name>
			<description>📍 East Facing  Plot
📐 9m x 9m x 12m x 12m
📏 1162.5 square feet</description>
			<styleUrl>#poly-plot-EDA29B</styleUrl>
			<ExtendedData>
				<Data name="fid">
				</Data>
				<Data name="Layer">
				</Data>
				<Data name="SubClasses">
				</Data>
				<Data name="EntityHandle">
				</Data>
				<Data name="Text">
				</Data>
			</ExtendedData>
			<Polygon>
				<outerBoundaryIs>
					<LinearRing>
						<tessellate>1</tessellate>
						<coordinates>
							75.01799800000001,15.397141,0 75.017893,15.397173,0 75.017869,15.397097,0 75.017974,15.397066,0 75.01799800000001,15.397141,0 
						</coordinates>
					</LinearRing>
				</outerBoundaryIs>
			</Polygon>
		</Placemark>
		<Placemark>
			<name>124</name>
			<description>📍 East Facing  Plot
📐 9m x 9m x 12m x 12m
📏 1162.5 square feet</description>
			<styleUrl>#poly-C9AD99-1-255</styleUrl>
			<ExtendedData>
				<Data name="fid">
				</Data>
				<Data name="Layer">
				</Data>
				<Data name="SubClasses">
				</Data>
				<Data name="EntityHandle">
				</Data>
				<Data name="Text">
				</Data>
			</ExtendedData>
			<Polygon>
				<outerBoundaryIs>
					<LinearRing>
						<tessellate>1</tessellate>
						<coordinates>
							75.018022,15.397219,0 75.017917,15.39725,0 75.017893,15.397173,0 75.01799800000001,15.397141,0 75.018022,15.397219,0 
						</coordinates>
					</LinearRing>
				</outerBoundaryIs>
			</Polygon>
		</Placemark>
		<Placemark>
			<name>125</name>
			<description>📍 East Facing  Plot
📐 9m x 9m x 12m x 12m
📏 1162.5 square feet</description>
			<styleUrl>#poly-C9AD99-1-255</styleUrl>
			<ExtendedData>
				<Data name="fid">
				</Data>
				<Data name="Layer">
				</Data>
				<Data name="SubClasses">
				</Data>
				<Data name="EntityHandle">
				</Data>
				<Data name="Text">
				</Data>
			</ExtendedData>
			<Polygon>
				<outerBoundaryIs>
					<LinearRing>
						<tessellate>1</tessellate>
						<coordinates>
							75.018046,15.397296,0 75.01794099999999,15.397327,0 75.017917,15.39725,0 75.018022,15.397219,0 75.018046,15.397296,0 
						</coordinates>
					</LinearRing>
				</outerBoundaryIs>
			</Polygon>
		</Placemark>
		<Placemark>
			<name>126</name>
			<description>📍 East Facing  Plot
📐 9m x 9m x 12m x 12m
📏 1162.5 square feet</description>
			<styleUrl>#poly-C9AD99-1-255</styleUrl>
			<ExtendedData>
				<Data name="fid">
				</Data>
				<Data name="Layer">
				</Data>
				<Data name="SubClasses">
				</Data>
				<Data name="EntityHandle">
				</Data>
				<Data name="Text">
				</Data>
			</ExtendedData>
			<Polygon>
				<outerBoundaryIs>
					<LinearRing>
						<tessellate>1</tessellate>
						<coordinates>
							75.01796400000001,15.397402,0 75.01794099999999,15.397327,0 75.018046,15.397296,0 75.018069,15.397371,0 75.01796400000001,15.397402,0 
						</coordinates>
					</LinearRing>
				</outerBoundaryIs>
			</Polygon>
		</Placemark>
		<Placemark>
			<name>127</name>
			<description>📍 East Facing  Plot
📐 9m x 9m x 12m x 12m
📏 1162.5 square feet</description>
			<styleUrl>#poly-C9AD99-1-255</styleUrl>
			<ExtendedData>
				<Data name="fid">
				</Data>
				<Data name="Layer">
				</Data>
				<Data name="SubClasses">
				</Data>
				<Data name="EntityHandle">
				</Data>
				<Data name="Text">
				</Data>
			</ExtendedData>
			<Polygon>
				<outerBoundaryIs>
					<LinearRing>
						<tessellate>1</tessellate>
						<coordinates>
							75.018094,15.39745,0 75.017989,15.397481,0 75.01796400000001,15.397402,0 75.018069,15.397371,0 75.018094,15.39745,0 
						</coordinates>
					</LinearRing>
				</outerBoundaryIs>
			</Polygon>
		</Placemark>
		<Placemark>
			<name>128</name>
			<description>📍 East Facing  Plot
📐 9m x 9m x 12m x 12m
📏 1162.5 square feet</description>
			<styleUrl>#poly-C9AD99-1-255</styleUrl>
			<ExtendedData>
				<Data name="fid">
				</Data>
				<Data name="Layer">
				</Data>
				<Data name="SubClasses">
				</Data>
				<Data name="EntityHandle">
				</Data>
				<Data name="Text">
				</Data>
			</ExtendedData>
			<Polygon>
				<outerBoundaryIs>
					<LinearRing>
						<tessellate>1</tessellate>
						<coordinates>
							75.018118,15.397525,0 75.018013,15.397556,0 75.017989,15.397481,0 75.018094,15.39745,0 75.018118,15.397525,0 
						</coordinates>
					</LinearRing>
				</outerBoundaryIs>
			</Polygon>
		</Placemark>
		<Placemark>
			<name>129</name>
			<description>📍 East Facing  Plot
📐 9m x 9m x 12m x 12m
📏 1162.5 square feet</description>
			<styleUrl>#poly-C9AD99-1-255</styleUrl>
			<ExtendedData>
				<Data name="fid">
				</Data>
				<Data name="Layer">
				</Data>
				<Data name="SubClasses">
				</Data>
				<Data name="EntityHandle">
				</Data>
				<Data name="Text">
				</Data>
			</ExtendedData>
			<Polygon>
				<outerBoundaryIs>
					<LinearRing>
						<tessellate>1</tessellate>
						<coordinates>
							75.018142,15.397602,0 75.01803700000001,15.397632,0 75.018013,15.397556,0 75.018118,15.397525,0 75.018142,15.397602,0 
						</coordinates>
					</LinearRing>
				</outerBoundaryIs>
			</Polygon>
		</Placemark>
		<Placemark>
			<name>130</name>
			<description>📍 East Facing  Plot
📐 9m x 9m x 12m x 12m
📏 1162.5 square feet</description>
			<styleUrl>#poly-C9AD99-1-255</styleUrl>
			<ExtendedData>
				<Data name="fid">
				</Data>
				<Data name="Layer">
				</Data>
				<Data name="SubClasses">
				</Data>
				<Data name="EntityHandle">
				</Data>
				<Data name="Text">
				</Data>
			</ExtendedData>
			<Polygon>
				<outerBoundaryIs>
					<LinearRing>
						<tessellate>1</tessellate>
						<coordinates>
							75.01816700000001,15.397681,0 75.018062,15.397711,0 75.01803700000001,15.397632,0 75.018142,15.397602,0 75.01816700000001,15.397681,0 
						</coordinates>
					</LinearRing>
				</outerBoundaryIs>
			</Polygon>
		</Placemark>
		<Placemark>
			<name>131</name>
			<description>📍 East Facing  Plot
📐 9m x 9m x 12m x 12m
📏 1162.5 square feet</description>
			<styleUrl>#poly-plot-EDA29B</styleUrl>
			<ExtendedData>
				<Data name="fid">
				</Data>
				<Data name="Layer">
				</Data>
				<Data name="SubClasses">
				</Data>
				<Data name="EntityHandle">
				</Data>
				<Data name="Text">
				</Data>
			</ExtendedData>
			<Polygon>
				<outerBoundaryIs>
					<LinearRing>
						<tessellate>1</tessellate>
						<coordinates>
							75.018191,15.397757,0 75.018086,15.397786,0 75.018062,15.397711,0 75.01816700000001,15.397681,0 75.018191,15.397757,0 
						</coordinates>
					</LinearRing>
				</outerBoundaryIs>
			</Polygon>
		</Placemark>
		<Placemark>
			<name>132</name>
			<description>📍 East Facing  Plot
📐 9m x 9m x 12m x 12m
📏 1162.5 square feet</description>
			<styleUrl>#poly-plot-757575</styleUrl>
			<ExtendedData>
				<Data name="fid">
				</Data>
				<Data name="Layer">
				</Data>
				<Data name="SubClasses">
				</Data>
				<Data name="EntityHandle">
				</Data>
				<Data name="Text">
				</Data>
			</ExtendedData>
			<Polygon>
				<outerBoundaryIs>
					<LinearRing>
						<tessellate>1</tessellate>
						<coordinates>
							75.01810999999999,15.397863,0 75.018086,15.397786,0 75.018191,15.397757,0 75.018215,15.397834,0 75.01810999999999,15.397863,0 
						</coordinates>
					</LinearRing>
				</outerBoundaryIs>
			</Polygon>
		</Placemark>
		<Placemark>
			<name>133</name>
			<description>📍 North-East Facing Corner  Plot
📐 12m x 12m x 12m x 12m
📏 1550 square feet</description>
			<styleUrl>#poly-plot-EDA29B</styleUrl>
			<ExtendedData>
				<Data name="fid">
				</Data>
				<Data name="Layer">
				</Data>
				<Data name="SubClasses">
				</Data>
				<Data name="EntityHandle">
				</Data>
				<Data name="Text">
				</Data>
			</ExtendedData>
			<Polygon>
				<outerBoundaryIs>
					<LinearRing>
						<tessellate>1</tessellate>
						<coordinates>
							75.018247,15.397935,0 75.018142,15.397965,0 75.01810999999999,15.397863,0 75.018215,15.397834,0 75.018247,15.397935,0 
						</coordinates>
					</LinearRing>
				</outerBoundaryIs>
			</Polygon>
		</Placemark>
		<Placemark>
			<name>134</name>
			<description>📍 South-East Facing Corner  Plot
📐 9m x 9m x 12m x 12m
📏 1162.5 square feet</description>
			<styleUrl>#poly-plot-757575</styleUrl>
			<ExtendedData>
				<Data name="fid">
				</Data>
				<Data name="Layer">
				</Data>
				<Data name="SubClasses">
				</Data>
				<Data name="EntityHandle">
				</Data>
				<Data name="Text">
				</Data>
			</ExtendedData>
			<Polygon>
				<outerBoundaryIs>
					<LinearRing>
						<tessellate>1</tessellate>
						<coordinates>
							75.01819999999999,15.398144,0 75.018176,15.398068,0 75.018281,15.398037,0 75.018305,15.398113,0 75.01819999999999,15.398144,0 
						</coordinates>
					</LinearRing>
				</outerBoundaryIs>
			</Polygon>
		</Placemark>
		<Placemark>
			<name>135</name>
			<description>📍 East Facing  Plot
📐 9m x 9m x 12m x 12m
📏 1162.5 square feet</description>
			<styleUrl>#poly-plot-757575</styleUrl>
			<ExtendedData>
				<Data name="fid">
				</Data>
				<Data name="Layer">
				</Data>
				<Data name="SubClasses">
				</Data>
				<Data name="EntityHandle">
				</Data>
				<Data name="Text">
				</Data>
			</ExtendedData>
			<Polygon>
				<outerBoundaryIs>
					<LinearRing>
						<tessellate>1</tessellate>
						<coordinates>
							75.01832899999999,15.39819,0 75.018224,15.398221,0 75.01819999999999,15.398144,0 75.018305,15.398113,0 75.01832899999999,15.39819,0 
						</coordinates>
					</LinearRing>
				</outerBoundaryIs>
			</Polygon>
		</Placemark>
		<Placemark>
			<name>136</name>
			<description>📍 East Facing  Plot
📐 9m x 9m x 12m x 12m
📏 1162.5 square feet</description>
			<styleUrl>#poly-C9AD99-1-255</styleUrl>
			<ExtendedData>
				<Data name="fid">
				</Data>
				<Data name="Layer">
				</Data>
				<Data name="SubClasses">
				</Data>
				<Data name="EntityHandle">
				</Data>
				<Data name="Text">
				</Data>
			</ExtendedData>
			<Polygon>
				<outerBoundaryIs>
					<LinearRing>
						<tessellate>1</tessellate>
						<coordinates>
							75.018353,15.398267,0 75.018248,15.398298,0 75.018224,15.398221,0 75.01832899999999,15.39819,0 75.018353,15.398267,0 
						</coordinates>
					</LinearRing>
				</outerBoundaryIs>
			</Polygon>
		</Placemark>
		<Placemark>
			<name>137</name>
			<description>📍 East Facing  Plot
📐 9m x 9m x 12m x 12m
📏 1162.5 square feet</description>
			<styleUrl>#poly-plot-757575</styleUrl>
			<ExtendedData>
				<Data name="fid">
				</Data>
				<Data name="Layer">
				</Data>
				<Data name="SubClasses">
				</Data>
				<Data name="EntityHandle">
				</Data>
				<Data name="Text">
				</Data>
			</ExtendedData>
			<Polygon>
				<outerBoundaryIs>
					<LinearRing>
						<tessellate>1</tessellate>
						<coordinates>
							75.018272,15.398375,0 75.018248,15.398298,0 75.018353,15.398267,0 75.018377,15.398343,0 75.018272,15.398375,0 
						</coordinates>
					</LinearRing>
				</outerBoundaryIs>
			</Polygon>
		</Placemark>
		<Placemark>
			<name>138</name>
			<description>📍 East Facing  Plot
📐 9m x 9m x 12m x 12m
📏 1162.5 square feet</description>
			<styleUrl>#poly-C9AD99-1-255</styleUrl>
			<ExtendedData>
				<Data name="fid">
				</Data>
				<Data name="Layer">
				</Data>
				<Data name="SubClasses">
				</Data>
				<Data name="EntityHandle">
				</Data>
				<Data name="Text">
				</Data>
			</ExtendedData>
			<Polygon>
				<outerBoundaryIs>
					<LinearRing>
						<tessellate>1</tessellate>
						<coordinates>
							75.01829600000001,15.398451,0 75.018272,15.398375,0 75.018377,15.398343,0 75.018401,15.398421,0 75.01829600000001,15.398451,0 
						</coordinates>
					</LinearRing>
				</outerBoundaryIs>
			</Polygon>
		</Placemark>
		<Placemark>
			<name>139</name>
			<description>📍 East Facing  Plot
📐 9m x 9m x 12m x 12m
📏 1162.5 square feet</description>
			<styleUrl>#poly-C9AD99-1-255</styleUrl>
			<ExtendedData>
				<Data name="fid">
				</Data>
				<Data name="Layer">
				</Data>
				<Data name="SubClasses">
				</Data>
				<Data name="EntityHandle">
				</Data>
				<Data name="Text">
				</Data>
			</ExtendedData>
			<Polygon>
				<outerBoundaryIs>
					<LinearRing>
						<tessellate>1</tessellate>
						<coordinates>
							75.01832,15.398529,0 75.01829600000001,15.398451,0 75.018401,15.398421,0 75.01842600000001,15.398498,0 75.01832,15.398529,0 
						</coordinates>
					</LinearRing>
				</outerBoundaryIs>
			</Polygon>
		</Placemark>
		<Placemark>
			<name>140</name>
			<description>📍 East Facing  Plot
📐 9m x 9m x 12m x 12m
📏 1162.5 square feet</description>
			<styleUrl>#poly-plot-EDA29B</styleUrl>
			<ExtendedData>
				<Data name="fid">
				</Data>
				<Data name="Layer">
				</Data>
				<Data name="SubClasses">
				</Data>
				<Data name="EntityHandle">
				</Data>
				<Data name="Text">
				</Data>
			</ExtendedData>
			<Polygon>
				<outerBoundaryIs>
					<LinearRing>
						<tessellate>1</tessellate>
						<coordinates>
							75.018344,15.398606,0 75.01832,15.398529,0 75.01842600000001,15.398498,0 75.01845,15.398575,0 75.018344,15.398606,0 
						</coordinates>
					</LinearRing>
				</outerBoundaryIs>
			</Polygon>
		</Placemark>
		<Placemark>
			<name>141</name>
			<description>📍 East Facing  Plot
📐 9m x 9m x 12m x 12m
📏 1162.5 square feet</description>
			<styleUrl>#poly-plot-EDA29B</styleUrl>
			<ExtendedData>
				<Data name="fid">
				</Data>
				<Data name="Layer">
				</Data>
				<Data name="SubClasses">
				</Data>
				<Data name="EntityHandle">
				</Data>
				<Data name="Text">
				</Data>
			</ExtendedData>
			<Polygon>
				<outerBoundaryIs>
					<LinearRing>
						<tessellate>1</tessellate>
						<coordinates>
							75.018368,15.398683,0 75.018344,15.398606,0 75.01845,15.398575,0 75.018474,15.398652,0 75.018368,15.398683,0 
						</coordinates>
					</LinearRing>
				</outerBoundaryIs>
			</Polygon>
		</Placemark>
		<Placemark>
			<name>142</name>
			<description>📍 East Facing  Plot
📐 9m x 9m x 12m x 12m
📏 1162.5 square feet</description>
			<styleUrl>#poly-plot-EDA29B</styleUrl>
			<ExtendedData>
				<Data name="fid">
				</Data>
				<Data name="Layer">
				</Data>
				<Data name="SubClasses">
				</Data>
				<Data name="EntityHandle">
				</Data>
				<Data name="Text">
				</Data>
			</ExtendedData>
			<Polygon>
				<outerBoundaryIs>
					<LinearRing>
						<tessellate>1</tessellate>
						<coordinates>
							75.01849799999999,15.398728,0 75.01839200000001,15.398759,0 75.018368,15.398683,0 75.018474,15.398652,0 75.01849799999999,15.398728,0 
						</coordinates>
					</LinearRing>
				</outerBoundaryIs>
			</Polygon>
		</Placemark>
		<Placemark>
			<name>143</name>
			<description>📍 East Facing  Plot
📐 9m x 9m x 12m x 12m
📏 1162.5 square feet</description>
			<styleUrl>#poly-C9AD99-1-255</styleUrl>
			<ExtendedData>
				<Data name="fid">
				</Data>
				<Data name="Layer">
				</Data>
				<Data name="SubClasses">
				</Data>
				<Data name="EntityHandle">
				</Data>
				<Data name="Text">
				</Data>
			</ExtendedData>
			<Polygon>
				<outerBoundaryIs>
					<LinearRing>
						<tessellate>1</tessellate>
						<coordinates>
							75.018416,15.398837,0 75.01839200000001,15.398759,0 75.01849799999999,15.398728,0 75.018522,15.398806,0 75.018416,15.398837,0 
						</coordinates>
					</LinearRing>
				</outerBoundaryIs>
			</Polygon>
		</Placemark>
		<Placemark>
			<name>144</name>
			<description>📍 East Facing  Plot
📐 9m x 9m x 12m x 12m
📏 1162.5 square feet</description>
			<styleUrl>#poly-C9AD99-1-255</styleUrl>
			<ExtendedData>
				<Data name="fid">
				</Data>
				<Data name="Layer">
				</Data>
				<Data name="SubClasses">
				</Data>
				<Data name="EntityHandle">
				</Data>
				<Data name="Text">
				</Data>
			</ExtendedData>
			<Polygon>
				<outerBoundaryIs>
					<LinearRing>
						<tessellate>1</tessellate>
						<coordinates>
							75.01844,15.398914,0 75.018416,15.398837,0 75.018522,15.398806,0 75.018546,15.398883,0 75.01844,15.398914,0 
						</coordinates>
					</LinearRing>
				</outerBoundaryIs>
			</Polygon>
		</Placemark>
		<Placemark>
			<name>145</name>
			<description>📍 East Facing  Plot
📐 9m x 9m x 12m x 12m
📏 1162.5 square feet</description>
			<styleUrl>#poly-C9AD99-1-255</styleUrl>
			<ExtendedData>
				<Data name="fid">
				</Data>
				<Data name="Layer">
				</Data>
				<Data name="SubClasses">
				</Data>
				<Data name="EntityHandle">
				</Data>
				<Data name="Text">
				</Data>
			</ExtendedData>
			<Polygon>
				<outerBoundaryIs>
					<LinearRing>
						<tessellate>1</tessellate>
						<coordinates>
							75.01857,15.39896,0 75.01846399999999,15.398991,0 75.01844,15.398914,0 75.018546,15.398883,0 75.01857,15.39896,0 
						</coordinates>
					</LinearRing>
				</outerBoundaryIs>
			</Polygon>
		</Placemark>
		<Placemark>
			<name>146</name>
			<description>📍 East Facing  Plot
📐 9m x 9m x 12m x 12m
📏 1162.5 square feet</description>
			<styleUrl>#poly-C9AD99-1-255</styleUrl>
			<ExtendedData>
				<Data name="fid">
				</Data>
				<Data name="Layer">
				</Data>
				<Data name="SubClasses">
				</Data>
				<Data name="EntityHandle">
				</Data>
				<Data name="Text">
				</Data>
			</ExtendedData>
			<Polygon>
				<outerBoundaryIs>
					<LinearRing>
						<tessellate>1</tessellate>
						<coordinates>
							75.018488,15.399069,0 75.01846399999999,15.398991,0 75.01857,15.39896,0 75.01859399999999,15.399038,0 75.018488,15.399069,0 
						</coordinates>
					</LinearRing>
				</outerBoundaryIs>
			</Polygon>
		</Placemark>
		<Placemark>
			<name>147</name>
			<description>📍 East Facing  Plot
📐 9m x 9m x 12m x 12m
📏 1162.5 square feet</description>
			<styleUrl>#poly-C9AD99-1-255</styleUrl>
			<ExtendedData>
				<Data name="fid">
				</Data>
				<Data name="Layer">
				</Data>
				<Data name="SubClasses">
				</Data>
				<Data name="EntityHandle">
				</Data>
				<Data name="Text">
				</Data>
			</ExtendedData>
			<Polygon>
				<outerBoundaryIs>
					<LinearRing>
						<tessellate>1</tessellate>
						<coordinates>
							75.018512,15.399145,0 75.018488,15.399069,0 75.01859399999999,15.399038,0 75.018618,15.399114,0 75.018512,15.399145,0 
						</coordinates>
					</LinearRing>
				</outerBoundaryIs>
			</Polygon>
		</Placemark>
		<Placemark>
			<name>148</name>
			<description>📍 East Facing  Plot
📐 9m x 9m x 12m x 12m
📏 1162.5 square feet</description>
			<styleUrl>#poly-C9AD99-1-255</styleUrl>
			<ExtendedData>
				<Data name="fid">
				</Data>
				<Data name="Layer">
				</Data>
				<Data name="SubClasses">
				</Data>
				<Data name="EntityHandle">
				</Data>
				<Data name="Text">
				</Data>
			</ExtendedData>
			<Polygon>
				<outerBoundaryIs>
					<LinearRing>
						<tessellate>1</tessellate>
						<coordinates>
							75.018643,15.399192,0 75.018536,15.399224,0 75.018512,15.399145,0 75.018618,15.399114,0 75.018643,15.399192,0 
						</coordinates>
					</LinearRing>
				</outerBoundaryIs>
			</Polygon>
		</Placemark>
		<Placemark>
			<name>149</name>
			<description>📍 East Facing  Plot
📐 11.2m x 9m x 15.8m x 22.4m
📏 2076.46 square feet</description>
			<styleUrl>#poly-7A9486-1-2550</styleUrl>
			<ExtendedData>
				<Data name="fid">
				</Data>
				<Data name="Layer">
				</Data>
				<Data name="SubClasses">
				</Data>
				<Data name="EntityHandle">
				</Data>
				<Data name="Text">
				</Data>
			</ExtendedData>
			<Polygon>
				<outerBoundaryIs>
					<LinearRing>
						<tessellate>1</tessellate>
						<coordinates>
							75.01844199999999,15.399252,0 75.018536,15.399224,0 75.018643,15.399192,0 75.018666,15.399268,0 75.018523,15.39931,0 75.01844199999999,15.399252,0 
						</coordinates>
					</LinearRing>
				</outerBoundaryIs>
			</Polygon>
		</Placemark>
		<Placemark>
			<name>150</name>
			<description>📍 East Facing  Plot
📐 11.2m x 9m x 9.1m x 15.8m
📏 1353.51 square feet</description>
			<styleUrl>#poly-7A9486-1-2550</styleUrl>
			<ExtendedData>
				<Data name="fid">
				</Data>
				<Data name="Layer">
				</Data>
				<Data name="SubClasses">
				</Data>
				<Data name="EntityHandle">
				</Data>
				<Data name="Text">
				</Data>
			</ExtendedData>
			<Polygon>
				<outerBoundaryIs>
					<LinearRing>
						<tessellate>1</tessellate>
						<coordinates>
							75.018523,15.39931,0 75.018666,15.399268,0 75.01869000000001,15.399346,0 75.018608,15.399372,0 75.018523,15.39931,0 
						</coordinates>
					</LinearRing>
				</outerBoundaryIs>
			</Polygon>
		</Placemark>
		<Placemark>
			<name>151</name>
			<description>📍 North-East Facing Corner  Plot
📐 15.35m x 12.35m x 9.1m x 0m
📏 605 square feet</description>
			<styleUrl>#poly-7A9486-1-2550</styleUrl>
			<ExtendedData>
				<Data name="fid">
				</Data>
				<Data name="Layer">
				</Data>
				<Data name="SubClasses">
				</Data>
				<Data name="EntityHandle">
				</Data>
				<Data name="Text">
				</Data>
			</ExtendedData>
			<Polygon>
				<outerBoundaryIs>
					<LinearRing>
						<tessellate>1</tessellate>
						<coordinates>
							75.018608,15.399372,0 75.01869000000001,15.399346,0 75.01872400000001,15.399457,0 75.018608,15.399372,0 
						</coordinates>
					</LinearRing>
				</outerBoundaryIs>
			</Polygon>
		</Placemark>
		<Placemark>
			<name>152</name>
			<description>📍 North-West Facing Corner  Plot
📐 24.5m x 7.3m x 21.1m x 12m
📏 2832.47 square feet</description>
			<styleUrl>#poly-7A9486-1-2550</styleUrl>
			<ExtendedData>
				<Data name="fid">
				</Data>
				<Data name="Layer">
				</Data>
				<Data name="SubClasses">
				</Data>
				<Data name="EntityHandle">
				</Data>
				<Data name="Text">
				</Data>
			</ExtendedData>
			<Polygon>
				<outerBoundaryIs>
					<LinearRing>
						<tessellate>1</tessellate>
						<coordinates>
							75.018839,15.399529,0 75.018837,15.399538,0 75.018773,15.399325,0 75.018879,15.399296,0 75.0189,15.399356,0 75.018839,15.399529,0 
						</coordinates>
					</LinearRing>
				</outerBoundaryIs>
			</Polygon>
		</Placemark>
		<Placemark>
			<name>153</name>
			<description>📍 West Facing  Plot
📐 9m x 9m x 12m x 12m
📏 1162.5 square feet</description>
			<styleUrl>#poly-C9AD99-1-255</styleUrl>
			<ExtendedData>
				<Data name="fid">
				</Data>
				<Data name="Layer">
				</Data>
				<Data name="SubClasses">
				</Data>
				<Data name="EntityHandle">
				</Data>
				<Data name="Text">
				</Data>
			</ExtendedData>
			<Polygon>
				<outerBoundaryIs>
					<LinearRing>
						<tessellate>1</tessellate>
						<coordinates>
							75.018773,15.399325,0 75.01876799999999,15.399309,0 75.018748,15.399247,0 75.018854,15.399217,0 75.018879,15.399296,0 75.018773,15.399325,0 
						</coordinates>
					</LinearRing>
				</outerBoundaryIs>
			</Polygon>
		</Placemark>
		<Placemark>
			<name>154</name>
			<description>📍 West Facing  Plot
📐 9m x 9m x 12m x 12m
📏 1162.5 square feet</description>
			<styleUrl>#poly-C9AD99-1-255</styleUrl>
			<ExtendedData>
				<Data name="fid">
				</Data>
				<Data name="Layer">
				</Data>
				<Data name="SubClasses">
				</Data>
				<Data name="EntityHandle">
				</Data>
				<Data name="Text">
				</Data>
			</ExtendedData>
			<Polygon>
				<outerBoundaryIs>
					<LinearRing>
						<tessellate>1</tessellate>
						<coordinates>
							75.01872400000001,15.39917,0 75.01883100000001,15.399141,0 75.018854,15.399217,0 75.018748,15.399247,0 75.01872400000001,15.39917,0 
						</coordinates>
					</LinearRing>
				</outerBoundaryIs>
			</Polygon>
		</Placemark>
		<Placemark>
			<name>155</name>
			<description>📍 West Facing  Plot
📐 9m x 9m x 12m x 12m
📏 1162.5 square feet</description>
			<styleUrl>#poly-C9AD99-1-255</styleUrl>
			<ExtendedData>
				<Data name="fid">
				</Data>
				<Data name="Layer">
				</Data>
				<Data name="SubClasses">
				</Data>
				<Data name="EntityHandle">
				</Data>
				<Data name="Text">
				</Data>
			</ExtendedData>
			<Polygon>
				<outerBoundaryIs>
					<LinearRing>
						<tessellate>1</tessellate>
						<coordinates>
							75.01872400000001,15.39917,0 75.018719,15.399154,0 75.018699,15.399091,0 75.018805,15.399061,0 75.01882999999999,15.399141,0 75.01872400000001,15.39917,0 
						</coordinates>
					</LinearRing>
				</outerBoundaryIs>
			</Polygon>
		</Placemark>
		<Placemark>
			<name>156</name>
			<description>📍 West Facing  Plot
📐 9m x 9m x 12m x 12m
📏 1162.5 square feet</description>
			<styleUrl>#poly-C9AD99-1-255</styleUrl>
			<ExtendedData>
				<Data name="fid">
				</Data>
				<Data name="Layer">
				</Data>
				<Data name="SubClasses">
				</Data>
				<Data name="EntityHandle">
				</Data>
				<Data name="Text">
				</Data>
			</ExtendedData>
			<Polygon>
				<outerBoundaryIs>
					<LinearRing>
						<tessellate>1</tessellate>
						<coordinates>
							75.018674,15.399017,0 75.018782,15.398985,0 75.018805,15.399061,0 75.018699,15.399091,0 75.018674,15.399017,0 
						</coordinates>
					</LinearRing>
				</outerBoundaryIs>
			</Polygon>
		</Placemark>
		<Placemark>
			<name>157</name>
			<description>📍 West Facing  Plot
📐 9m x 9m x 12m x 12m
📏 1162.5 square feet</description>
			<styleUrl>#poly-C9AD99-1-255</styleUrl>
			<ExtendedData>
				<Data name="fid">
				</Data>
				<Data name="Layer">
				</Data>
				<Data name="SubClasses">
				</Data>
				<Data name="EntityHandle">
				</Data>
				<Data name="Text">
				</Data>
			</ExtendedData>
			<Polygon>
				<outerBoundaryIs>
					<LinearRing>
						<tessellate>1</tessellate>
						<coordinates>
							75.018782,15.398985,0 75.018674,15.399017,0 75.01864999999999,15.398939,0 75.01875699999999,15.398908,0 75.018782,15.398985,0 
						</coordinates>
					</LinearRing>
				</outerBoundaryIs>
			</Polygon>
		</Placemark>
		<Placemark>
			<name>158</name>
			<description>📍 West Facing  Plot
📐 9m x 9m x 12m x 12m
📏 1162.5 square feet</description>
			<styleUrl>#poly-C9AD99-1-255</styleUrl>
			<ExtendedData>
				<Data name="fid">
				</Data>
				<Data name="Layer">
				</Data>
				<Data name="SubClasses">
				</Data>
				<Data name="EntityHandle">
				</Data>
				<Data name="Text">
				</Data>
			</ExtendedData>
			<Polygon>
				<outerBoundaryIs>
					<LinearRing>
						<tessellate>1</tessellate>
						<coordinates>
							75.01875699999999,15.398908,0 75.01864999999999,15.398939,0 75.018626,15.398863,0 75.01873399999999,15.398831,0 75.01875699999999,15.398908,0 
						</coordinates>
					</LinearRing>
				</outerBoundaryIs>
			</Polygon>
		</Placemark>
		<Placemark>
			<name>159</name>
			<description>📍 West Facing  Plot
📐 9m x 9m x 12m x 12m
📏 1162.5 square feet</description>
			<styleUrl>#poly-C9AD99-1-255</styleUrl>
			<ExtendedData>
				<Data name="fid">
				</Data>
				<Data name="Layer">
				</Data>
				<Data name="SubClasses">
				</Data>
				<Data name="EntityHandle">
				</Data>
				<Data name="Text">
				</Data>
			</ExtendedData>
			<Polygon>
				<outerBoundaryIs>
					<LinearRing>
						<tessellate>1</tessellate>
						<coordinates>
							75.01873399999999,15.398831,0 75.018626,15.398863,0 75.018602,15.398785,0 75.018709,15.398754,0 75.01873399999999,15.398831,0 
						</coordinates>
					</LinearRing>
				</outerBoundaryIs>
			</Polygon>
		</Placemark>
		<Placemark>
			<name>160</name>
			<description>📍 West Facing  Plot
📐 9m x 9m x 12m x 12m
📏 1162.5 square feet</description>
			<styleUrl>#poly-C9AD99-1-255</styleUrl>
			<ExtendedData>
				<Data name="fid">
				</Data>
				<Data name="Layer">
				</Data>
				<Data name="SubClasses">
				</Data>
				<Data name="EntityHandle">
				</Data>
				<Data name="Text">
				</Data>
			</ExtendedData>
			<Polygon>
				<outerBoundaryIs>
					<LinearRing>
						<tessellate>1</tessellate>
						<coordinates>
							75.018709,15.398754,0 75.018602,15.398785,0 75.01857800000001,15.398707,0 75.018685,15.398676,0 75.018709,15.398754,0 
						</coordinates>
					</LinearRing>
				</outerBoundaryIs>
			</Polygon>
		</Placemark>
		<Placemark>
			<name>161</name>
			<description>📍 West Facing  Plot
📐 9m x 9m x 12m x 12m
📏 1162.5 square feet</description>
			<styleUrl>#poly-C9AD99-1-255</styleUrl>
			<ExtendedData>
				<Data name="fid">
				</Data>
				<Data name="Layer">
				</Data>
				<Data name="SubClasses">
				</Data>
				<Data name="EntityHandle">
				</Data>
				<Data name="Text">
				</Data>
			</ExtendedData>
			<Polygon>
				<outerBoundaryIs>
					<LinearRing>
						<tessellate>1</tessellate>
						<coordinates>
							75.018685,15.398676,0 75.01857800000001,15.398707,0 75.01855399999999,15.39863,0 75.01866099999999,15.398599,0 75.018685,15.398676,0 
						</coordinates>
					</LinearRing>
				</outerBoundaryIs>
			</Polygon>
		</Placemark>
		<Placemark>
			<name>162</name>
			<description>📍 West Facing  Plot
📐 9m x 9m x 12m x 12m
📏 1162.5 square feet</description>
			<styleUrl>#poly-C9AD99-1-255</styleUrl>
			<ExtendedData>
				<Data name="fid">
				</Data>
				<Data name="Layer">
				</Data>
				<Data name="SubClasses">
				</Data>
				<Data name="EntityHandle">
				</Data>
				<Data name="Text">
				</Data>
			</ExtendedData>
			<Polygon>
				<outerBoundaryIs>
					<LinearRing>
						<tessellate>1</tessellate>
						<coordinates>
							75.01866099999999,15.398599,0 75.01855399999999,15.39863,0 75.01853,15.398554,0 75.018637,15.398522,0 75.01866099999999,15.398599,0 
						</coordinates>
					</LinearRing>
				</outerBoundaryIs>
			</Polygon>
		</Placemark>
		<Placemark>
			<name>163</name>
			<description>📍 West Facing  Plot
📐 9m x 9m x 12m x 12m
📏 1162.5 square feet</description>
			<styleUrl>#poly-C9AD99-1-255</styleUrl>
			<ExtendedData>
				<Data name="fid">
				</Data>
				<Data name="Layer">
				</Data>
				<Data name="SubClasses">
				</Data>
				<Data name="EntityHandle">
				</Data>
				<Data name="Text">
				</Data>
			</ExtendedData>
			<Polygon>
				<outerBoundaryIs>
					<LinearRing>
						<tessellate>1</tessellate>
						<coordinates>
							75.018637,15.398522,0 75.01853,15.398554,0 75.018506,15.398477,0 75.018613,15.398445,0 75.018637,15.398522,0 
						</coordinates>
					</LinearRing>
				</outerBoundaryIs>
			</Polygon>
		</Placemark>
		<Placemark>
			<name>164</name>
			<description>📍 West Facing  Plot
📐 9m x 9m x 12m x 12m
📏 1162.5 square feet</description>
			<styleUrl>#poly-C9AD99-1-255</styleUrl>
			<ExtendedData>
				<Data name="fid">
				</Data>
				<Data name="Layer">
				</Data>
				<Data name="SubClasses">
				</Data>
				<Data name="EntityHandle">
				</Data>
				<Data name="Text">
				</Data>
			</ExtendedData>
			<Polygon>
				<outerBoundaryIs>
					<LinearRing>
						<tessellate>1</tessellate>
						<coordinates>
							75.018613,15.398445,0 75.018506,15.398477,0 75.01848200000001,15.398398,0 75.01858900000001,15.398367,0 75.018613,15.398445,0 
						</coordinates>
					</LinearRing>
				</outerBoundaryIs>
			</Polygon>
		</Placemark>
		<Placemark>
			<name>165</name>
			<description>📍 West Facing  Plot
📐 9m x 9m x 12m x 12m
📏 1162.5 square feet</description>
			<styleUrl>#poly-C9AD99-1-255</styleUrl>
			<ExtendedData>
				<Data name="fid">
				</Data>
				<Data name="Layer">
				</Data>
				<Data name="SubClasses">
				</Data>
				<Data name="EntityHandle">
				</Data>
				<Data name="Text">
				</Data>
			</ExtendedData>
			<Polygon>
				<outerBoundaryIs>
					<LinearRing>
						<tessellate>1</tessellate>
						<coordinates>
							75.01858900000001,15.398367,0 75.01848200000001,15.398398,0 75.018458,15.398323,0 75.018565,15.398291,0 75.01858900000001,15.398367,0 
						</coordinates>
					</LinearRing>
				</outerBoundaryIs>
			</Polygon>
		</Placemark>
		<Placemark>
			<name>166</name>
			<description>📍 West Facing  Plot
📐 9m x 9m x 12m x 12m
📏 1162.5 square feet</description>
			<styleUrl>#poly-C9AD99-1-255</styleUrl>
			<ExtendedData>
				<Data name="fid">
				</Data>
				<Data name="Layer">
				</Data>
				<Data name="SubClasses">
				</Data>
				<Data name="EntityHandle">
				</Data>
				<Data name="Text">
				</Data>
			</ExtendedData>
			<Polygon>
				<outerBoundaryIs>
					<LinearRing>
						<tessellate>1</tessellate>
						<coordinates>
							75.018565,15.398291,0 75.018458,15.398323,0 75.018434,15.398246,0 75.018541,15.398214,0 75.018565,15.398291,0 
						</coordinates>
					</LinearRing>
				</outerBoundaryIs>
			</Polygon>
		</Placemark>
		<Placemark>
			<name>167</name>
			<description>📍 West Facing  Plot
📐 9m x 9m x 12m x 12m
📏 1162.5 square feet</description>
			<styleUrl>#poly-C9AD99-1-255</styleUrl>
			<ExtendedData>
				<Data name="fid">
				</Data>
				<Data name="Layer">
				</Data>
				<Data name="SubClasses">
				</Data>
				<Data name="EntityHandle">
				</Data>
				<Data name="Text">
				</Data>
			</ExtendedData>
			<Polygon>
				<outerBoundaryIs>
					<LinearRing>
						<tessellate>1</tessellate>
						<coordinates>
							75.018541,15.398214,0 75.018434,15.398246,0 75.01841,15.398168,0 75.018517,15.398137,0 75.018541,15.398214,0 
						</coordinates>
					</LinearRing>
				</outerBoundaryIs>
			</Polygon>
		</Placemark>
		<Placemark>
			<name>168</name>
			<description>📍 West Facing  Plot
📐 9m x 9m x 12m x 12m
📏 1162.5 square feet</description>
			<styleUrl>#poly-C9AD99-1-255</styleUrl>
			<ExtendedData>
				<Data name="fid">
				</Data>
				<Data name="Layer">
				</Data>
				<Data name="SubClasses">
				</Data>
				<Data name="EntityHandle">
				</Data>
				<Data name="Text">
				</Data>
			</ExtendedData>
			<Polygon>
				<outerBoundaryIs>
					<LinearRing>
						<tessellate>1</tessellate>
						<coordinates>
							75.018517,15.398137,0 75.01841,15.398168,0 75.01838499999999,15.398091,0 75.01849300000001,15.39806,0 75.018517,15.398137,0 
						</coordinates>
					</LinearRing>
				</outerBoundaryIs>
			</Polygon>
		</Placemark>
		<Placemark>
			<name>169</name>
			<description>📍 South-West Facing Corner  Plot
📐 9m x 9m x 12m x 12m
📏 1162.5 square feet</description>
			<styleUrl>#poly-C9AD99-1-255</styleUrl>
			<ExtendedData>
				<Data name="fid">
				</Data>
				<Data name="Layer">
				</Data>
				<Data name="SubClasses">
				</Data>
				<Data name="EntityHandle">
				</Data>
				<Data name="Text">
				</Data>
			</ExtendedData>
			<Polygon>
				<outerBoundaryIs>
					<LinearRing>
						<tessellate>1</tessellate>
						<coordinates>
							75.01838499999999,15.398091,0 75.018361,15.398015,0 75.018468,15.397983,0 75.01849300000001,15.39806,0 75.01838499999999,15.398091,0 
						</coordinates>
					</LinearRing>
				</outerBoundaryIs>
			</Polygon>
		</Placemark>
		<Placemark>
			<name>170</name>
			<description>📍 North-West Facing Corner  Plot
📐 12m x 12m x 12m x 12m
📏 1550 square feet</description>
			<styleUrl>#poly-plot-757575</styleUrl>
			<ExtendedData>
				<Data name="fid">
				</Data>
				<Data name="Layer">
				</Data>
				<Data name="SubClasses">
				</Data>
				<Data name="EntityHandle">
				</Data>
				<Data name="Text">
				</Data>
			</ExtendedData>
			<Polygon>
				<outerBoundaryIs>
					<LinearRing>
						<tessellate>1</tessellate>
						<coordinates>
							75.018328,15.39791,0 75.01829499999999,15.397808,0 75.01840199999999,15.397777,0 75.018434,15.397878,0 75.018328,15.39791,0 
						</coordinates>
					</LinearRing>
				</outerBoundaryIs>
			</Polygon>
		</Placemark>
		<Placemark>
			<name>171</name>
			<description>📍 West Facing  Plot
📐 9m x 9m x 12m x 12m
📏 1162.5 square feet</description>
			<styleUrl>#poly-plot-757575</styleUrl>
			<ExtendedData>
				<Data name="fid">
				</Data>
				<Data name="Layer">
				</Data>
				<Data name="SubClasses">
				</Data>
				<Data name="EntityHandle">
				</Data>
				<Data name="Text">
				</Data>
			</ExtendedData>
			<Polygon>
				<outerBoundaryIs>
					<LinearRing>
						<tessellate>1</tessellate>
						<coordinates>
							75.018269,15.39773,0 75.018378,15.3977,0 75.01840199999999,15.397777,0 75.01829499999999,15.397808,0 75.018269,15.39773,0 
						</coordinates>
					</LinearRing>
				</outerBoundaryIs>
			</Polygon>
		</Placemark>
		<Placemark>
			<name>172</name>
			<description>📍 West Facing  Plot
📐 9m x 9m x 12m x 12m
📏 1162.5 square feet</description>
			<styleUrl>#poly-C9AD99-1-255</styleUrl>
			<ExtendedData>
				<Data name="fid">
				</Data>
				<Data name="Layer">
				</Data>
				<Data name="SubClasses">
				</Data>
				<Data name="EntityHandle">
				</Data>
				<Data name="Text">
				</Data>
			</ExtendedData>
			<Polygon>
				<outerBoundaryIs>
					<LinearRing>
						<tessellate>1</tessellate>
						<coordinates>
							75.018378,15.3977,0 75.018269,15.39773,0 75.018246,15.397655,0 75.018354,15.397624,0 75.018378,15.3977,0 
						</coordinates>
					</LinearRing>
				</outerBoundaryIs>
			</Polygon>
		</Placemark>
		<Placemark>
			<name>173</name>
			<description>📍 West Facing  Plot
📐 9m x 9m x 12m x 12m
📏 1162.5 square feet</description>
			<styleUrl>#poly-C9AD99-1-255</styleUrl>
			<ExtendedData>
				<Data name="fid">
				</Data>
				<Data name="Layer">
				</Data>
				<Data name="SubClasses">
				</Data>
				<Data name="EntityHandle">
				</Data>
				<Data name="Text">
				</Data>
			</ExtendedData>
			<Polygon>
				<outerBoundaryIs>
					<LinearRing>
						<tessellate>1</tessellate>
						<coordinates>
							75.018354,15.397624,0 75.018246,15.397655,0 75.018221,15.397577,0 75.01832899999999,15.397546,0 75.018354,15.397624,0 
						</coordinates>
					</LinearRing>
				</outerBoundaryIs>
			</Polygon>
		</Placemark>
		<Placemark>
			<name>174</name>
			<description>📍 West Facing  Plot
📐 9m x 9m x 12m x 12m
📏 1162.5 square feet</description>
			<styleUrl>#poly-C9AD99-1-255</styleUrl>
			<ExtendedData>
				<Data name="fid">
				</Data>
				<Data name="Layer">
				</Data>
				<Data name="SubClasses">
				</Data>
				<Data name="EntityHandle">
				</Data>
				<Data name="Text">
				</Data>
			</ExtendedData>
			<Polygon>
				<outerBoundaryIs>
					<LinearRing>
						<tessellate>1</tessellate>
						<coordinates>
							75.01832899999999,15.397546,0 75.018221,15.397577,0 75.018198,15.397502,0 75.018305,15.39747,0 75.01832899999999,15.397546,0 
						</coordinates>
					</LinearRing>
				</outerBoundaryIs>
			</Polygon>
		</Placemark>
		<Placemark>
			<name>175</name>
			<description>📍 West Facing  Plot
📐 9m x 9m x 12m x 12m
📏 1162.5 square feet</description>
			<styleUrl>#poly-C9AD99-1-255</styleUrl>
			<ExtendedData>
				<Data name="fid">
				</Data>
				<Data name="Layer">
				</Data>
				<Data name="SubClasses">
				</Data>
				<Data name="EntityHandle">
				</Data>
				<Data name="Text">
				</Data>
			</ExtendedData>
			<Polygon>
				<outerBoundaryIs>
					<LinearRing>
						<tessellate>1</tessellate>
						<coordinates>
							75.018305,15.39747,0 75.018198,15.397502,0 75.018174,15.397427,0 75.018281,15.397395,0 75.018305,15.39747,0 
						</coordinates>
					</LinearRing>
				</outerBoundaryIs>
			</Polygon>
		</Placemark>
		<Placemark>
			<name>176</name>
			<description>📍 West Facing  Plot
📐 9m x 9m x 12m x 12m
📏 1162.5 square feet</description>
			<styleUrl>#poly-C9AD99-1-255</styleUrl>
			<ExtendedData>
				<Data name="fid">
				</Data>
				<Data name="Layer">
				</Data>
				<Data name="SubClasses">
				</Data>
				<Data name="EntityHandle">
				</Data>
				<Data name="Text">
				</Data>
			</ExtendedData>
			<Polygon>
				<outerBoundaryIs>
					<LinearRing>
						<tessellate>1</tessellate>
						<coordinates>
							75.018281,15.397395,0 75.018174,15.397427,0 75.01814899999999,15.397348,0 75.01825700000001,15.397316,0 75.018281,15.397395,0 
						</coordinates>
					</LinearRing>
				</outerBoundaryIs>
			</Polygon>
		</Placemark>
		<Placemark>
			<name>177</name>
			<description>📍 West Facing  Plot
📐 9m x 9m x 12m x 12m
📏 1162.5 square feet</description>
			<styleUrl>#poly-C9AD99-1-255</styleUrl>
			<ExtendedData>
				<Data name="fid">
				</Data>
				<Data name="Layer">
				</Data>
				<Data name="SubClasses">
				</Data>
				<Data name="EntityHandle">
				</Data>
				<Data name="Text">
				</Data>
			</ExtendedData>
			<Polygon>
				<outerBoundaryIs>
					<LinearRing>
						<tessellate>1</tessellate>
						<coordinates>
							75.01825700000001,15.397316,0 75.01814899999999,15.397348,0 75.018126,15.397273,0 75.018233,15.397241,0 75.01825700000001,15.397316,0 
						</coordinates>
					</LinearRing>
				</outerBoundaryIs>
			</Polygon>
		</Placemark>
		<Placemark>
			<name>178</name>
			<description>📍 West Facing  Plot
📐 9m x 9m x 12m x 12m
📏 1162.5 square feet</description>
			<styleUrl>#poly-C9AD99-1-255</styleUrl>
			<ExtendedData>
				<Data name="fid">
				</Data>
				<Data name="Layer">
				</Data>
				<Data name="SubClasses">
				</Data>
				<Data name="EntityHandle">
				</Data>
				<Data name="Text">
				</Data>
			</ExtendedData>
			<Polygon>
				<outerBoundaryIs>
					<LinearRing>
						<tessellate>1</tessellate>
						<coordinates>
							75.018233,15.397241,0 75.018126,15.397273,0 75.018102,15.397197,0 75.018209,15.397164,0 75.018233,15.397241,0 
						</coordinates>
					</LinearRing>
				</outerBoundaryIs>
			</Polygon>
		</Placemark>
		<Placemark>
			<name>179</name>
			<description>📍 West Facing  Plot
📐 9m x 9m x 12m x 12m
📏 1162.5 square feet</description>
			<styleUrl>#poly-C9AD99-1-255</styleUrl>
			<ExtendedData>
				<Data name="fid">
				</Data>
				<Data name="Layer">
				</Data>
				<Data name="SubClasses">
				</Data>
				<Data name="EntityHandle">
				</Data>
				<Data name="Text">
				</Data>
			</ExtendedData>
			<Polygon>
				<outerBoundaryIs>
					<LinearRing>
						<tessellate>1</tessellate>
						<coordinates>
							75.018209,15.397164,0 75.018102,15.397197,0 75.018079,15.397119,0 75.018185,15.397087,0 75.018209,15.397164,0 
						</coordinates>
					</LinearRing>
				</outerBoundaryIs>
			</Polygon>
		</Placemark>
		<Placemark>
			<name>180</name>
			<description>📍 West Facing  Plot
📐 9m x 9m x 12m x 12m
📏 1162.5 square feet</description>
			<styleUrl>#poly-C9AD99-1-255</styleUrl>
			<ExtendedData>
				<Data name="fid">
				</Data>
				<Data name="Layer">
				</Data>
				<Data name="SubClasses">
				</Data>
				<Data name="EntityHandle">
				</Data>
				<Data name="Text">
				</Data>
			</ExtendedData>
			<Polygon>
				<outerBoundaryIs>
					<LinearRing>
						<tessellate>1</tessellate>
						<coordinates>
							75.018185,15.397087,0 75.018079,15.397119,0 75.018055,15.397042,0 75.018162,15.397011,0 75.018185,15.397087,0 
						</coordinates>
					</LinearRing>
				</outerBoundaryIs>
			</Polygon>
		</Placemark>
		<Placemark>
			<name>181</name>
			<description>📍 West Facing  Plot
📐 9m x 9m x 12m x 12m
📏 1162.5 square feet</description>
			<styleUrl>#poly-C9AD99-1-255</styleUrl>
			<ExtendedData>
				<Data name="fid">
				</Data>
				<Data name="Layer">
				</Data>
				<Data name="SubClasses">
				</Data>
				<Data name="EntityHandle">
				</Data>
				<Data name="Text">
				</Data>
			</ExtendedData>
			<Polygon>
				<outerBoundaryIs>
					<LinearRing>
						<tessellate>1</tessellate>
						<coordinates>
							75.018162,15.397011,0 75.018055,15.397042,0 75.01803099999999,15.396965,0 75.01813799999999,15.396934,0 75.018162,15.397011,0 
						</coordinates>
					</LinearRing>
				</outerBoundaryIs>
			</Polygon>
		</Placemark>
		<Placemark>
			<name>182</name>
			<description>📍 West Facing  Plot
📐 9m x 9m x 12m x 12m
📏 1162.5 square feet</description>
			<styleUrl>#poly-C9AD99-1-255</styleUrl>
			<ExtendedData>
				<Data name="fid">
				</Data>
				<Data name="Layer">
				</Data>
				<Data name="SubClasses">
				</Data>
				<Data name="EntityHandle">
				</Data>
				<Data name="Text">
				</Data>
			</ExtendedData>
			<Polygon>
				<outerBoundaryIs>
					<LinearRing>
						<tessellate>1</tessellate>
						<coordinates>
							75.01813799999999,15.396934,0 75.01803099999999,15.396965,0 75.01800900000001,15.396891,0 75.01811499999999,15.396859,0 75.01813799999999,15.396934,0 
						</coordinates>
					</LinearRing>
				</outerBoundaryIs>
			</Polygon>
		</Placemark>
		<Placemark>
			<name>183</name>
			<description>📍 South-West Facing Corner  Plot
📐 27.9m x 8m x 12m x 23.23m
📏 3403.43 square feet</description>
			<styleUrl>#poly-7A9486-1-2550</styleUrl>
			<ExtendedData>
				<Data name="fid">
				</Data>
				<Data name="Layer">
				</Data>
				<Data name="SubClasses">
				</Data>
				<Data name="EntityHandle">
				</Data>
				<Data name="Text">
				</Data>
			</ExtendedData>
			<Polygon>
				<outerBoundaryIs>
					<LinearRing>
						<tessellate>1</tessellate>
						<coordinates>
							75.01811499999999,15.396859,0 75.01800900000001,15.396891,0 75.017937,15.396652,0 75.018094,15.396788,0 75.01811499999999,15.396859,0 
						</coordinates>
					</LinearRing>
				</outerBoundaryIs>
			</Polygon>
		</Placemark>
		<Placemark>
			<name>185</name>
			<description>📍 South-East Facing Corner  Plot
📐 26m x 6.05m x 12m x 23.23m
📏 3038.44 square feet</description>
			<styleUrl>#poly-7C978A-1-255</styleUrl>
			<ExtendedData>
				<Data name="fid">
				</Data>
				<Data name="Layer">
				</Data>
				<Data name="SubClasses">
				</Data>
				<Data name="EntityHandle">
				</Data>
				<Data name="Text">
				</Data>
			</ExtendedData>
			<Polygon>
				<outerBoundaryIs>
					<LinearRing>
						<tessellate>1</tessellate>
						<coordinates>
							75.018162,15.397011,0 75.01813799999999,15.396934,0 75.01811499999999,15.396859,0 75.018094,15.396788,0 75.01822900000001,15.396907,0 75.018253,15.396926,0 75.01826699999999,15.39698,0 75.018162,15.397011,0 
						</coordinates>
					</LinearRing>
				</outerBoundaryIs>
			</Polygon>
		</Placemark>
		<Placemark>
			<name>186</name>
			<description>📍 East Facing  Plot
📐 9m x 9m x 12m x 12m
📏 1162.5 square feet</description>
			<styleUrl>#poly-7A9486-1-255</styleUrl>
			<ExtendedData>
				<Data name="fid">
				</Data>
				<Data name="Layer">
				</Data>
				<Data name="SubClasses">
				</Data>
				<Data name="EntityHandle">
				</Data>
				<Data name="Text">
				</Data>
			</ExtendedData>
			<Polygon>
				<outerBoundaryIs>
					<LinearRing>
						<tessellate>1</tessellate>
						<coordinates>
							75.01828999999999,15.397055,0 75.018185,15.397087,0 75.018162,15.397011,0 75.01826699999999,15.39698,0 75.01828999999999,15.397055,0 
						</coordinates>
					</LinearRing>
				</outerBoundaryIs>
			</Polygon>
		</Placemark>
		<Placemark>
			<name>187</name>
			<description>📍 East Facing  Plot
📐 9m x 9m x 12m x 12m
📏 1162.5 square feet</description>
			<styleUrl>#poly-C9AD99-1-255</styleUrl>
			<ExtendedData>
				<Data name="fid">
				</Data>
				<Data name="Layer">
				</Data>
				<Data name="SubClasses">
				</Data>
				<Data name="EntityHandle">
				</Data>
				<Data name="Text">
				</Data>
			</ExtendedData>
			<Polygon>
				<outerBoundaryIs>
					<LinearRing>
						<tessellate>1</tessellate>
						<coordinates>
							75.018314,15.397133,0 75.018209,15.397164,0 75.018185,15.397087,0 75.01828999999999,15.397055,0 75.018314,15.397133,0 
						</coordinates>
					</LinearRing>
				</outerBoundaryIs>
			</Polygon>
		</Placemark>
		<Placemark>
			<name>188</name>
			<description>📍 East Facing  Plot
📐 9m x 9m x 12m x 12m
📏 1162.5 square feet</description>
			<styleUrl>#poly-plot-757575</styleUrl>
			<ExtendedData>
				<Data name="fid">
				</Data>
				<Data name="Layer">
				</Data>
				<Data name="SubClasses">
				</Data>
				<Data name="EntityHandle">
				</Data>
				<Data name="Text">
				</Data>
			</ExtendedData>
			<Polygon>
				<outerBoundaryIs>
					<LinearRing>
						<tessellate>1</tessellate>
						<coordinates>
							75.018338,15.39721,0 75.018233,15.397241,0 75.018209,15.397164,0 75.018314,15.397133,0 75.018338,15.39721,0 
						</coordinates>
					</LinearRing>
				</outerBoundaryIs>
			</Polygon>
		</Placemark>
		<Placemark>
			<name>189</name>
			<description>📍 East Facing  Plot
📐 9m x 9m x 12m x 12m
📏 1162.5 square feet</description>
			<styleUrl>#poly-plot-757575</styleUrl>
			<ExtendedData>
				<Data name="fid">
				</Data>
				<Data name="Layer">
				</Data>
				<Data name="SubClasses">
				</Data>
				<Data name="EntityHandle">
				</Data>
				<Data name="Text">
				</Data>
			</ExtendedData>
			<Polygon>
				<outerBoundaryIs>
					<LinearRing>
						<tessellate>1</tessellate>
						<coordinates>
							75.01825700000001,15.397316,0 75.018233,15.397241,0 75.018338,15.39721,0 75.018361,15.397285,0 75.01825700000001,15.397316,0 
						</coordinates>
					</LinearRing>
				</outerBoundaryIs>
			</Polygon>
		</Placemark>
		<Placemark>
			<name>190</name>
			<description>📍 East Facing  Plot
📐 9m x 9m x 12m x 12m
📏 1162.5 square feet</description>
			<styleUrl>#poly-plot-EDA29B</styleUrl>
			<ExtendedData>
				<Data name="fid">
				</Data>
				<Data name="Layer">
				</Data>
				<Data name="SubClasses">
				</Data>
				<Data name="EntityHandle">
				</Data>
				<Data name="Text">
				</Data>
			</ExtendedData>
			<Polygon>
				<outerBoundaryIs>
					<LinearRing>
						<tessellate>1</tessellate>
						<coordinates>
							75.01838600000001,15.397364,0 75.018281,15.397395,0 75.01825700000001,15.397316,0 75.018361,15.397285,0 75.01838600000001,15.397364,0 
						</coordinates>
					</LinearRing>
				</outerBoundaryIs>
			</Polygon>
		</Placemark>
		<Placemark>
			<name>191</name>
			<description>📍 East Facing  Plot
📐 9m x 9m x 12m x 12m
📏 1162.5 square feet</description>
			<styleUrl>#poly-C9AD99-1-255</styleUrl>
			<ExtendedData>
				<Data name="fid">
				</Data>
				<Data name="Layer">
				</Data>
				<Data name="SubClasses">
				</Data>
				<Data name="EntityHandle">
				</Data>
				<Data name="Text">
				</Data>
			</ExtendedData>
			<Polygon>
				<outerBoundaryIs>
					<LinearRing>
						<tessellate>1</tessellate>
						<coordinates>
							75.01840900000001,15.397439,0 75.018305,15.39747,0 75.018281,15.397395,0 75.01838600000001,15.397364,0 75.01840900000001,15.397439,0 
						</coordinates>
					</LinearRing>
				</outerBoundaryIs>
			</Polygon>
		</Placemark>
		<Placemark>
			<name>192</name>
			<description>📍 East Facing  Plot
📐 9m x 9m x 12m x 12m
📏 1162.5 square feet</description>
			<styleUrl>#poly-plot-757575</styleUrl>
			<ExtendedData>
				<Data name="fid">
				</Data>
				<Data name="Layer">
				</Data>
				<Data name="SubClasses">
				</Data>
				<Data name="EntityHandle">
				</Data>
				<Data name="Text">
				</Data>
			</ExtendedData>
			<Polygon>
				<outerBoundaryIs>
					<LinearRing>
						<tessellate>1</tessellate>
						<coordinates>
							75.018434,15.397516,0 75.01832899999999,15.397546,0 75.018305,15.39747,0 75.01840900000001,15.397439,0 75.018434,15.397516,0 
						</coordinates>
					</LinearRing>
				</outerBoundaryIs>
			</Polygon>
		</Placemark>
		<Placemark>
			<name>193</name>
			<description>📍 East Facing  Plot
📐 9m x 9m x 12m x 12m
📏 1162.5 square feet</description>
			<styleUrl>#poly-plot-757575</styleUrl>
			<ExtendedData>
				<Data name="fid">
				</Data>
				<Data name="Layer">
				</Data>
				<Data name="SubClasses">
				</Data>
				<Data name="EntityHandle">
				</Data>
				<Data name="Text">
				</Data>
			</ExtendedData>
			<Polygon>
				<outerBoundaryIs>
					<LinearRing>
						<tessellate>1</tessellate>
						<coordinates>
							75.018458,15.397594,0 75.018354,15.397624,0 75.01832899999999,15.397546,0 75.018434,15.397516,0 75.018458,15.397594,0 
						</coordinates>
					</LinearRing>
				</outerBoundaryIs>
			</Polygon>
		</Placemark>
		<Placemark>
			<name>194</name>
			<description>📍 East Facing  Plot
📐 9m x 9m x 12m x 12m
📏 1162.5 square feet</description>
			<styleUrl>#poly-plot-EDA29B</styleUrl>
			<ExtendedData>
				<Data name="fid">
				</Data>
				<Data name="Layer">
				</Data>
				<Data name="SubClasses">
				</Data>
				<Data name="EntityHandle">
				</Data>
				<Data name="Text">
				</Data>
			</ExtendedData>
			<Polygon>
				<outerBoundaryIs>
					<LinearRing>
						<tessellate>1</tessellate>
						<coordinates>
							75.018483,15.397671,0 75.018378,15.3977,0 75.018354,15.397624,0 75.018458,15.397594,0 75.018483,15.397671,0 
						</coordinates>
					</LinearRing>
				</outerBoundaryIs>
			</Polygon>
		</Placemark>
		<Placemark>
			<name>195</name>
			<description>📍 East Facing  Plot
📐 9m x 9m x 12m x 12m
📏 1162.5 square feet</description>
			<styleUrl>#poly-plot-757575</styleUrl>
			<ExtendedData>
				<Data name="fid">
				</Data>
				<Data name="Layer">
				</Data>
				<Data name="SubClasses">
				</Data>
				<Data name="EntityHandle">
				</Data>
				<Data name="Text">
				</Data>
			</ExtendedData>
			<Polygon>
				<outerBoundaryIs>
					<LinearRing>
						<tessellate>1</tessellate>
						<coordinates>
							75.01840199999999,15.397777,0 75.018378,15.3977,0 75.018483,15.397671,0 75.018507,15.397747,0 75.01840199999999,15.397777,0 
						</coordinates>
					</LinearRing>
				</outerBoundaryIs>
			</Polygon>
		</Placemark>
		<Placemark>
			<name>196</name>
			<description>📍 North-East Facing Corner  Plot
📐 12m x 12m x 12m x 12m
📏 1550 square feet</description>
			<styleUrl>#poly-D2B875-1-255</styleUrl>
			<ExtendedData>
				<Data name="fid">
				</Data>
				<Data name="Layer">
				</Data>
				<Data name="SubClasses">
				</Data>
				<Data name="EntityHandle">
				</Data>
				<Data name="Text">
				</Data>
			</ExtendedData>
			<Polygon>
				<outerBoundaryIs>
					<LinearRing>
						<tessellate>1</tessellate>
						<coordinates>
							75.018539,15.397848,0 75.018434,15.397878,0 75.01840199999999,15.397777,0 75.018507,15.397747,0 75.018539,15.397848,0 
						</coordinates>
					</LinearRing>
				</outerBoundaryIs>
			</Polygon>
		</Placemark>
		<Placemark>
			<name>197</name>
			<description>📍 South-East Facing Corner  Plot
📐 9m x 9m x 12m x 12m
📏 1162.5 square feet</description>
			<styleUrl>#poly-C9AD99-1-255</styleUrl>
			<ExtendedData>
				<Data name="fid">
				</Data>
				<Data name="Layer">
				</Data>
				<Data name="SubClasses">
				</Data>
				<Data name="EntityHandle">
				</Data>
				<Data name="Text">
				</Data>
			</ExtendedData>
			<Polygon>
				<outerBoundaryIs>
					<LinearRing>
						<tessellate>1</tessellate>
						<coordinates>
							75.01849300000001,15.39806,0 75.018468,15.397983,0 75.018574,15.397952,0 75.018598,15.398029,0 75.01849300000001,15.39806,0 
						</coordinates>
					</LinearRing>
				</outerBoundaryIs>
			</Polygon>
		</Placemark>
		<Placemark>
			<name>198</name>
			<description>📍 East Facing  Plot
📐 9m x 9m x 12m x 12m
📏 1162.5 square feet</description>
			<styleUrl>#poly-C9AD99-1-255</styleUrl>
			<ExtendedData>
				<Data name="fid">
				</Data>
				<Data name="Layer">
				</Data>
				<Data name="SubClasses">
				</Data>
				<Data name="EntityHandle">
				</Data>
				<Data name="Text">
				</Data>
			</ExtendedData>
			<Polygon>
				<outerBoundaryIs>
					<LinearRing>
						<tessellate>1</tessellate>
						<coordinates>
							75.01862199999999,15.398106,0 75.018517,15.398137,0 75.01849300000001,15.39806,0 75.018598,15.398029,0 75.01862199999999,15.398106,0 
						</coordinates>
					</LinearRing>
				</outerBoundaryIs>
			</Polygon>
		</Placemark>
		<Placemark>
			<name>199</name>
			<description>📍 East Facing  Plot
📐 9m x 9m x 12m x 12m
📏 1162.5 square feet</description>
			<styleUrl>#poly-C9AD99-1-255</styleUrl>
			<ExtendedData>
				<Data name="fid">
				</Data>
				<Data name="Layer">
				</Data>
				<Data name="SubClasses">
				</Data>
				<Data name="EntityHandle">
				</Data>
				<Data name="Text">
				</Data>
			</ExtendedData>
			<Polygon>
				<outerBoundaryIs>
					<LinearRing>
						<tessellate>1</tessellate>
						<coordinates>
							75.018647,15.398183,0 75.018541,15.398214,0 75.018517,15.398137,0 75.01862199999999,15.398106,0 75.018647,15.398183,0 
						</coordinates>
					</LinearRing>
				</outerBoundaryIs>
			</Polygon>
		</Placemark>
		<Placemark>
			<name>200</name>
			<description>📍 East Facing  Plot
📐 9m x 9m x 12m x 12m
📏 1162.5 square feet</description>
			<styleUrl>#poly-C9AD99-1-255</styleUrl>
			<ExtendedData>
				<Data name="fid">
				</Data>
				<Data name="Layer">
				</Data>
				<Data name="SubClasses">
				</Data>
				<Data name="EntityHandle">
				</Data>
				<Data name="Text">
				</Data>
			</ExtendedData>
			<Polygon>
				<outerBoundaryIs>
					<LinearRing>
						<tessellate>1</tessellate>
						<coordinates>
							75.018565,15.398291,0 75.018541,15.398214,0 75.018647,15.398183,0 75.01867,15.398259,0 75.018565,15.398291,0 
						</coordinates>
					</LinearRing>
				</outerBoundaryIs>
			</Polygon>
		</Placemark>
		<Placemark>
			<name>201</name>
			<description>📍 East Facing  Plot
📐 9m x 9m x 12m x 12m
📏 1162.5 square feet</description>
			<styleUrl>#poly-C9AD99-1-255</styleUrl>
			<ExtendedData>
				<Data name="fid">
				</Data>
				<Data name="Layer">
				</Data>
				<Data name="SubClasses">
				</Data>
				<Data name="EntityHandle">
				</Data>
				<Data name="Text">
				</Data>
			</ExtendedData>
			<Polygon>
				<outerBoundaryIs>
					<LinearRing>
						<tessellate>1</tessellate>
						<coordinates>
							75.01858900000001,15.398367,0 75.018565,15.398291,0 75.01867,15.398259,0 75.01869499999999,15.398337,0 75.01858900000001,15.398367,0 
						</coordinates>
					</LinearRing>
				</outerBoundaryIs>
			</Polygon>
		</Placemark>
		<Placemark>
			<name>202</name>
			<description>📍 East Facing  Plot
📐 9m x 9m x 12m x 12m
📏 1162.5 square feet</description>
			<styleUrl>#poly-C9AD99-1-255</styleUrl>
			<ExtendedData>
				<Data name="fid">
				</Data>
				<Data name="Layer">
				</Data>
				<Data name="SubClasses">
				</Data>
				<Data name="EntityHandle">
				</Data>
				<Data name="Text">
				</Data>
			</ExtendedData>
			<Polygon>
				<outerBoundaryIs>
					<LinearRing>
						<tessellate>1</tessellate>
						<coordinates>
							75.018613,15.398445,0 75.01858900000001,15.398367,0 75.01869499999999,15.398337,0 75.018719,15.398414,0 75.018613,15.398445,0 
						</coordinates>
					</LinearRing>
				</outerBoundaryIs>
			</Polygon>
		</Placemark>
		<Placemark>
			<name>203</name>
			<description>📍 East Facing  Plot
📐 9m x 9m x 12m x 12m
📏 1162.5 square feet</description>
			<styleUrl>#poly-C9AD99-1-255</styleUrl>
			<ExtendedData>
				<Data name="fid">
				</Data>
				<Data name="Layer">
				</Data>
				<Data name="SubClasses">
				</Data>
				<Data name="EntityHandle">
				</Data>
				<Data name="Text">
				</Data>
			</ExtendedData>
			<Polygon>
				<outerBoundaryIs>
					<LinearRing>
						<tessellate>1</tessellate>
						<coordinates>
							75.018637,15.398522,0 75.018613,15.398445,0 75.018719,15.398414,0 75.018743,15.398491,0 75.018637,15.398522,0 
						</coordinates>
					</LinearRing>
				</outerBoundaryIs>
			</Polygon>
		</Placemark>
		<Placemark>
			<name>204</name>
			<description>📍 East Facing  Plot
📐 9m x 9m x 12m x 12m
📏 1162.5 square feet</description>
			<styleUrl>#poly-C9AD99-1-255</styleUrl>
			<ExtendedData>
				<Data name="fid">
				</Data>
				<Data name="Layer">
				</Data>
				<Data name="SubClasses">
				</Data>
				<Data name="EntityHandle">
				</Data>
				<Data name="Text">
				</Data>
			</ExtendedData>
			<Polygon>
				<outerBoundaryIs>
					<LinearRing>
						<tessellate>1</tessellate>
						<coordinates>
							75.01866099999999,15.398599,0 75.018637,15.398522,0 75.018743,15.398491,0 75.018767,15.398569,0 75.01866099999999,15.398599,0 
						</coordinates>
					</LinearRing>
				</outerBoundaryIs>
			</Polygon>
		</Placemark>
		<Placemark>
			<name>205</name>
			<description>📍 East Facing  Plot
📐 9m x 9m x 12m x 12m
📏 1162.5 square feet</description>
			<styleUrl>#poly-C9AD99-1-255</styleUrl>
			<ExtendedData>
				<Data name="fid">
				</Data>
				<Data name="Layer">
				</Data>
				<Data name="SubClasses">
				</Data>
				<Data name="EntityHandle">
				</Data>
				<Data name="Text">
				</Data>
			</ExtendedData>
			<Polygon>
				<outerBoundaryIs>
					<LinearRing>
						<tessellate>1</tessellate>
						<coordinates>
							75.01879099999999,15.398644,0 75.018685,15.398676,0 75.01866099999999,15.398599,0 75.018767,15.398569,0 75.01879099999999,15.398644,0 
						</coordinates>
					</LinearRing>
				</outerBoundaryIs>
			</Polygon>
		</Placemark>
		<Placemark>
			<name>206</name>
			<description>📍 East Facing  Plot
📐 9m x 9m x 12m x 12m
📏 1162.5 square feet</description>
			<styleUrl>#poly-C9AD99-1-255</styleUrl>
			<ExtendedData>
				<Data name="fid">
				</Data>
				<Data name="Layer">
				</Data>
				<Data name="SubClasses">
				</Data>
				<Data name="EntityHandle">
				</Data>
				<Data name="Text">
				</Data>
			</ExtendedData>
			<Polygon>
				<outerBoundaryIs>
					<LinearRing>
						<tessellate>1</tessellate>
						<coordinates>
							75.018709,15.398754,0 75.018685,15.398676,0 75.01879099999999,15.398644,0 75.018815,15.398722,0 75.018709,15.398754,0 
						</coordinates>
					</LinearRing>
				</outerBoundaryIs>
			</Polygon>
		</Placemark>
		<Placemark>
			<name>207</name>
			<description>📍 East Facing  Plot
📐 9m x 9m x 12m x 12m
📏 1162.5 square feet</description>
			<styleUrl>#poly-C9AD99-1-255</styleUrl>
			<ExtendedData>
				<Data name="fid">
				</Data>
				<Data name="Layer">
				</Data>
				<Data name="SubClasses">
				</Data>
				<Data name="EntityHandle">
				</Data>
				<Data name="Text">
				</Data>
			</ExtendedData>
			<Polygon>
				<outerBoundaryIs>
					<LinearRing>
						<tessellate>1</tessellate>
						<coordinates>
							75.01873399999999,15.398831,0 75.018709,15.398754,0 75.018815,15.398722,0 75.018839,15.3988,0 75.01873399999999,15.398831,0 
						</coordinates>
					</LinearRing>
				</outerBoundaryIs>
			</Polygon>
		</Placemark>
		<Placemark>
			<name>208</name>
			<description>📍 East Facing  Plot
📐 9m x 9m x 12m x 12m
📏 1162.5 square feet</description>
			<styleUrl>#poly-C9AD99-1-255</styleUrl>
			<ExtendedData>
				<Data name="fid">
				</Data>
				<Data name="Layer">
				</Data>
				<Data name="SubClasses">
				</Data>
				<Data name="EntityHandle">
				</Data>
				<Data name="Text">
				</Data>
			</ExtendedData>
			<Polygon>
				<outerBoundaryIs>
					<LinearRing>
						<tessellate>1</tessellate>
						<coordinates>
							75.018863,15.398876,0 75.01875699999999,15.398908,0 75.01873399999999,15.398831,0 75.018839,15.3988,0 75.018863,15.398876,0 
						</coordinates>
					</LinearRing>
				</outerBoundaryIs>
			</Polygon>
		</Placemark>
		<Placemark>
			<name>209</name>
			<description>📍 East Facing  Plot
📐 9m x 9m x 12m x 12m
📏 1162.5 square feet</description>
			<styleUrl>#poly-C9AD99-1-255</styleUrl>
			<ExtendedData>
				<Data name="fid">
				</Data>
				<Data name="Layer">
				</Data>
				<Data name="SubClasses">
				</Data>
				<Data name="EntityHandle">
				</Data>
				<Data name="Text">
				</Data>
			</ExtendedData>
			<Polygon>
				<outerBoundaryIs>
					<LinearRing>
						<tessellate>1</tessellate>
						<coordinates>
							75.018782,15.398985,0 75.01875699999999,15.398908,0 75.018863,15.398876,0 75.018888,15.398954,0 75.018782,15.398985,0 
						</coordinates>
					</LinearRing>
				</outerBoundaryIs>
			</Polygon>
		</Placemark>
		<Placemark>
			<name>210</name>
			<description>📍 East Facing  Plot
📐 9m x 9m x 12m x 12m
📏 1162.5 square feet</description>
			<styleUrl>#poly-C9AD99-1-255</styleUrl>
			<ExtendedData>
				<Data name="fid">
				</Data>
				<Data name="Layer">
				</Data>
				<Data name="SubClasses">
				</Data>
				<Data name="EntityHandle">
				</Data>
				<Data name="Text">
				</Data>
			</ExtendedData>
			<Polygon>
				<outerBoundaryIs>
					<LinearRing>
						<tessellate>1</tessellate>
						<coordinates>
							75.018806,15.399062,0 75.018782,15.398985,0 75.018888,15.398954,0 75.018912,15.399031,0 75.018806,15.399062,0 
						</coordinates>
					</LinearRing>
				</outerBoundaryIs>
			</Polygon>
		</Placemark>
		<Placemark>
			<name>211</name>
			<description>📍 East Facing  Plot
📐 9m x 9m x 12m x 12m
📏 1162.5 square feet</description>
			<styleUrl>#poly-C9AD99-1-255</styleUrl>
			<ExtendedData>
				<Data name="fid">
				</Data>
				<Data name="Layer">
				</Data>
				<Data name="SubClasses">
				</Data>
				<Data name="EntityHandle">
				</Data>
				<Data name="Text">
				</Data>
			</ExtendedData>
			<Polygon>
				<outerBoundaryIs>
					<LinearRing>
						<tessellate>1</tessellate>
						<coordinates>
							75.018936,15.399109,0 75.01882999999999,15.399141,0 75.018806,15.399062,0 75.018912,15.399031,0 75.018936,15.399109,0 
						</coordinates>
					</LinearRing>
				</outerBoundaryIs>
			</Polygon>
		</Placemark>
		<Placemark>
			<name>212</name>
			<description>📍 East Facing  Plot
📐 9m x 9m x 12m x 12m
📏 1162.5 square feet</description>
			<styleUrl>#poly-C9AD99-1-255</styleUrl>
			<ExtendedData>
				<Data name="fid">
				</Data>
				<Data name="Layer">
				</Data>
				<Data name="SubClasses">
				</Data>
				<Data name="EntityHandle">
				</Data>
				<Data name="Text">
				</Data>
			</ExtendedData>
			<Polygon>
				<outerBoundaryIs>
					<LinearRing>
						<tessellate>1</tessellate>
						<coordinates>
							75.018854,15.399217,0 75.01882999999999,15.399141,0 75.018936,15.399109,0 75.018963,15.399188,0 75.018854,15.399217,0 
						</coordinates>
					</LinearRing>
				</outerBoundaryIs>
			</Polygon>
		</Placemark>
		<Placemark>
			<name>213</name>
			<description>📍 North-East Facing Corner  Plot
📐 16.3m x 7.7m x 14.8m x 12m
📏 1730.84 square feet</description>
			<styleUrl>#poly-7A9486-1-2550</styleUrl>
			<ExtendedData>
				<Data name="fid">
				</Data>
				<Data name="Layer">
				</Data>
				<Data name="SubClasses">
				</Data>
				<Data name="EntityHandle">
				</Data>
				<Data name="Text">
				</Data>
			</ExtendedData>
			<Polygon>
				<outerBoundaryIs>
					<LinearRing>
						<tessellate>1</tessellate>
						<coordinates>
							75.0189,15.399356,0 75.018854,15.399217,0 75.018963,15.399188,0 75.01898300000001,15.399255,0 75.0189,15.399356,0 
						</coordinates>
					</LinearRing>
				</outerBoundaryIs>
			</Polygon>
		</Placemark>
		<Placemark>
			<name>214</name>
			<description>📍 North-West Facing Corner  Plot
📐 19.3m x 10.7m x 14.8m x 12m
📏 2163.54 square feet</description>
			<styleUrl>#poly-7A9486-1-2550</styleUrl>
			<ExtendedData>
				<Data name="fid">
				</Data>
				<Data name="Layer">
				</Data>
				<Data name="SubClasses">
				</Data>
				<Data name="EntityHandle">
				</Data>
				<Data name="Text">
				</Data>
			</ExtendedData>
			<Polygon>
				<outerBoundaryIs>
					<LinearRing>
						<tessellate>1</tessellate>
						<coordinates>
							75.019132,15.399071,0 75.019048,15.399176,0 75.01899400000001,15.399008,0 75.01910100000001,15.39898,0 75.019132,15.399071,0 
						</coordinates>
					</LinearRing>
				</outerBoundaryIs>
			</Polygon>
		</Placemark>
		<Placemark>
			<name>215</name>
			<description>📍 West Facing  Plot
📐 9m x 9m x 12m x 12m
📏 1162.5 square feet</description>
			<styleUrl>#poly-C9AD99-1-255</styleUrl>
			<ExtendedData>
				<Data name="fid">
				</Data>
				<Data name="Layer">
				</Data>
				<Data name="SubClasses">
				</Data>
				<Data name="EntityHandle">
				</Data>
				<Data name="Text">
				</Data>
			</ExtendedData>
			<Polygon>
				<outerBoundaryIs>
					<LinearRing>
						<tessellate>1</tessellate>
						<coordinates>
							75.018969,15.39893,0 75.019077,15.3989,0 75.01910100000001,15.39898,0 75.01899400000001,15.399008,0 75.018969,15.39893,0 
						</coordinates>
					</LinearRing>
				</outerBoundaryIs>
			</Polygon>
		</Placemark>
		<Placemark>
			<name>216</name>
			<description>📍 West Facing  Plot
📐 9m x 9m x 12m x 12m
📏 1162.5 square feet</description>
			<styleUrl>#poly-C9AD99-1-255</styleUrl>
			<ExtendedData>
				<Data name="fid">
				</Data>
				<Data name="Layer">
				</Data>
				<Data name="SubClasses">
				</Data>
				<Data name="EntityHandle">
				</Data>
				<Data name="Text">
				</Data>
			</ExtendedData>
			<Polygon>
				<outerBoundaryIs>
					<LinearRing>
						<tessellate>1</tessellate>
						<coordinates>
							75.018944,15.398852,0 75.019052,15.398822,0 75.019076,15.398899,0 75.018968,15.39893,0 75.018944,15.398852,0 
						</coordinates>
					</LinearRing>
				</outerBoundaryIs>
			</Polygon>
		</Placemark>
		<Placemark>
			<name>217</name>
			<description>📍 West Facing  Plot
📐 9m x 9m x 12m x 12m
📏 1162.5 square feet</description>
			<styleUrl>#poly-C9AD99-1-255</styleUrl>
			<ExtendedData>
				<Data name="fid">
				</Data>
				<Data name="Layer">
				</Data>
				<Data name="SubClasses">
				</Data>
				<Data name="EntityHandle">
				</Data>
				<Data name="Text">
				</Data>
			</ExtendedData>
			<Polygon>
				<outerBoundaryIs>
					<LinearRing>
						<tessellate>1</tessellate>
						<coordinates>
							75.01891999999999,15.398775,0 75.01902800000001,15.398745,0 75.019052,15.398821,0 75.018945,15.398853,0 75.01891999999999,15.398775,0 
						</coordinates>
					</LinearRing>
				</outerBoundaryIs>
			</Polygon>
		</Placemark>
		<Placemark>
			<name>218</name>
			<description>📍 West Facing  Plot
📐 9m x 9m x 12m x 12m
📏 1162.5 square feet</description>
			<styleUrl>#poly-C9AD99-1-255</styleUrl>
			<ExtendedData>
				<Data name="fid">
				</Data>
				<Data name="Layer">
				</Data>
				<Data name="SubClasses">
				</Data>
				<Data name="EntityHandle">
				</Data>
				<Data name="Text">
				</Data>
			</ExtendedData>
			<Polygon>
				<outerBoundaryIs>
					<LinearRing>
						<tessellate>1</tessellate>
						<coordinates>
							75.01902800000001,15.398745,0 75.01891999999999,15.398775,0 75.018897,15.3987,0 75.01900500000001,15.398669,0 75.01902800000001,15.398745,0 
						</coordinates>
					</LinearRing>
				</outerBoundaryIs>
			</Polygon>
		</Placemark>
		<Placemark>
			<name>219</name>
			<description>📍 West Facing  Plot
📐 9m x 9m x 12m x 12m
📏 1162.5 square feet</description>
			<styleUrl>#poly-C9AD99-1-255</styleUrl>
			<ExtendedData>
				<Data name="fid">
				</Data>
				<Data name="Layer">
				</Data>
				<Data name="SubClasses">
				</Data>
				<Data name="EntityHandle">
				</Data>
				<Data name="Text">
				</Data>
			</ExtendedData>
			<Polygon>
				<outerBoundaryIs>
					<LinearRing>
						<tessellate>1</tessellate>
						<coordinates>
							75.01900500000001,15.398669,0 75.018897,15.3987,0 75.018873,15.398622,0 75.018981,15.398591,0 75.01900500000001,15.398669,0 
						</coordinates>
					</LinearRing>
				</outerBoundaryIs>
			</Polygon>
		</Placemark>
		<Placemark>
			<name>220</name>
			<description>📍 West Facing  Plot
📐 9m x 9m x 12m x 12m
📏 1162.5 square feet</description>
			<styleUrl>#poly-C9AD99-1-255</styleUrl>
			<ExtendedData>
				<Data name="fid">
				</Data>
				<Data name="Layer">
				</Data>
				<Data name="SubClasses">
				</Data>
				<Data name="EntityHandle">
				</Data>
				<Data name="Text">
				</Data>
			</ExtendedData>
			<Polygon>
				<outerBoundaryIs>
					<LinearRing>
						<tessellate>1</tessellate>
						<coordinates>
							75.018981,15.398591,0 75.018873,15.398622,0 75.01885,15.398546,0 75.018957,15.398515,0 75.018981,15.398591,0 
						</coordinates>
					</LinearRing>
				</outerBoundaryIs>
			</Polygon>
		</Placemark>
		<Placemark>
			<name>221</name>
			<description>📍 West Facing  Plot
📐 9m x 9m x 12m x 12m
📏 1162.5 square feet</description>
			<styleUrl>#poly-C9AD99-1-255</styleUrl>
			<ExtendedData>
				<Data name="fid">
				</Data>
				<Data name="Layer">
				</Data>
				<Data name="SubClasses">
				</Data>
				<Data name="EntityHandle">
				</Data>
				<Data name="Text">
				</Data>
			</ExtendedData>
			<Polygon>
				<outerBoundaryIs>
					<LinearRing>
						<tessellate>1</tessellate>
						<coordinates>
							75.018957,15.398515,0 75.01885,15.398546,0 75.018826,15.398467,0 75.018933,15.398436,0 75.018957,15.398515,0 
						</coordinates>
					</LinearRing>
				</outerBoundaryIs>
			</Polygon>
		</Placemark>
		<Placemark>
			<name>222</name>
			<description>📍 West Facing  Plot
📐 9m x 9m x 12m x 12m
📏 1162.5 square feet</description>
			<styleUrl>#poly-C9AD99-1-255</styleUrl>
			<ExtendedData>
				<Data name="fid">
				</Data>
				<Data name="Layer">
				</Data>
				<Data name="SubClasses">
				</Data>
				<Data name="EntityHandle">
				</Data>
				<Data name="Text">
				</Data>
			</ExtendedData>
			<Polygon>
				<outerBoundaryIs>
					<LinearRing>
						<tessellate>1</tessellate>
						<coordinates>
							75.018933,15.398436,0 75.018826,15.398467,0 75.01880199999999,15.398391,0 75.01890899999999,15.398359,0 75.018933,15.398436,0 
						</coordinates>
					</LinearRing>
				</outerBoundaryIs>
			</Polygon>
		</Placemark>
		<Placemark>
			<name>223</name>
			<description>📍 West Facing  Plot
📐 9m x 9m x 12m x 12m
📏 1162.5 square feet</description>
			<styleUrl>#poly-C9AD99-1-255</styleUrl>
			<ExtendedData>
				<Data name="fid">
				</Data>
				<Data name="Layer">
				</Data>
				<Data name="SubClasses">
				</Data>
				<Data name="EntityHandle">
				</Data>
				<Data name="Text">
				</Data>
			</ExtendedData>
			<Polygon>
				<outerBoundaryIs>
					<LinearRing>
						<tessellate>1</tessellate>
						<coordinates>
							75.01877500000001,15.398311,0 75.018883,15.398281,0 75.018907,15.398358,0 75.018799,15.398389,0 75.01877500000001,15.398311,0 
						</coordinates>
					</LinearRing>
				</outerBoundaryIs>
			</Polygon>
		</Placemark>
		<Placemark>
			<name>224</name>
			<description>📍 West Facing  Plot
📐 9m x 9m x 12m x 12m
📏 1162.5 square feet</description>
			<styleUrl>#poly-C9AD99-1-255</styleUrl>
			<ExtendedData>
				<Data name="fid">
				</Data>
				<Data name="Layer">
				</Data>
				<Data name="SubClasses">
				</Data>
				<Data name="EntityHandle">
				</Data>
				<Data name="Text">
				</Data>
			</ExtendedData>
			<Polygon>
				<outerBoundaryIs>
					<LinearRing>
						<tessellate>1</tessellate>
						<coordinates>
							75.018883,15.398281,0 75.01877500000001,15.398311,0 75.01875200000001,15.398237,0 75.01885900000001,15.398205,0 75.018883,15.398281,0 
						</coordinates>
					</LinearRing>
				</outerBoundaryIs>
			</Polygon>
		</Placemark>
		<Placemark>
			<name>225</name>
			<description>📍 West Facing  Plot
📐 9m x 9m x 12m x 12m
📏 1162.5 square feet</description>
			<styleUrl>#poly-C9AD99-1-255</styleUrl>
			<ExtendedData>
				<Data name="fid">
				</Data>
				<Data name="Layer">
				</Data>
				<Data name="SubClasses">
				</Data>
				<Data name="EntityHandle">
				</Data>
				<Data name="Text">
				</Data>
			</ExtendedData>
			<Polygon>
				<outerBoundaryIs>
					<LinearRing>
						<tessellate>1</tessellate>
						<coordinates>
							75.01885900000001,15.398205,0 75.01875200000001,15.398237,0 75.018727,15.398159,0 75.018834,15.398128,0 75.01885900000001,15.398205,0 
						</coordinates>
					</LinearRing>
				</outerBoundaryIs>
			</Polygon>
		</Placemark>
		<Placemark>
			<name>226</name>
			<description>📍 West Facing  Plot
📐 9m x 9m x 12m x 12m
📏 1162.5 square feet</description>
			<styleUrl>#poly-C9AD99-1-255</styleUrl>
			<ExtendedData>
				<Data name="fid">
				</Data>
				<Data name="Layer">
				</Data>
				<Data name="SubClasses">
				</Data>
				<Data name="EntityHandle">
				</Data>
				<Data name="Text">
				</Data>
			</ExtendedData>
			<Polygon>
				<outerBoundaryIs>
					<LinearRing>
						<tessellate>1</tessellate>
						<coordinates>
							75.018834,15.398128,0 75.018727,15.398159,0 75.018705,15.398083,0 75.01881,15.398052,0 75.018834,15.398128,0 
						</coordinates>
					</LinearRing>
				</outerBoundaryIs>
			</Polygon>
		</Placemark>
		<Placemark>
			<name>227</name>
			<description>📍 West Facing  Plot
📐 9m x 9m x 12m x 12m
📏 1162.5 square feet</description>
			<styleUrl>#poly-C9AD99-1-255</styleUrl>
			<ExtendedData>
				<Data name="fid">
				</Data>
				<Data name="Layer">
				</Data>
				<Data name="SubClasses">
				</Data>
				<Data name="EntityHandle">
				</Data>
				<Data name="Text">
				</Data>
			</ExtendedData>
			<Polygon>
				<outerBoundaryIs>
					<LinearRing>
						<tessellate>1</tessellate>
						<coordinates>
							75.01881,15.398052,0 75.018705,15.398083,0 75.01868,15.398004,0 75.01878499999999,15.397973,0 75.01881,15.398052,0 
						</coordinates>
					</LinearRing>
				</outerBoundaryIs>
			</Polygon>
		</Placemark>
		<Placemark>
			<name>228</name>
			<description>📍 South-West Facing Corner  Plot
📐 9m x 9m x 12m x 12m
📏 1162.5 square feet</description>
			<styleUrl>#poly-C9AD99-1-255</styleUrl>
			<ExtendedData>
				<Data name="fid">
				</Data>
				<Data name="Layer">
				</Data>
				<Data name="SubClasses">
				</Data>
				<Data name="EntityHandle">
				</Data>
				<Data name="Text">
				</Data>
			</ExtendedData>
			<Polygon>
				<outerBoundaryIs>
					<LinearRing>
						<tessellate>1</tessellate>
						<coordinates>
							75.01878499999999,15.397973,0 75.01868,15.398004,0 75.01865599999999,15.397928,0 75.018761,15.397897,0 75.01878499999999,15.397973,0 
						</coordinates>
					</LinearRing>
				</outerBoundaryIs>
			</Polygon>
		</Placemark>
		<Placemark>
			<name>229</name>
			<description>📍 North-West Facing Corner  Plot
📐 12m x 12m x 12m x 12m
📏 1550 square feet</description>
			<styleUrl>#poly-D2B875-1-255</styleUrl>
			<ExtendedData>
				<Data name="fid">
				</Data>
				<Data name="Layer">
				</Data>
				<Data name="SubClasses">
				</Data>
				<Data name="EntityHandle">
				</Data>
				<Data name="Text">
				</Data>
			</ExtendedData>
			<Polygon>
				<outerBoundaryIs>
					<LinearRing>
						<tessellate>1</tessellate>
						<coordinates>
							75.01862,15.397825,0 75.01859,15.397724,0 75.018698,15.397692,0 75.01873000000001,15.397794,0 75.01862,15.397825,0 
						</coordinates>
					</LinearRing>
				</outerBoundaryIs>
			</Polygon>
		</Placemark>
		<Placemark>
			<name>230</name>
			<description>📍 West Facing  Plot
📐 9m x 9m x 12m x 12m
📏 1162.5 square feet</description>
			<styleUrl>#poly-C9AD99-1-255</styleUrl>
			<ExtendedData>
				<Data name="fid">
				</Data>
				<Data name="Layer">
				</Data>
				<Data name="SubClasses">
				</Data>
				<Data name="EntityHandle">
				</Data>
				<Data name="Text">
				</Data>
			</ExtendedData>
			<Polygon>
				<outerBoundaryIs>
					<LinearRing>
						<tessellate>1</tessellate>
						<coordinates>
							75.018565,15.397646,0 75.01867300000001,15.397616,0 75.018698,15.397692,0 75.01859,15.397724,0 75.018565,15.397646,0 
						</coordinates>
					</LinearRing>
				</outerBoundaryIs>
			</Polygon>
		</Placemark>
		<Placemark>
			<name>231</name>
			<description>📍 West Facing  Plot
📐 9m x 9m x 12m x 12m
📏 1162.5 square feet</description>
			<styleUrl>#poly-C9AD99-1-255</styleUrl>
			<ExtendedData>
				<Data name="fid">
				</Data>
				<Data name="Layer">
				</Data>
				<Data name="SubClasses">
				</Data>
				<Data name="EntityHandle">
				</Data>
				<Data name="Text">
				</Data>
			</ExtendedData>
			<Polygon>
				<outerBoundaryIs>
					<LinearRing>
						<tessellate>1</tessellate>
						<coordinates>
							75.01867300000001,15.397616,0 75.018565,15.397646,0 75.018541,15.397572,0 75.018649,15.39754,0 75.01867300000001,15.397616,0 
						</coordinates>
					</LinearRing>
				</outerBoundaryIs>
			</Polygon>
		</Placemark>
		<Placemark>
			<name>232</name>
			<description>📍 West Facing  Plot
📐 9m x 9m x 12m x 12m
📏 1162.5 square feet</description>
			<styleUrl>#poly-C9AD99-1-255</styleUrl>
			<ExtendedData>
				<Data name="fid">
				</Data>
				<Data name="Layer">
				</Data>
				<Data name="SubClasses">
				</Data>
				<Data name="EntityHandle">
				</Data>
				<Data name="Text">
				</Data>
			</ExtendedData>
			<Polygon>
				<outerBoundaryIs>
					<LinearRing>
						<tessellate>1</tessellate>
						<coordinates>
							75.018649,15.39754,0 75.018541,15.397572,0 75.018517,15.397494,0 75.018625,15.397462,0 75.018649,15.39754,0 
						</coordinates>
					</LinearRing>
				</outerBoundaryIs>
			</Polygon>
		</Placemark>
		<Placemark>
			<name>233</name>
			<description>📍 West Facing  Plot
📐 9m x 9m x 12m x 12m
📏 1162.5 square feet</description>
			<styleUrl>#poly-C9AD99-1-255</styleUrl>
			<ExtendedData>
				<Data name="fid">
				</Data>
				<Data name="Layer">
				</Data>
				<Data name="SubClasses">
				</Data>
				<Data name="EntityHandle">
				</Data>
				<Data name="Text">
				</Data>
			</ExtendedData>
			<Polygon>
				<outerBoundaryIs>
					<LinearRing>
						<tessellate>1</tessellate>
						<coordinates>
							75.018625,15.397462,0 75.018517,15.397494,0 75.018494,15.397418,0 75.018601,15.397386,0 75.018625,15.397462,0 
						</coordinates>
					</LinearRing>
				</outerBoundaryIs>
			</Polygon>
		</Placemark>
		<Placemark>
			<name>234</name>
			<description>📍 West Facing  Plot
📐 9m x 9m x 12m x 12m
📏 1162.5 square feet</description>
			<styleUrl>#poly-C9AD99-1-255</styleUrl>
			<ExtendedData>
				<Data name="fid">
				</Data>
				<Data name="Layer">
				</Data>
				<Data name="SubClasses">
				</Data>
				<Data name="EntityHandle">
				</Data>
				<Data name="Text">
				</Data>
			</ExtendedData>
			<Polygon>
				<outerBoundaryIs>
					<LinearRing>
						<tessellate>1</tessellate>
						<coordinates>
							75.018601,15.397386,0 75.018494,15.397418,0 75.018469,15.397338,0 75.018576,15.397307,0 75.018601,15.397386,0 
						</coordinates>
					</LinearRing>
				</outerBoundaryIs>
			</Polygon>
		</Placemark>
		<Placemark>
			<name>235</name>
			<description>📍 West Facing  Plot
📐 9m x 9m x 12m x 12m
📏 1162.5 square feet</description>
			<styleUrl>#poly-C9AD99-1-255</styleUrl>
			<ExtendedData>
				<Data name="fid">
				</Data>
				<Data name="Layer">
				</Data>
				<Data name="SubClasses">
				</Data>
				<Data name="EntityHandle">
				</Data>
				<Data name="Text">
				</Data>
			</ExtendedData>
			<Polygon>
				<outerBoundaryIs>
					<LinearRing>
						<tessellate>1</tessellate>
						<coordinates>
							75.018576,15.397307,0 75.018469,15.397338,0 75.018445,15.397263,0 75.018551,15.39723,0 75.018576,15.397307,0 
						</coordinates>
					</LinearRing>
				</outerBoundaryIs>
			</Polygon>
		</Placemark>
		<Placemark>
			<name>236</name>
			<description>📍 South-West Facing Corner  Plot
📐 27.1m x 7.2m x 12m x 23.23m
📏 3251.74 square feet</description>
			<styleUrl>#poly-7A9486-1-2550</styleUrl>
			<ExtendedData>
				<Data name="fid">
				</Data>
				<Data name="Layer">
				</Data>
				<Data name="SubClasses">
				</Data>
				<Data name="EntityHandle">
				</Data>
				<Data name="Text">
				</Data>
			</ExtendedData>
			<Polygon>
				<outerBoundaryIs>
					<LinearRing>
						<tessellate>1</tessellate>
						<coordinates>
							75.018551,15.39723,0 75.018445,15.397263,0 75.01837399999999,15.397034,0 75.01853300000001,15.397172,0 75.018551,15.39723,0 
						</coordinates>
					</LinearRing>
				</outerBoundaryIs>
			</Polygon>
		</Placemark>
		<Placemark>
			<name>238</name>
			<description>📍 South-East Facing Corner  Plot
📐 25.2m x 5.3m x 12m x 23.23m
📏 2891.49 square feet</description>
			<styleUrl>#poly-7A9486-1-2550</styleUrl>
			<ExtendedData>
				<Data name="fid">
				</Data>
				<Data name="Layer">
				</Data>
				<Data name="SubClasses">
				</Data>
				<Data name="EntityHandle">
				</Data>
				<Data name="Text">
				</Data>
			</ExtendedData>
			<Polygon>
				<outerBoundaryIs>
					<LinearRing>
						<tessellate>1</tessellate>
						<coordinates>
							75.018705,15.397355,0 75.018601,15.397386,0 75.01853300000001,15.397172,0 75.018693,15.397309,0 75.018705,15.397355,0 
						</coordinates>
					</LinearRing>
				</outerBoundaryIs>
			</Polygon>
		</Placemark>
		<Placemark>
			<name>239</name>
			<description>📍 East Facing  Plot
📐 9m x 9m x 12m x 12m
📏 1162.5 square feet</description>
			<styleUrl>#poly-plot-EDA29B</styleUrl>
			<ExtendedData>
				<Data name="fid">
				</Data>
				<Data name="Layer">
				</Data>
				<Data name="SubClasses">
				</Data>
				<Data name="EntityHandle">
				</Data>
				<Data name="Text">
				</Data>
			</ExtendedData>
			<Polygon>
				<outerBoundaryIs>
					<LinearRing>
						<tessellate>1</tessellate>
						<coordinates>
							75.01872899999999,15.397432,0 75.018625,15.397462,0 75.018601,15.397386,0 75.018705,15.397355,0 75.01872899999999,15.397432,0 
						</coordinates>
					</LinearRing>
				</outerBoundaryIs>
			</Polygon>
		</Placemark>
		<Placemark>
			<name>240</name>
			<description>📍 East Facing  Plot
📐 9m x 9m x 12m x 12m
📏 1162.5 square feet</description>
			<styleUrl>#poly-plot-EDA29B</styleUrl>
			<ExtendedData>
				<Data name="fid">
				</Data>
				<Data name="Layer">
				</Data>
				<Data name="SubClasses">
				</Data>
				<Data name="EntityHandle">
				</Data>
				<Data name="Text">
				</Data>
			</ExtendedData>
			<Polygon>
				<outerBoundaryIs>
					<LinearRing>
						<tessellate>1</tessellate>
						<coordinates>
							75.018754,15.39751,0 75.018649,15.39754,0 75.018625,15.397462,0 75.01872899999999,15.397432,0 75.018754,15.39751,0 
						</coordinates>
					</LinearRing>
				</outerBoundaryIs>
			</Polygon>
		</Placemark>
		<Placemark>
			<name>241</name>
			<description>📍 East Facing  Plot
📐 9m x 9m x 12m x 12m
📏 1162.5 square feet</description>
			<styleUrl>#poly-plot-EDA29B</styleUrl>
			<ExtendedData>
				<Data name="fid">
				</Data>
				<Data name="Layer">
				</Data>
				<Data name="SubClasses">
				</Data>
				<Data name="EntityHandle">
				</Data>
				<Data name="Text">
				</Data>
			</ExtendedData>
			<Polygon>
				<outerBoundaryIs>
					<LinearRing>
						<tessellate>1</tessellate>
						<coordinates>
							75.018778,15.397587,0 75.01867300000001,15.397616,0 75.018649,15.39754,0 75.018754,15.39751,0 75.018778,15.397587,0 
						</coordinates>
					</LinearRing>
				</outerBoundaryIs>
			</Polygon>
		</Placemark>
		<Placemark>
			<name>242</name>
			<description>📍 East Facing  Plot
📐 9m x 9m x 12m x 12m
📏 1162.5 square feet</description>
			<styleUrl>#poly-plot-EDA29B</styleUrl>
			<ExtendedData>
				<Data name="fid">
				</Data>
				<Data name="Layer">
				</Data>
				<Data name="SubClasses">
				</Data>
				<Data name="EntityHandle">
				</Data>
				<Data name="Text">
				</Data>
			</ExtendedData>
			<Polygon>
				<outerBoundaryIs>
					<LinearRing>
						<tessellate>1</tessellate>
						<coordinates>
							75.018698,15.397693,0 75.01867300000001,15.397616,0 75.018778,15.397587,0 75.01880300000001,15.397663,0 75.018698,15.397693,0 
						</coordinates>
					</LinearRing>
				</outerBoundaryIs>
			</Polygon>
		</Placemark>
		<Placemark>
			<name>243</name>
			<description>📍 North-East Facing Corner  Plot
📐 12m x 12m x 12m x 12m
📏 1550 square feet</description>
			<styleUrl>#poly-plot-EDA29B</styleUrl>
			<ExtendedData>
				<Data name="fid">
				</Data>
				<Data name="Layer">
				</Data>
				<Data name="SubClasses">
				</Data>
				<Data name="EntityHandle">
				</Data>
				<Data name="Text">
				</Data>
			</ExtendedData>
			<Polygon>
				<outerBoundaryIs>
					<LinearRing>
						<tessellate>1</tessellate>
						<coordinates>
							75.018835,15.397764,0 75.01873000000001,15.397794,0 75.018698,15.397693,0 75.01880300000001,15.397663,0 75.018835,15.397764,0 
						</coordinates>
					</LinearRing>
				</outerBoundaryIs>
			</Polygon>
		</Placemark>
		<Placemark>
			<name>244</name>
			<description>📍 South-East Facing Corner  Plot
📐 9m x 9m x 12m x 12m
📏 1162.5 square feet</description>
			<styleUrl>#poly-C9AD99-1-255</styleUrl>
			<ExtendedData>
				<Data name="fid">
				</Data>
				<Data name="Layer">
				</Data>
				<Data name="SubClasses">
				</Data>
				<Data name="EntityHandle">
				</Data>
				<Data name="Text">
				</Data>
			</ExtendedData>
			<Polygon>
				<outerBoundaryIs>
					<LinearRing>
						<tessellate>1</tessellate>
						<coordinates>
							75.018761,15.397897,0 75.018869,15.397866,0 75.01889300000001,15.397942,0 75.01878499999999,15.397973,0 75.018761,15.397897,0 
						</coordinates>
					</LinearRing>
				</outerBoundaryIs>
			</Polygon>
		</Placemark>
		<Placemark>
			<name>245</name>
			<description>📍 East Facing  Plot
📐 9m x 9m x 12m x 12m
📏 1162.5 square feet</description>
			<styleUrl>#poly-C9AD99-1-255</styleUrl>
			<ExtendedData>
				<Data name="fid">
				</Data>
				<Data name="Layer">
				</Data>
				<Data name="SubClasses">
				</Data>
				<Data name="EntityHandle">
				</Data>
				<Data name="Text">
				</Data>
			</ExtendedData>
			<Polygon>
				<outerBoundaryIs>
					<LinearRing>
						<tessellate>1</tessellate>
						<coordinates>
							75.01878499999999,15.397973,0 75.01889300000001,15.397942,0 75.018918,15.39802,0 75.01881,15.398052,0 75.01878499999999,15.397973,0 
						</coordinates>
					</LinearRing>
				</outerBoundaryIs>
			</Polygon>
		</Placemark>
		<Placemark>
			<name>246</name>
			<description>📍 East Facing  Plot
📐 9m x 9m x 12m x 12m
📏 1162.5 square feet</description>
			<styleUrl>#poly-C9AD99-1-255</styleUrl>
			<ExtendedData>
				<Data name="fid">
				</Data>
				<Data name="Layer">
				</Data>
				<Data name="SubClasses">
				</Data>
				<Data name="EntityHandle">
				</Data>
				<Data name="Text">
				</Data>
			</ExtendedData>
			<Polygon>
				<outerBoundaryIs>
					<LinearRing>
						<tessellate>1</tessellate>
						<coordinates>
							75.01881,15.398052,0 75.018918,15.39802,0 75.018942,15.398096,0 75.018834,15.398127,0 75.01881,15.398052,0 
						</coordinates>
					</LinearRing>
				</outerBoundaryIs>
			</Polygon>
		</Placemark>
		<Placemark>
			<name>247</name>
			<description>📍 East Facing  Plot
📐 9m x 9m x 12m x 12m
📏 1162.5 square feet</description>
			<styleUrl>#poly-C9AD99-1-255</styleUrl>
			<ExtendedData>
				<Data name="fid">
				</Data>
				<Data name="Layer">
				</Data>
				<Data name="SubClasses">
				</Data>
				<Data name="EntityHandle">
				</Data>
				<Data name="Text">
				</Data>
			</ExtendedData>
			<Polygon>
				<outerBoundaryIs>
					<LinearRing>
						<tessellate>1</tessellate>
						<coordinates>
							75.018834,15.398127,0 75.018942,15.398096,0 75.01896600000001,15.398174,0 75.01885900000001,15.398205,0 75.018834,15.398127,0 
						</coordinates>
					</LinearRing>
				</outerBoundaryIs>
			</Polygon>
		</Placemark>
		<Placemark>
			<name>248</name>
			<description>📍 East Facing  Plot
📐 9m x 9m x 12m x 12m
📏 1162.5 square feet</description>
			<styleUrl>#poly-C9AD99-1-255</styleUrl>
			<ExtendedData>
				<Data name="fid">
				</Data>
				<Data name="Layer">
				</Data>
				<Data name="SubClasses">
				</Data>
				<Data name="EntityHandle">
				</Data>
				<Data name="Text">
				</Data>
			</ExtendedData>
			<Polygon>
				<outerBoundaryIs>
					<LinearRing>
						<tessellate>1</tessellate>
						<coordinates>
							75.01885900000001,15.398205,0 75.01896600000001,15.398174,0 75.018991,15.39825,0 75.018883,15.398281,0 75.01885900000001,15.398205,0 
						</coordinates>
					</LinearRing>
				</outerBoundaryIs>
			</Polygon>
		</Placemark>
		<Placemark>
			<name>249</name>
			<description>📍 East Facing  Plot
📐 9m x 9m x 12m x 12m
📏 1162.5 square feet</description>
			<styleUrl>#poly-C9AD99-1-255</styleUrl>
			<ExtendedData>
				<Data name="fid">
				</Data>
				<Data name="Layer">
				</Data>
				<Data name="SubClasses">
				</Data>
				<Data name="EntityHandle">
				</Data>
				<Data name="Text">
				</Data>
			</ExtendedData>
			<Polygon>
				<outerBoundaryIs>
					<LinearRing>
						<tessellate>1</tessellate>
						<coordinates>
							75.018883,15.398281,0 75.018991,15.39825,0 75.019015,15.398329,0 75.018908,15.398359,0 75.018883,15.398281,0 
						</coordinates>
					</LinearRing>
				</outerBoundaryIs>
			</Polygon>
		</Placemark>
		<Placemark>
			<name>250</name>
			<description>📍 East Facing  Plot
📐 9m x 9m x 12m x 12m
📏 1162.5 square feet</description>
			<styleUrl>#poly-C9AD99-1-255</styleUrl>
			<ExtendedData>
				<Data name="fid">
				</Data>
				<Data name="Layer">
				</Data>
				<Data name="SubClasses">
				</Data>
				<Data name="EntityHandle">
				</Data>
				<Data name="Text">
				</Data>
			</ExtendedData>
			<Polygon>
				<outerBoundaryIs>
					<LinearRing>
						<tessellate>1</tessellate>
						<coordinates>
							75.018908,15.398359,0 75.019015,15.398329,0 75.01903900000001,15.398405,0 75.01893200000001,15.398436,0 75.018908,15.398359,0 
						</coordinates>
					</LinearRing>
				</outerBoundaryIs>
			</Polygon>
		</Placemark>
		<Placemark>
			<name>251</name>
			<description>📍 East Facing  Plot
📐 9m x 9m x 12m x 12m
📏 1162.5 square feet</description>
			<styleUrl>#poly-C9AD99-1-255</styleUrl>
			<ExtendedData>
				<Data name="fid">
				</Data>
				<Data name="Layer">
				</Data>
				<Data name="SubClasses">
				</Data>
				<Data name="EntityHandle">
				</Data>
				<Data name="Text">
				</Data>
			</ExtendedData>
			<Polygon>
				<outerBoundaryIs>
					<LinearRing>
						<tessellate>1</tessellate>
						<coordinates>
							75.01893200000001,15.398436,0 75.01903900000001,15.398405,0 75.019064,15.398484,0 75.018957,15.398514,0 75.01893200000001,15.398436,0 
						</coordinates>
					</LinearRing>
				</outerBoundaryIs>
			</Polygon>
		</Placemark>
		<Placemark>
			<name>252</name>
			<description>📍 East Facing  Plot
📐 9m x 9m x 12m x 12m
📏 1162.5 square feet</description>
			<styleUrl>#poly-C9AD99-1-255</styleUrl>
			<ExtendedData>
				<Data name="fid">
				</Data>
				<Data name="Layer">
				</Data>
				<Data name="SubClasses">
				</Data>
				<Data name="EntityHandle">
				</Data>
				<Data name="Text">
				</Data>
			</ExtendedData>
			<Polygon>
				<outerBoundaryIs>
					<LinearRing>
						<tessellate>1</tessellate>
						<coordinates>
							75.018957,15.398514,0 75.019064,15.398484,0 75.019088,15.398561,0 75.01898,15.39859,0 75.018957,15.398514,0 
						</coordinates>
					</LinearRing>
				</outerBoundaryIs>
			</Polygon>
		</Placemark>
		<Placemark>
			<name>253</name>
			<description>📍 East Facing  Plot
📐 9m x 9m x 12m x 12m
📏 1162.5 square feet</description>
			<styleUrl>#poly-C9AD99-1-255</styleUrl>
			<ExtendedData>
				<Data name="fid">
				</Data>
				<Data name="Layer">
				</Data>
				<Data name="SubClasses">
				</Data>
				<Data name="EntityHandle">
				</Data>
				<Data name="Text">
				</Data>
			</ExtendedData>
			<Polygon>
				<outerBoundaryIs>
					<LinearRing>
						<tessellate>1</tessellate>
						<coordinates>
							75.01898,15.39859,0 75.019088,15.398561,0 75.01911200000001,15.398639,0 75.01900500000001,15.398669,0 75.01898,15.39859,0 
						</coordinates>
					</LinearRing>
				</outerBoundaryIs>
			</Polygon>
		</Placemark>
		<Placemark>
			<name>254</name>
			<description>📍 East Facing  Plot
📐 9m x 9m x 12m x 12m
📏 1162.5 square feet</description>
			<styleUrl>#poly-C9AD99-1-255</styleUrl>
			<ExtendedData>
				<Data name="fid">
				</Data>
				<Data name="Layer">
				</Data>
				<Data name="SubClasses">
				</Data>
				<Data name="EntityHandle">
				</Data>
				<Data name="Text">
				</Data>
			</ExtendedData>
			<Polygon>
				<outerBoundaryIs>
					<LinearRing>
						<tessellate>1</tessellate>
						<coordinates>
							75.01900500000001,15.398669,0 75.01911200000001,15.398639,0 75.019136,15.398714,0 75.019029,15.398744,0 75.01900500000001,15.398669,0 
						</coordinates>
					</LinearRing>
				</outerBoundaryIs>
			</Polygon>
		</Placemark>
		<Placemark>
			<name>255</name>
			<description>📍 East Facing  Plot
📐 9m x 9m x 12m x 12m
📏 1162.5 square feet</description>
			<styleUrl>#poly-C9AD99-1-255</styleUrl>
			<ExtendedData>
				<Data name="fid">
				</Data>
				<Data name="Layer">
				</Data>
				<Data name="SubClasses">
				</Data>
				<Data name="EntityHandle">
				</Data>
				<Data name="Text">
				</Data>
			</ExtendedData>
			<Polygon>
				<outerBoundaryIs>
					<LinearRing>
						<tessellate>1</tessellate>
						<coordinates>
							75.019029,15.398744,0 75.019136,15.398714,0 75.01916,15.398791,0 75.019053,15.398821,0 75.019029,15.398744,0 
						</coordinates>
					</LinearRing>
				</outerBoundaryIs>
			</Polygon>
		</Placemark>
		<Placemark>
			<name>256</name>
			<description>📍 East Facing  Plot
📐 9m x 9m x 12m x 12m
📏 1162.5 square feet</description>
			<styleUrl>#poly-C9AD99-1-255</styleUrl>
			<ExtendedData>
				<Data name="fid">
				</Data>
				<Data name="Layer">
				</Data>
				<Data name="SubClasses">
				</Data>
				<Data name="EntityHandle">
				</Data>
				<Data name="Text">
				</Data>
			</ExtendedData>
			<Polygon>
				<outerBoundaryIs>
					<LinearRing>
						<tessellate>1</tessellate>
						<coordinates>
							75.019053,15.398821,0 75.01916,15.398791,0 75.019184,15.398869,0 75.019077,15.398898,0 75.019053,15.398821,0 
						</coordinates>
					</LinearRing>
				</outerBoundaryIs>
			</Polygon>
		</Placemark>
		<Placemark>
			<name>257</name>
			<description>📍 North-East Facing Corner  Plot
📐 19.7m x 11.1m x 14.8m x 12m
📏 2221.24 square feet</description>
			<styleUrl>#poly-7A9486-1-2550</styleUrl>
			<ExtendedData>
				<Data name="fid">
				</Data>
				<Data name="Layer">
				</Data>
				<Data name="SubClasses">
				</Data>
				<Data name="EntityHandle">
				</Data>
				<Data name="Text">
				</Data>
			</ExtendedData>
			<Polygon>
				<outerBoundaryIs>
					<LinearRing>
						<tessellate>1</tessellate>
						<coordinates>
							75.019132,15.399071,0 75.019077,15.398898,0 75.019184,15.398869,0 75.019215,15.398967,0 75.019132,15.399071,0 
						</coordinates>
					</LinearRing>
				</outerBoundaryIs>
			</Polygon>
		</Placemark>
		<Placemark>
			<name>Start</name>
			<LookAt>
				<longitude>75.01607736698033</longitude>
				<latitude>15.39717917043851</latitude>
				<altitude>0</altitude>
				<heading>-0.0002890450330027412</heading>
				<tilt>9.572162793935023</tilt>
				<range>436.2890005730894</range>
				<gx:altitudeMode>relativeToSeaFloor</gx:altitudeMode>
			</LookAt>
			<styleUrl>#m_ylw-pushpin0</styleUrl>
			<Point>
				<gx:drawOrder>1</gx:drawOrder>
				<coordinates>75.01516163298791,15.39683655489567,0</coordinates>
			</Point>
		</Placemark>
		<Placemark>
			<name>Border</name>
			<open>1</open>
			<description><![CDATA[<br><br>fid: 1<br>Layer: Layer 14<br>SubClasses: AcDbEntity:AcDbPolyline<br>EntityHandle: 7F<br>Text:]]></description>
			<styleUrl>#line-000000-1000</styleUrl>
			<ExtendedData>
				<Data name="fid">
					<value>1</value>
				</Data>
				<Data name="Layer">
					<value>Layer 14</value>
				</Data>
				<Data name="SubClasses">
					<value>AcDbEntity:AcDbPolyline</value>
				</Data>
				<Data name="EntityHandle">
					<value>7F</value>
				</Data>
				<Data name="Text">
				</Data>
			</ExtendedData>
			<MultiGeometry>
				<LineString>
					<tessellate>1</tessellate>
					<coordinates>
						75.01745,15.397852,0 75.017307,15.397767,0 75.017287,15.397707,0 75.017393,15.397676,0 75.01745,15.397852,0 
					</coordinates>
				</LineString>
				<LineString>
					<tessellate>1</tessellate>
					<coordinates>
						75.017393,15.397676,0 75.017287,15.397707,0 75.017262,15.397629,0 75.017368,15.397598,0 75.017393,15.397676,0 
					</coordinates>
				</LineString>
				<LineString>
					<tessellate>1</tessellate>
					<coordinates>
						75.017368,15.397598,0 75.017262,15.397629,0 75.01723699999999,15.397552,0 75.01734399999999,15.397523,0 75.017368,15.397598,0 
					</coordinates>
				</LineString>
				<LineString>
					<tessellate>1</tessellate>
					<coordinates>
						75.01734399999999,15.397523,0 75.01723699999999,15.397552,0 75.017213,15.397475,0 75.017319,15.397445,0 75.01734399999999,15.397523,0 
					</coordinates>
				</LineString>
				<LineString>
					<tessellate>1</tessellate>
					<coordinates>
						75.017319,15.397445,0 75.017213,15.397475,0 75.017188,15.3974,0 75.017295,15.397369,0 75.017319,15.397445,0 
					</coordinates>
				</LineString>
				<LineString>
					<tessellate>1</tessellate>
					<coordinates>
						75.017295,15.397369,0 75.017188,15.3974,0 75.01716399999999,15.397324,0 75.01727099999999,15.397292,0 75.017295,15.397369,0 
					</coordinates>
				</LineString>
				<LineString>
					<tessellate>1</tessellate>
					<coordinates>
						75.01727099999999,15.397292,0 75.01716399999999,15.397324,0 75.017139,15.397246,0 75.017247,15.397216,0 75.01727099999999,15.397292,0 
					</coordinates>
				</LineString>
				<LineString>
					<tessellate>1</tessellate>
					<coordinates>
						75.017247,15.397216,0 75.017139,15.397246,0 75.017115,15.39717,0 75.017222,15.397139,0 75.017247,15.397216,0 
					</coordinates>
				</LineString>
				<LineString>
					<tessellate>1</tessellate>
					<coordinates>
						75.017222,15.397139,0 75.017115,15.39717,0 75.01709,15.397092,0 75.01719799999999,15.397062,0 75.017222,15.397139,0 
					</coordinates>
				</LineString>
				<LineString>
					<tessellate>1</tessellate>
					<coordinates>
						75.01719799999999,15.397062,0 75.01709,15.397092,0 75.017066,15.397015,0 75.01717499999999,15.396985,0 75.01719799999999,15.397062,0 
					</coordinates>
				</LineString>
				<LineString>
					<tessellate>1</tessellate>
					<coordinates>
						75.01717499999999,15.396985,0 75.017066,15.397015,0 75.017043,15.39694,0 75.017151,15.396909,0 75.01717499999999,15.396985,0 
					</coordinates>
				</LineString>
				<LineString>
					<tessellate>1</tessellate>
					<coordinates>
						75.017043,15.39694,0 75.017027,15.396892,0 75.017132,15.396849,0 75.017151,15.396909,0 75.017043,15.39694,0 
					</coordinates>
				</LineString>
				<LineString>
					<tessellate>1</tessellate>
					<coordinates>
						75.017132,15.396849,0 75.017256,15.396798,0 75.017279,15.396873,0 75.017151,15.396909,0 75.017132,15.396849,0 
					</coordinates>
				</LineString>
				<LineString>
					<tessellate>1</tessellate>
					<coordinates>
						75.01717499999999,15.396985,0 75.017151,15.396909,0 75.017279,15.396873,0 75.017302,15.396951,0 75.01717499999999,15.396985,0 
					</coordinates>
				</LineString>
				<LineString>
					<tessellate>1</tessellate>
					<coordinates>
						75.01719799999999,15.397062,0 75.01717499999999,15.396985,0 75.017302,15.396951,0 75.017325,15.397026,0 75.01719799999999,15.397062,0 
					</coordinates>
				</LineString>
				<LineString>
					<tessellate>1</tessellate>
					<coordinates>
						75.017222,15.397139,0 75.01719799999999,15.397062,0 75.017325,15.397026,0 75.017349,15.397103,0 75.017222,15.397139,0 
					</coordinates>
				</LineString>
				<LineString>
					<tessellate>1</tessellate>
					<coordinates>
						75.01737300000001,15.397181,0 75.017247,15.397216,0 75.017222,15.397139,0 75.017349,15.397103,0 75.01737300000001,15.397181,0 
					</coordinates>
				</LineString>
				<LineString>
					<tessellate>1</tessellate>
					<coordinates>
						75.01727099999999,15.397292,0 75.017247,15.397216,0 75.01737300000001,15.397181,0 75.01739600000001,15.397256,0 75.01727099999999,15.397292,0 
					</coordinates>
				</LineString>
				<LineString>
					<tessellate>1</tessellate>
					<coordinates>
						75.01742,15.397333,0 75.017295,15.397369,0 75.01727099999999,15.397292,0 75.01739600000001,15.397256,0 75.01742,15.397333,0 
					</coordinates>
				</LineString>
				<LineString>
					<tessellate>1</tessellate>
					<coordinates>
						75.017319,15.397445,0 75.017295,15.397369,0 75.01742,15.397333,0 75.017443,15.397409,0 75.017319,15.397445,0 
					</coordinates>
				</LineString>
				<LineString>
					<tessellate>1</tessellate>
					<coordinates>
						75.01746799999999,15.397488,0 75.01734399999999,15.397523,0 75.017319,15.397445,0 75.017443,15.397409,0 75.01746799999999,15.397488,0 
					</coordinates>
				</LineString>
				<LineString>
					<tessellate>1</tessellate>
					<coordinates>
						75.017368,15.397598,0 75.01734399999999,15.397523,0 75.01746799999999,15.397488,0 75.01749100000001,15.397562,0 75.017368,15.397598,0 
					</coordinates>
				</LineString>
				<LineString>
					<tessellate>1</tessellate>
					<coordinates>
						75.017393,15.397676,0 75.017368,15.397598,0 75.01749100000001,15.397562,0 75.017516,15.397641,0 75.017393,15.397676,0 
					</coordinates>
				</LineString>
				<LineString>
					<tessellate>1</tessellate>
					<coordinates>
						75.017393,15.397676,0 75.017516,15.397641,0 75.01754,15.397717,0 75.01741699999999,15.397752,0 75.017393,15.397676,0 
					</coordinates>
				</LineString>
				<LineString>
					<tessellate>1</tessellate>
					<coordinates>
						75.01745,15.397852,0 75.01741699999999,15.397752,0 75.01754,15.397717,0 75.01761399999999,15.39795,0 75.01745,15.397852,0 
					</coordinates>
				</LineString>
				<LineString>
					<tessellate>1</tessellate>
					<coordinates>
						75.01812,15.398924,0 75.01802499999999,15.39895,0 75.01800900000001,15.398939,0 75.017965,15.398801,0 75.018074,15.39877,0 75.01812,15.398924,0 
					</coordinates>
				</LineString>
				<LineString>
					<tessellate>1</tessellate>
					<coordinates>
						75.018074,15.39877,0 75.017965,15.398801,0 75.01794099999999,15.398722,0 75.018049,15.398691,0 75.018074,15.39877,0 
					</coordinates>
				</LineString>
				<LineString>
					<tessellate>1</tessellate>
					<coordinates>
						75.018049,15.398691,0 75.01794099999999,15.398722,0 75.01791799999999,15.398647,0 75.01802600000001,15.398615,0 75.018049,15.398691,0 
					</coordinates>
				</LineString>
				<LineString>
					<tessellate>1</tessellate>
					<coordinates>
						75.01802600000001,15.398615,0 75.01791799999999,15.398647,0 75.017895,15.398572,0 75.01800299999999,15.39854,0 75.01802600000001,15.398615,0 
					</coordinates>
				</LineString>
				<LineString>
					<tessellate>1</tessellate>
					<coordinates>
						75.01800299999999,15.39854,0 75.017895,15.398572,0 75.017871,15.398493,0 75.017979,15.398461,0 75.01800299999999,15.39854,0 
					</coordinates>
				</LineString>
				<LineString>
					<tessellate>1</tessellate>
					<coordinates>
						75.017979,15.398461,0 75.017871,15.398493,0 75.017848,15.398418,0 75.017955,15.398386,0 75.017979,15.398461,0 
					</coordinates>
				</LineString>
				<LineString>
					<tessellate>1</tessellate>
					<coordinates>
						75.017955,15.398386,0 75.017848,15.398418,0 75.017825,15.398341,0 75.017932,15.398309,0 75.017955,15.398386,0 
					</coordinates>
				</LineString>
				<LineString>
					<tessellate>1</tessellate>
					<coordinates>
						75.017932,15.398309,0 75.017825,15.398341,0 75.01780100000001,15.398264,0 75.01790800000001,15.398231,0 75.017932,15.398309,0 
					</coordinates>
				</LineString>
				<LineString>
					<tessellate>1</tessellate>
					<coordinates>
						75.01790800000001,15.398231,0 75.01780100000001,15.398264,0 75.017776,15.398184,0 75.017883,15.398153,0 75.01790800000001,15.398231,0 
					</coordinates>
				</LineString>
				<LineString>
					<tessellate>1</tessellate>
					<coordinates>
						75.01785099999999,15.39805,0 75.017805,15.398063,0 75.01772200000001,15.398014,0 75.017686,15.3979,0 75.01779399999999,15.397871,0 75.01785099999999,15.39805,0 
					</coordinates>
				</LineString>
				<LineString>
					<tessellate>1</tessellate>
					<coordinates>
						75.01779399999999,15.397871,0 75.017686,15.3979,0 75.017662,15.397825,0 75.01777,15.397795,0 75.01779399999999,15.397871,0 
					</coordinates>
				</LineString>
				<LineString>
					<tessellate>1</tessellate>
					<coordinates>
						75.01777,15.397795,0 75.017662,15.397825,0 75.01763699999999,15.397746,0 75.01774500000001,15.397716,0 75.01777,15.397795,0 
					</coordinates>
				</LineString>
				<LineString>
					<tessellate>1</tessellate>
					<coordinates>
						75.01774500000001,15.397716,0 75.01763699999999,15.397746,0 75.017613,15.39767,0 75.01772099999999,15.397639,0 75.01774500000001,15.397716,0 
					</coordinates>
				</LineString>
				<LineString>
					<tessellate>1</tessellate>
					<coordinates>
						75.01772099999999,15.397639,0 75.017613,15.39767,0 75.017589,15.397595,0 75.017697,15.397564,0 75.01772099999999,15.397639,0 
					</coordinates>
				</LineString>
				<LineString>
					<tessellate>1</tessellate>
					<coordinates>
						75.017697,15.397564,0 75.017589,15.397595,0 75.01756399999999,15.397516,0 75.017672,15.397485,0 75.017697,15.397564,0 
					</coordinates>
				</LineString>
				<LineString>
					<tessellate>1</tessellate>
					<coordinates>
						75.017672,15.397485,0 75.01756399999999,15.397516,0 75.01754099999999,15.397441,0 75.01764799999999,15.39741,0 75.017672,15.397485,0 
					</coordinates>
				</LineString>
				<LineString>
					<tessellate>1</tessellate>
					<coordinates>
						75.01764799999999,15.39741,0 75.01754099999999,15.397441,0 75.017517,15.397364,0 75.017624,15.397333,0 75.01764799999999,15.39741,0 
					</coordinates>
				</LineString>
				<LineString>
					<tessellate>1</tessellate>
					<coordinates>
						75.017624,15.397333,0 75.017517,15.397364,0 75.017493,15.397287,0 75.0176,15.397255,0 75.017624,15.397333,0 
					</coordinates>
				</LineString>
				<LineString>
					<tessellate>1</tessellate>
					<coordinates>
						75.0176,15.397255,0 75.017493,15.397287,0 75.01746900000001,15.397209,0 75.01757600000001,15.397179,0 75.0176,15.397255,0 
					</coordinates>
				</LineString>
				<LineString>
					<tessellate>1</tessellate>
					<coordinates>
						75.01757600000001,15.397179,0 75.01746900000001,15.397209,0 75.017445,15.397133,0 75.01755300000001,15.397102,0 75.01757600000001,15.397179,0 
					</coordinates>
				</LineString>
				<LineString>
					<tessellate>1</tessellate>
					<coordinates>
						75.01755300000001,15.397102,0 75.017445,15.397133,0 75.017422,15.397059,0 75.01752999999999,15.397028,0 75.01755300000001,15.397102,0 
					</coordinates>
				</LineString>
				<LineString>
					<tessellate>1</tessellate>
					<coordinates>
						75.01752999999999,15.397028,0 75.017422,15.397059,0 75.017398,15.396978,0 75.017505,15.396948,0 75.01752999999999,15.397028,0 
					</coordinates>
				</LineString>
				<LineString>
					<tessellate>1</tessellate>
					<coordinates>
						75.017505,15.396948,0 75.017398,15.396978,0 75.017375,15.396903,0 75.017482,15.396873,0 75.017505,15.396948,0 
					</coordinates>
				</LineString>
				<LineString>
					<tessellate>1</tessellate>
					<coordinates>
						75.017482,15.396873,0 75.017375,15.396903,0 75.017352,15.396829,0 75.017459,15.396797,0 75.017482,15.396873,0 
					</coordinates>
				</LineString>
				<LineString>
					<tessellate>1</tessellate>
					<coordinates>
						75.017352,15.396829,0 75.01733299999999,15.396766,0 75.017436,15.396722,0 75.017459,15.396797,0 75.017352,15.396829,0 
					</coordinates>
				</LineString>
				<LineString>
					<tessellate>1</tessellate>
					<coordinates>
						75.017459,15.396797,0 75.017436,15.396722,0 75.01748000000001,15.396704,0 75.017533,15.396662,0 75.017565,15.396765,0 75.017459,15.396797,0 
					</coordinates>
				</LineString>
				<LineString>
					<tessellate>1</tessellate>
					<coordinates>
						75.017588,15.396843,0 75.017482,15.396873,0 75.017459,15.396797,0 75.017565,15.396765,0 75.017588,15.396843,0 
					</coordinates>
				</LineString>
				<LineString>
					<tessellate>1</tessellate>
					<coordinates>
						75.017611,15.396919,0 75.017505,15.396948,0 75.017482,15.396873,0 75.017588,15.396843,0 75.017611,15.396919,0 
					</coordinates>
				</LineString>
				<LineString>
					<tessellate>1</tessellate>
					<coordinates>
						75.017635,15.396997,0 75.01752999999999,15.397028,0 75.017505,15.396948,0 75.017611,15.396919,0 75.017635,15.396997,0 
					</coordinates>
				</LineString>
				<LineString>
					<tessellate>1</tessellate>
					<coordinates>
						75.017658,15.397073,0 75.01755300000001,15.397102,0 75.01752999999999,15.397028,0 75.017635,15.396997,0 75.017658,15.397073,0 
					</coordinates>
				</LineString>
				<LineString>
					<tessellate>1</tessellate>
					<coordinates>
						75.01768199999999,15.397149,0 75.01757600000001,15.397179,0 75.01755300000001,15.397102,0 75.017658,15.397073,0 75.01768199999999,15.397149,0 
					</coordinates>
				</LineString>
				<LineString>
					<tessellate>1</tessellate>
					<coordinates>
						75.01770500000001,15.397224,0 75.0176,15.397255,0 75.01757600000001,15.397179,0 75.01768199999999,15.397149,0 75.01770500000001,15.397224,0 
					</coordinates>
				</LineString>
				<LineString>
					<tessellate>1</tessellate>
					<coordinates>
						75.017729,15.397302,0 75.017624,15.397333,0 75.0176,15.397255,0 75.01770500000001,15.397224,0 75.017729,15.397302,0 
					</coordinates>
				</LineString>
				<LineString>
					<tessellate>1</tessellate>
					<coordinates>
						75.017753,15.397379,0 75.01764799999999,15.39741,0 75.017624,15.397333,0 75.017729,15.397302,0 75.017753,15.397379,0 
					</coordinates>
				</LineString>
				<LineString>
					<tessellate>1</tessellate>
					<coordinates>
						75.017672,15.397485,0 75.01764799999999,15.39741,0 75.017753,15.397379,0 75.017777,15.397454,0 75.017672,15.397485,0 
					</coordinates>
				</LineString>
				<LineString>
					<tessellate>1</tessellate>
					<coordinates>
						75.017802,15.397534,0 75.017697,15.397564,0 75.017672,15.397485,0 75.017777,15.397454,0 75.017802,15.397534,0 
					</coordinates>
				</LineString>
				<LineString>
					<tessellate>1</tessellate>
					<coordinates>
						75.017826,15.397609,0 75.01772099999999,15.397639,0 75.017697,15.397564,0 75.017802,15.397534,0 75.017826,15.397609,0 
					</coordinates>
				</LineString>
				<LineString>
					<tessellate>1</tessellate>
					<coordinates>
						75.01785,15.397686,0 75.01774500000001,15.397716,0 75.01772099999999,15.397639,0 75.017826,15.397609,0 75.01785,15.397686,0 
					</coordinates>
				</LineString>
				<LineString>
					<tessellate>1</tessellate>
					<coordinates>
						75.017875,15.397765,0 75.01777,15.397795,0 75.01774500000001,15.397716,0 75.01785,15.397686,0 75.017875,15.397765,0 
					</coordinates>
				</LineString>
				<LineString>
					<tessellate>1</tessellate>
					<coordinates>
						75.0179,15.397842,0 75.01779399999999,15.397871,0 75.01777,15.397795,0 75.017875,15.397765,0 75.0179,15.397842,0 
					</coordinates>
				</LineString>
				<LineString>
					<tessellate>1</tessellate>
					<coordinates>
						75.017819,15.397948,0 75.01779399999999,15.397871,0 75.0179,15.397842,0 75.01792399999999,15.397918,0 75.017819,15.397948,0 
					</coordinates>
				</LineString>
				<LineString>
					<tessellate>1</tessellate>
					<coordinates>
						75.017956,15.39802,0 75.01785099999999,15.39805,0 75.017819,15.397948,0 75.01792399999999,15.397918,0 75.017956,15.39802,0 
					</coordinates>
				</LineString>
				<LineString>
					<tessellate>1</tessellate>
					<coordinates>
						75.01801399999999,15.398198,0 75.01790800000001,15.398231,0 75.017883,15.398153,0 75.01799,15.398123,0 75.01801399999999,15.398198,0 
					</coordinates>
				</LineString>
				<LineString>
					<tessellate>1</tessellate>
					<coordinates>
						75.018038,15.398276,0 75.017932,15.398309,0 75.01790800000001,15.398231,0 75.01801399999999,15.398198,0 75.018038,15.398276,0 
					</coordinates>
				</LineString>
				<LineString>
					<tessellate>1</tessellate>
					<coordinates>
						75.018062,15.398355,0 75.017955,15.398386,0 75.017932,15.398309,0 75.018038,15.398276,0 75.018062,15.398355,0 
					</coordinates>
				</LineString>
				<LineString>
					<tessellate>1</tessellate>
					<coordinates>
						75.017979,15.398461,0 75.017955,15.398386,0 75.018062,15.398355,0 75.018085,15.39843,0 75.017979,15.398461,0 
					</coordinates>
				</LineString>
				<LineString>
					<tessellate>1</tessellate>
					<coordinates>
						75.018109,15.398509,0 75.01800299999999,15.39854,0 75.017979,15.398461,0 75.018085,15.398429,0 75.018109,15.398509,0 
					</coordinates>
				</LineString>
				<LineString>
					<tessellate>1</tessellate>
					<coordinates>
						75.01813199999999,15.398584,0 75.01802600000001,15.398615,0 75.01800299999999,15.39854,0 75.018109,15.398509,0 75.01813199999999,15.398584,0 
					</coordinates>
				</LineString>
				<LineString>
					<tessellate>1</tessellate>
					<coordinates>
						75.018156,15.398661,0 75.018049,15.398691,0 75.01802600000001,15.398615,0 75.01813199999999,15.398584,0 75.018156,15.398661,0 
					</coordinates>
				</LineString>
				<LineString>
					<tessellate>1</tessellate>
					<coordinates>
						75.018181,15.39874,0 75.018074,15.39877,0 75.018049,15.398691,0 75.018156,15.398661,0 75.018181,15.39874,0 
					</coordinates>
				</LineString>
				<LineString>
					<tessellate>1</tessellate>
					<coordinates>
						75.018204,15.398817,0 75.018097,15.398846,0 75.018074,15.39877,0 75.01818,15.39874,0 75.018204,15.398817,0 
					</coordinates>
				</LineString>
				<LineString>
					<tessellate>1</tessellate>
					<coordinates>
						75.01822799999999,15.398892,0 75.018204,15.398817,0 75.018097,15.398846,0 75.01812,15.398924,0 75.01822799999999,15.398892,0 
					</coordinates>
				</LineString>
				<LineString>
					<tessellate>1</tessellate>
					<coordinates>
						75.01822799999999,15.398892,0 75.018252,15.39897,0 75.01810999999999,15.399011,0 75.01802499999999,15.39895,0 75.01822799999999,15.398892,0 
					</coordinates>
				</LineString>
				<LineString>
					<tessellate>1</tessellate>
					<coordinates>
						75.018309,15.399155,0 75.018252,15.39897,0 75.01810999999999,15.399011,0 75.018309,15.399155,0 
					</coordinates>
				</LineString>
				<LineString>
					<tessellate>1</tessellate>
					<coordinates>
						75.018536,15.399224,0 75.01844199999999,15.399252,0 75.018422,15.399238,0 75.01837999999999,15.3991,0 75.018488,15.399069,0 75.018536,15.399224,0 
					</coordinates>
				</LineString>
				<LineString>
					<tessellate>1</tessellate>
					<coordinates>
						75.018488,15.399069,0 75.01837999999999,15.3991,0 75.018356,15.399022,0 75.01846399999999,15.398991,0 75.018488,15.399069,0 
					</coordinates>
				</LineString>
				<LineString>
					<tessellate>1</tessellate>
					<coordinates>
						75.01846399999999,15.398991,0 75.018356,15.399022,0 75.018332,15.398946,0 75.01844,15.398914,0 75.01846399999999,15.398991,0 
					</coordinates>
				</LineString>
				<LineString>
					<tessellate>1</tessellate>
					<coordinates>
						75.01844,15.398914,0 75.018332,15.398946,0 75.018308,15.398868,0 75.018416,15.398837,0 75.01844,15.398914,0 
					</coordinates>
				</LineString>
				<LineString>
					<tessellate>1</tessellate>
					<coordinates>
						75.018416,15.398837,0 75.018308,15.398868,0 75.01828399999999,15.398791,0 75.01839200000001,15.398759,0 75.018416,15.398837,0 
					</coordinates>
				</LineString>
				<LineString>
					<tessellate>1</tessellate>
					<coordinates>
						75.01839200000001,15.398759,0 75.01828399999999,15.398791,0 75.01826,15.398714,0 75.018368,15.398683,0 75.01839200000001,15.398759,0 
					</coordinates>
				</LineString>
				<LineString>
					<tessellate>1</tessellate>
					<coordinates>
						75.018368,15.398683,0 75.01826,15.398714,0 75.018236,15.398637,0 75.018344,15.398606,0 75.018368,15.398683,0 
					</coordinates>
				</LineString>
				<LineString>
					<tessellate>1</tessellate>
					<coordinates>
						75.018344,15.398606,0 75.018236,15.398637,0 75.018213,15.39856,0 75.01832,15.398529,0 75.018344,15.398606,0 
					</coordinates>
				</LineString>
				<LineString>
					<tessellate>1</tessellate>
					<coordinates>
						75.01832,15.398529,0 75.018213,15.39856,0 75.01818799999999,15.398482,0 75.01829600000001,15.398451,0 75.01832,15.398529,0 
					</coordinates>
				</LineString>
				<LineString>
					<tessellate>1</tessellate>
					<coordinates>
						75.01829600000001,15.398451,0 75.01818799999999,15.398482,0 75.018165,15.398407,0 75.018272,15.398375,0 75.01829600000001,15.398451,0 
					</coordinates>
				</LineString>
				<LineString>
					<tessellate>1</tessellate>
					<coordinates>
						75.018272,15.398375,0 75.018165,15.398407,0 75.018141,15.39833,0 75.018248,15.398298,0 75.018272,15.398375,0 
					</coordinates>
				</LineString>
				<LineString>
					<tessellate>1</tessellate>
					<coordinates>
						75.018248,15.398298,0 75.018141,15.39833,0 75.018117,15.398252,0 75.018224,15.398221,0 75.018248,15.398298,0 
					</coordinates>
				</LineString>
				<LineString>
					<tessellate>1</tessellate>
					<coordinates>
						75.018224,15.398221,0 75.018117,15.398252,0 75.018092,15.398175,0 75.01819999999999,15.398144,0 75.018224,15.398221,0 
					</coordinates>
				</LineString>
				<LineString>
					<tessellate>1</tessellate>
					<coordinates>
						75.018092,15.398175,0 75.018068,15.398099,0 75.018176,15.398068,0 75.01819999999999,15.398144,0 75.018092,15.398175,0 
					</coordinates>
				</LineString>
				<LineString>
					<tessellate>1</tessellate>
					<coordinates>
						75.018036,15.397997,0 75.01800299999999,15.397895,0 75.01810999999999,15.397863,0 75.018142,15.397965,0 75.018036,15.397997,0 
					</coordinates>
				</LineString>
				<LineString>
					<tessellate>1</tessellate>
					<coordinates>
						75.017977,15.397816,0 75.018086,15.397786,0 75.01810999999999,15.397863,0 75.01800299999999,15.397895,0 75.017977,15.397816,0 
					</coordinates>
				</LineString>
				<LineString>
					<tessellate>1</tessellate>
					<coordinates>
						75.018086,15.397786,0 75.017977,15.397816,0 75.017954,15.397742,0 75.018062,15.397711,0 75.018086,15.397786,0 
					</coordinates>
				</LineString>
				<LineString>
					<tessellate>1</tessellate>
					<coordinates>
						75.018062,15.397711,0 75.017954,15.397742,0 75.017929,15.397663,0 75.01803700000001,15.397632,0 75.018062,15.397711,0 
					</coordinates>
				</LineString>
				<LineString>
					<tessellate>1</tessellate>
					<coordinates>
						75.01803700000001,15.397632,0 75.017929,15.397663,0 75.017905,15.397587,0 75.018013,15.397556,0 75.01803700000001,15.397632,0 
					</coordinates>
				</LineString>
				<LineString>
					<tessellate>1</tessellate>
					<coordinates>
						75.018013,15.397556,0 75.017905,15.397587,0 75.017882,15.397512,0 75.017989,15.397481,0 75.018013,15.397556,0 
					</coordinates>
				</LineString>
				<LineString>
					<tessellate>1</tessellate>
					<coordinates>
						75.017989,15.397481,0 75.017882,15.397512,0 75.01785700000001,15.397434,0 75.01796400000001,15.397402,0 75.017989,15.397481,0 
					</coordinates>
				</LineString>
				<LineString>
					<tessellate>1</tessellate>
					<coordinates>
						75.01796400000001,15.397402,0 75.01785700000001,15.397434,0 75.017833,15.397359,0 75.01794099999999,15.397327,0 75.01796400000001,15.397402,0 
					</coordinates>
				</LineString>
				<LineString>
					<tessellate>1</tessellate>
					<coordinates>
						75.01794099999999,15.397327,0 75.017833,15.397359,0 75.017809,15.397282,0 75.017917,15.39725,0 75.01794099999999,15.397327,0 
					</coordinates>
				</LineString>
				<LineString>
					<tessellate>1</tessellate>
					<coordinates>
						75.017917,15.39725,0 75.017809,15.397282,0 75.017786,15.397205,0 75.017893,15.397173,0 75.017917,15.39725,0 
					</coordinates>
				</LineString>
				<LineString>
					<tessellate>1</tessellate>
					<coordinates>
						75.017893,15.397173,0 75.017786,15.397205,0 75.017762,15.397127,0 75.017869,15.397097,0 75.017893,15.397173,0 
					</coordinates>
				</LineString>
				<LineString>
					<tessellate>1</tessellate>
					<coordinates>
						75.017869,15.397097,0 75.017762,15.397127,0 75.01773799999999,15.39705,0 75.01784600000001,15.39702,0 75.017869,15.397097,0 
					</coordinates>
				</LineString>
				<LineString>
					<tessellate>1</tessellate>
					<coordinates>
						75.01784600000001,15.39702,0 75.01773799999999,15.39705,0 75.01771599999999,15.396977,0 75.01782300000001,15.396945,0 75.01784600000001,15.39702,0 
					</coordinates>
				</LineString>
				<LineString>
					<tessellate>1</tessellate>
					<coordinates>
						75.01782300000001,15.396945,0 75.01771599999999,15.396977,0 75.017691,15.396896,0 75.017798,15.396866,0 75.01782300000001,15.396945,0 
					</coordinates>
				</LineString>
				<LineString>
					<tessellate>1</tessellate>
					<coordinates>
						75.017798,15.396866,0 75.017691,15.396896,0 75.017668,15.39682,0 75.017775,15.39679,0 75.017798,15.396866,0 
					</coordinates>
				</LineString>
				<LineString>
					<tessellate>1</tessellate>
					<coordinates>
						75.017775,15.39679,0 75.017668,15.39682,0 75.017646,15.396747,0 75.017752,15.396714,0 75.017775,15.39679,0 
					</coordinates>
				</LineString>
				<LineString>
					<tessellate>1</tessellate>
					<coordinates>
						75.017646,15.396747,0 75.01762100000001,15.396666,0 75.01772800000001,15.396634,0 75.017752,15.396714,0 75.017646,15.396747,0 
					</coordinates>
				</LineString>
				<LineString>
					<tessellate>1</tessellate>
					<coordinates>
						75.017697,15.396531,0 75.01772800000001,15.396634,0 75.01762100000001,15.396666,0 75.01760299999999,15.396606,0 75.017697,15.396531,0 
					</coordinates>
				</LineString>
				<LineString>
					<tessellate>1</tessellate>
					<coordinates>
						75.01779000000001,15.396456,0 75.01783399999999,15.396602,0 75.01772800000001,15.396634,0 75.017697,15.396531,0 75.01779000000001,15.396456,0 
					</coordinates>
				</LineString>
				<LineString>
					<tessellate>1</tessellate>
					<coordinates>
						75.017752,15.396714,0 75.01772800000001,15.396634,0 75.017774,15.39662,0 75.01783399999999,15.396602,0 75.017858,15.396682,0 75.017752,15.396714,0 
					</coordinates>
				</LineString>
				<LineString>
					<tessellate>1</tessellate>
					<coordinates>
						75.017881,15.39676,0 75.017775,15.39679,0 75.017752,15.396714,0 75.017858,15.396682,0 75.017881,15.39676,0 
					</coordinates>
				</LineString>
				<LineString>
					<tessellate>1</tessellate>
					<coordinates>
						75.017904,15.396836,0 75.017798,15.396866,0 75.017775,15.39679,0 75.017881,15.39676,0 75.017904,15.396836,0 
					</coordinates>
				</LineString>
				<LineString>
					<tessellate>1</tessellate>
					<coordinates>
						75.017928,15.396913,0 75.01782300000001,15.396945,0 75.017798,15.396866,0 75.017904,15.396836,0 75.017928,15.396913,0 
					</coordinates>
				</LineString>
				<LineString>
					<tessellate>1</tessellate>
					<coordinates>
						75.017951,15.39699,0 75.01784600000001,15.39702,0 75.01782300000001,15.396945,0 75.017928,15.396913,0 75.017951,15.39699,0 
					</coordinates>
				</LineString>
				<LineString>
					<tessellate>1</tessellate>
					<coordinates>
						75.017974,15.397066,0 75.017869,15.397097,0 75.01784600000001,15.39702,0 75.017951,15.39699,0 75.017974,15.397066,0 
					</coordinates>
				</LineString>
				<LineString>
					<tessellate>1</tessellate>
					<coordinates>
						75.01799800000001,15.397141,0 75.017893,15.397173,0 75.017869,15.397097,0 75.017974,15.397066,0 75.01799800000001,15.397141,0 
					</coordinates>
				</LineString>
				<LineString>
					<tessellate>1</tessellate>
					<coordinates>
						75.018022,15.397219,0 75.017917,15.39725,0 75.017893,15.397173,0 75.01799800000001,15.397141,0 75.018022,15.397219,0 
					</coordinates>
				</LineString>
				<LineString>
					<tessellate>1</tessellate>
					<coordinates>
						75.018046,15.397296,0 75.01794099999999,15.397327,0 75.017917,15.39725,0 75.018022,15.397219,0 75.018046,15.397296,0 
					</coordinates>
				</LineString>
				<LineString>
					<tessellate>1</tessellate>
					<coordinates>
						75.01796400000001,15.397402,0 75.01794099999999,15.397327,0 75.018046,15.397296,0 75.018069,15.397371,0 75.01796400000001,15.397402,0 
					</coordinates>
				</LineString>
				<LineString>
					<tessellate>1</tessellate>
					<coordinates>
						75.018094,15.39745,0 75.017989,15.397481,0 75.01796400000001,15.397402,0 75.018069,15.397371,0 75.018094,15.39745,0 
					</coordinates>
				</LineString>
				<LineString>
					<tessellate>1</tessellate>
					<coordinates>
						75.018118,15.397525,0 75.018013,15.397556,0 75.017989,15.397481,0 75.018094,15.39745,0 75.018118,15.397525,0 
					</coordinates>
				</LineString>
				<LineString>
					<tessellate>1</tessellate>
					<coordinates>
						75.018142,15.397602,0 75.01803700000001,15.397632,0 75.018013,15.397556,0 75.018118,15.397525,0 75.018142,15.397602,0 
					</coordinates>
				</LineString>
				<LineString>
					<tessellate>1</tessellate>
					<coordinates>
						75.01816700000001,15.397681,0 75.018062,15.397711,0 75.01803700000001,15.397632,0 75.018142,15.397602,0 75.01816700000001,15.397681,0 
					</coordinates>
				</LineString>
				<LineString>
					<tessellate>1</tessellate>
					<coordinates>
						75.018191,15.397757,0 75.018086,15.397786,0 75.018062,15.397711,0 75.01816700000001,15.397681,0 75.018191,15.397757,0 
					</coordinates>
				</LineString>
				<LineString>
					<tessellate>1</tessellate>
					<coordinates>
						75.01810999999999,15.397863,0 75.018086,15.397786,0 75.018191,15.397757,0 75.018215,15.397834,0 75.01810999999999,15.397863,0 
					</coordinates>
				</LineString>
				<LineString>
					<tessellate>1</tessellate>
					<coordinates>
						75.018247,15.397935,0 75.018142,15.397965,0 75.01810999999999,15.397863,0 75.018215,15.397834,0 75.018247,15.397935,0 
					</coordinates>
				</LineString>
				<LineString>
					<tessellate>1</tessellate>
					<coordinates>
						75.01819999999999,15.398144,0 75.018176,15.398068,0 75.018281,15.398037,0 75.018305,15.398113,0 75.01819999999999,15.398144,0 
					</coordinates>
				</LineString>
				<LineString>
					<tessellate>1</tessellate>
					<coordinates>
						75.01832899999999,15.39819,0 75.018224,15.398221,0 75.01819999999999,15.398144,0 75.018305,15.398113,0 75.01832899999999,15.39819,0 
					</coordinates>
				</LineString>
				<LineString>
					<tessellate>1</tessellate>
					<coordinates>
						75.018353,15.398267,0 75.018248,15.398298,0 75.018224,15.398221,0 75.01832899999999,15.39819,0 75.018353,15.398267,0 
					</coordinates>
				</LineString>
				<LineString>
					<tessellate>1</tessellate>
					<coordinates>
						75.018272,15.398375,0 75.018248,15.398298,0 75.018353,15.398267,0 75.018377,15.398343,0 75.018272,15.398375,0 
					</coordinates>
				</LineString>
				<LineString>
					<tessellate>1</tessellate>
					<coordinates>
						75.01829600000001,15.398451,0 75.018272,15.398375,0 75.018377,15.398343,0 75.018401,15.398421,0 75.01829600000001,15.398451,0 
					</coordinates>
				</LineString>
				<LineString>
					<tessellate>1</tessellate>
					<coordinates>
						75.01832,15.398529,0 75.01829600000001,15.398451,0 75.018401,15.398421,0 75.01842600000001,15.398498,0 75.01832,15.398529,0 
					</coordinates>
				</LineString>
				<LineString>
					<tessellate>1</tessellate>
					<coordinates>
						75.018344,15.398606,0 75.01832,15.398529,0 75.01842600000001,15.398498,0 75.01845,15.398575,0 75.018344,15.398606,0 
					</coordinates>
				</LineString>
				<LineString>
					<tessellate>1</tessellate>
					<coordinates>
						75.018368,15.398683,0 75.018344,15.398606,0 75.01845,15.398575,0 75.018474,15.398652,0 75.018368,15.398683,0 
					</coordinates>
				</LineString>
				<LineString>
					<tessellate>1</tessellate>
					<coordinates>
						75.01849799999999,15.398728,0 75.01839200000001,15.398759,0 75.018368,15.398683,0 75.018474,15.398652,0 75.01849799999999,15.398728,0 
					</coordinates>
				</LineString>
				<LineString>
					<tessellate>1</tessellate>
					<coordinates>
						75.018416,15.398837,0 75.01839200000001,15.398759,0 75.01849799999999,15.398728,0 75.018522,15.398806,0 75.018416,15.398837,0 
					</coordinates>
				</LineString>
				<LineString>
					<tessellate>1</tessellate>
					<coordinates>
						75.01844,15.398914,0 75.018416,15.398837,0 75.018522,15.398806,0 75.018546,15.398883,0 75.01844,15.398914,0 
					</coordinates>
				</LineString>
				<LineString>
					<tessellate>1</tessellate>
					<coordinates>
						75.01857,15.39896,0 75.01846399999999,15.398991,0 75.01844,15.398914,0 75.018546,15.398883,0 75.01857,15.39896,0 
					</coordinates>
				</LineString>
				<LineString>
					<tessellate>1</tessellate>
					<coordinates>
						75.018488,15.399069,0 75.01846399999999,15.398991,0 75.01857,15.39896,0 75.01859399999999,15.399038,0 75.018488,15.399069,0 
					</coordinates>
				</LineString>
				<LineString>
					<tessellate>1</tessellate>
					<coordinates>
						75.018512,15.399145,0 75.018488,15.399069,0 75.01859399999999,15.399038,0 75.018618,15.399114,0 75.018512,15.399145,0 
					</coordinates>
				</LineString>
				<LineString>
					<tessellate>1</tessellate>
					<coordinates>
						75.018643,15.399192,0 75.018536,15.399224,0 75.018512,15.399145,0 75.018618,15.399114,0 75.018643,15.399192,0 
					</coordinates>
				</LineString>
				<LineString>
					<tessellate>1</tessellate>
					<coordinates>
						75.01844199999999,15.399252,0 75.018536,15.399224,0 75.018643,15.399192,0 75.018666,15.399268,0 75.018523,15.39931,0 75.01844199999999,15.399252,0 
					</coordinates>
				</LineString>
				<LineString>
					<tessellate>1</tessellate>
					<coordinates>
						75.018523,15.39931,0 75.018666,15.399268,0 75.01869000000001,15.399346,0 75.018608,15.399372,0 75.018523,15.39931,0 
					</coordinates>
				</LineString>
				<LineString>
					<tessellate>1</tessellate>
					<coordinates>
						75.018608,15.399372,0 75.01869000000001,15.399346,0 75.01872400000001,15.399457,0 75.018608,15.399372,0 
					</coordinates>
				</LineString>
				<LineString>
					<tessellate>1</tessellate>
					<coordinates>
						75.018839,15.399529,0 75.018837,15.399538,0 75.018773,15.399325,0 75.018879,15.399296,0 75.0189,15.399356,0 75.018839,15.399529,0 
					</coordinates>
				</LineString>
				<LineString>
					<tessellate>1</tessellate>
					<coordinates>
						75.018773,15.399325,0 75.01876799999999,15.399309,0 75.018748,15.399247,0 75.018854,15.399217,0 75.018879,15.399296,0 75.018773,15.399325,0 
					</coordinates>
				</LineString>
				<LineString>
					<tessellate>1</tessellate>
					<coordinates>
						75.01872400000001,15.39917,0 75.01883100000001,15.399141,0 75.018854,15.399217,0 75.018748,15.399247,0 75.01872400000001,15.39917,0 
					</coordinates>
				</LineString>
				<LineString>
					<tessellate>1</tessellate>
					<coordinates>
						75.01872400000001,15.39917,0 75.018719,15.399154,0 75.018699,15.399091,0 75.018805,15.399061,0 75.01882999999999,15.399141,0 75.01872400000001,15.39917,0 
					</coordinates>
				</LineString>
				<LineString>
					<tessellate>1</tessellate>
					<coordinates>
						75.018674,15.399017,0 75.018782,15.398985,0 75.018805,15.399061,0 75.018699,15.399091,0 75.018674,15.399017,0 
					</coordinates>
				</LineString>
				<LineString>
					<tessellate>1</tessellate>
					<coordinates>
						75.018782,15.398985,0 75.018674,15.399017,0 75.01864999999999,15.398939,0 75.01875699999999,15.398908,0 75.018782,15.398985,0 
					</coordinates>
				</LineString>
				<LineString>
					<tessellate>1</tessellate>
					<coordinates>
						75.01875699999999,15.398908,0 75.01864999999999,15.398939,0 75.018626,15.398863,0 75.01873399999999,15.398831,0 75.01875699999999,15.398908,0 
					</coordinates>
				</LineString>
				<LineString>
					<tessellate>1</tessellate>
					<coordinates>
						75.01873399999999,15.398831,0 75.018626,15.398863,0 75.018602,15.398785,0 75.018709,15.398754,0 75.01873399999999,15.398831,0 
					</coordinates>
				</LineString>
				<LineString>
					<tessellate>1</tessellate>
					<coordinates>
						75.018709,15.398754,0 75.018602,15.398785,0 75.01857800000001,15.398707,0 75.018685,15.398676,0 75.018709,15.398754,0 
					</coordinates>
				</LineString>
				<LineString>
					<tessellate>1</tessellate>
					<coordinates>
						75.018685,15.398676,0 75.01857800000001,15.398707,0 75.01855399999999,15.39863,0 75.01866099999999,15.398599,0 75.018685,15.398676,0 
					</coordinates>
				</LineString>
				<LineString>
					<tessellate>1</tessellate>
					<coordinates>
						75.01866099999999,15.398599,0 75.01855399999999,15.39863,0 75.01853,15.398554,0 75.018637,15.398522,0 75.01866099999999,15.398599,0 
					</coordinates>
				</LineString>
				<LineString>
					<tessellate>1</tessellate>
					<coordinates>
						75.018637,15.398522,0 75.01853,15.398554,0 75.018506,15.398477,0 75.018613,15.398445,0 75.018637,15.398522,0 
					</coordinates>
				</LineString>
				<LineString>
					<tessellate>1</tessellate>
					<coordinates>
						75.018613,15.398445,0 75.018506,15.398477,0 75.01848200000001,15.398398,0 75.01858900000001,15.398367,0 75.018613,15.398445,0 
					</coordinates>
				</LineString>
				<LineString>
					<tessellate>1</tessellate>
					<coordinates>
						75.01858900000001,15.398367,0 75.01848200000001,15.398398,0 75.018458,15.398323,0 75.018565,15.398291,0 75.01858900000001,15.398367,0 
					</coordinates>
				</LineString>
				<LineString>
					<tessellate>1</tessellate>
					<coordinates>
						75.018565,15.398291,0 75.018458,15.398323,0 75.018434,15.398246,0 75.018541,15.398214,0 75.018565,15.398291,0 
					</coordinates>
				</LineString>
				<LineString>
					<tessellate>1</tessellate>
					<coordinates>
						75.018541,15.398214,0 75.018434,15.398246,0 75.01841,15.398168,0 75.018517,15.398137,0 75.018541,15.398214,0 
					</coordinates>
				</LineString>
				<LineString>
					<tessellate>1</tessellate>
					<coordinates>
						75.018517,15.398137,0 75.01841,15.398168,0 75.01838499999999,15.398091,0 75.01849300000001,15.39806,0 75.018517,15.398137,0 
					</coordinates>
				</LineString>
				<LineString>
					<tessellate>1</tessellate>
					<coordinates>
						75.01838499999999,15.398091,0 75.018361,15.398015,0 75.018468,15.397983,0 75.01849300000001,15.39806,0 75.01838499999999,15.398091,0 
					</coordinates>
				</LineString>
				<LineString>
					<tessellate>1</tessellate>
					<coordinates>
						75.018328,15.39791,0 75.01829499999999,15.397808,0 75.01840199999999,15.397777,0 75.018434,15.397878,0 75.018328,15.39791,0 
					</coordinates>
				</LineString>
				<LineString>
					<tessellate>1</tessellate>
					<coordinates>
						75.018269,15.39773,0 75.018378,15.3977,0 75.01840199999999,15.397777,0 75.01829499999999,15.397808,0 75.018269,15.39773,0 
					</coordinates>
				</LineString>
				<LineString>
					<tessellate>1</tessellate>
					<coordinates>
						75.018378,15.3977,0 75.018269,15.39773,0 75.018246,15.397655,0 75.018354,15.397624,0 75.018378,15.3977,0 
					</coordinates>
				</LineString>
				<LineString>
					<tessellate>1</tessellate>
					<coordinates>
						75.018354,15.397624,0 75.018246,15.397655,0 75.018221,15.397577,0 75.01832899999999,15.397546,0 75.018354,15.397624,0 
					</coordinates>
				</LineString>
				<LineString>
					<tessellate>1</tessellate>
					<coordinates>
						75.01832899999999,15.397546,0 75.018221,15.397577,0 75.018198,15.397502,0 75.018305,15.39747,0 75.01832899999999,15.397546,0 
					</coordinates>
				</LineString>
				<LineString>
					<tessellate>1</tessellate>
					<coordinates>
						75.018305,15.39747,0 75.018198,15.397502,0 75.018174,15.397427,0 75.018281,15.397395,0 75.018305,15.39747,0 
					</coordinates>
				</LineString>
				<LineString>
					<tessellate>1</tessellate>
					<coordinates>
						75.018281,15.397395,0 75.018174,15.397427,0 75.01814899999999,15.397348,0 75.01825700000001,15.397316,0 75.018281,15.397395,0 
					</coordinates>
				</LineString>
				<LineString>
					<tessellate>1</tessellate>
					<coordinates>
						75.01825700000001,15.397316,0 75.01814899999999,15.397348,0 75.018126,15.397273,0 75.018233,15.397241,0 75.01825700000001,15.397316,0 
					</coordinates>
				</LineString>
				<LineString>
					<tessellate>1</tessellate>
					<coordinates>
						75.018233,15.397241,0 75.018126,15.397273,0 75.018102,15.397197,0 75.018209,15.397164,0 75.018233,15.397241,0 
					</coordinates>
				</LineString>
				<LineString>
					<tessellate>1</tessellate>
					<coordinates>
						75.018209,15.397164,0 75.018102,15.397197,0 75.018079,15.397119,0 75.018185,15.397087,0 75.018209,15.397164,0 
					</coordinates>
				</LineString>
				<LineString>
					<tessellate>1</tessellate>
					<coordinates>
						75.018185,15.397087,0 75.018079,15.397119,0 75.018055,15.397042,0 75.018162,15.397011,0 75.018185,15.397087,0 
					</coordinates>
				</LineString>
				<LineString>
					<tessellate>1</tessellate>
					<coordinates>
						75.018162,15.397011,0 75.018055,15.397042,0 75.01803099999999,15.396965,0 75.01813799999999,15.396934,0 75.018162,15.397011,0 
					</coordinates>
				</LineString>
				<LineString>
					<tessellate>1</tessellate>
					<coordinates>
						75.01813799999999,15.396934,0 75.01803099999999,15.396965,0 75.01800900000001,15.396891,0 75.01811499999999,15.396859,0 75.01813799999999,15.396934,0 
					</coordinates>
				</LineString>
				<LineString>
					<tessellate>1</tessellate>
					<coordinates>
						75.01811499999999,15.396859,0 75.01800900000001,15.396891,0 75.017937,15.396652,0 75.018094,15.396788,0 75.01811499999999,15.396859,0 
					</coordinates>
				</LineString>
				<LineString>
					<tessellate>1</tessellate>
					<coordinates>
						75.01792,15.396597,0 75.017887,15.396485,0 75.01819,15.396716,0 75.018238,15.396876,0 75.01792,15.396597,0 
					</coordinates>
				</LineString>
				<LineString>
					<tessellate>1</tessellate>
					<coordinates>
						75.018162,15.397011,0 75.01813799999999,15.396934,0 75.01811499999999,15.396859,0 75.018094,15.396788,0 75.01822900000001,15.396907,0 75.018253,15.396926,0 75.01826699999999,15.39698,0 75.018162,15.397011,0 
					</coordinates>
				</LineString>
				<LineString>
					<tessellate>1</tessellate>
					<coordinates>
						75.01828999999999,15.397055,0 75.018185,15.397087,0 75.018162,15.397011,0 75.01826699999999,15.39698,0 75.01828999999999,15.397055,0 
					</coordinates>
				</LineString>
				<LineString>
					<tessellate>1</tessellate>
					<coordinates>
						75.018314,15.397133,0 75.018209,15.397164,0 75.018185,15.397087,0 75.01828999999999,15.397055,0 75.018314,15.397133,0 
					</coordinates>
				</LineString>
				<LineString>
					<tessellate>1</tessellate>
					<coordinates>
						75.018338,15.39721,0 75.018233,15.397241,0 75.018209,15.397164,0 75.018314,15.397133,0 75.018338,15.39721,0 
					</coordinates>
				</LineString>
				<LineString>
					<tessellate>1</tessellate>
					<coordinates>
						75.01825700000001,15.397316,0 75.018233,15.397241,0 75.018338,15.39721,0 75.018361,15.397285,0 75.01825700000001,15.397316,0 
					</coordinates>
				</LineString>
				<LineString>
					<tessellate>1</tessellate>
					<coordinates>
						75.01838600000001,15.397364,0 75.018281,15.397395,0 75.01825700000001,15.397316,0 75.018361,15.397285,0 75.01838600000001,15.397364,0 
					</coordinates>
				</LineString>
				<LineString>
					<tessellate>1</tessellate>
					<coordinates>
						75.01840900000001,15.397439,0 75.018305,15.39747,0 75.018281,15.397395,0 75.01838600000001,15.397364,0 75.01840900000001,15.397439,0 
					</coordinates>
				</LineString>
				<LineString>
					<tessellate>1</tessellate>
					<coordinates>
						75.018434,15.397516,0 75.01832899999999,15.397546,0 75.018305,15.39747,0 75.01840900000001,15.397439,0 75.018434,15.397516,0 
					</coordinates>
				</LineString>
				<LineString>
					<tessellate>1</tessellate>
					<coordinates>
						75.018458,15.397594,0 75.018354,15.397624,0 75.01832899999999,15.397546,0 75.018434,15.397516,0 75.018458,15.397594,0 
					</coordinates>
				</LineString>
				<LineString>
					<tessellate>1</tessellate>
					<coordinates>
						75.018483,15.397671,0 75.018378,15.3977,0 75.018354,15.397624,0 75.018458,15.397594,0 75.018483,15.397671,0 
					</coordinates>
				</LineString>
				<LineString>
					<tessellate>1</tessellate>
					<coordinates>
						75.01840199999999,15.397777,0 75.018378,15.3977,0 75.018483,15.397671,0 75.018507,15.397747,0 75.01840199999999,15.397777,0 
					</coordinates>
				</LineString>
				<LineString>
					<tessellate>1</tessellate>
					<coordinates>
						75.018539,15.397848,0 75.018434,15.397878,0 75.01840199999999,15.397777,0 75.018507,15.397747,0 75.018539,15.397848,0 
					</coordinates>
				</LineString>
				<LineString>
					<tessellate>1</tessellate>
					<coordinates>
						75.01849300000001,15.39806,0 75.018468,15.397983,0 75.018574,15.397952,0 75.018598,15.398029,0 75.01849300000001,15.39806,0 
					</coordinates>
				</LineString>
				<LineString>
					<tessellate>1</tessellate>
					<coordinates>
						75.01862199999999,15.398106,0 75.018517,15.398137,0 75.01849300000001,15.39806,0 75.018598,15.398029,0 75.01862199999999,15.398106,0 
					</coordinates>
				</LineString>
				<LineString>
					<tessellate>1</tessellate>
					<coordinates>
						75.018647,15.398183,0 75.018541,15.398214,0 75.018517,15.398137,0 75.01862199999999,15.398106,0 75.018647,15.398183,0 
					</coordinates>
				</LineString>
				<LineString>
					<tessellate>1</tessellate>
					<coordinates>
						75.018565,15.398291,0 75.018541,15.398214,0 75.018647,15.398183,0 75.01867,15.398259,0 75.018565,15.398291,0 
					</coordinates>
				</LineString>
				<LineString>
					<tessellate>1</tessellate>
					<coordinates>
						75.01858900000001,15.398367,0 75.018565,15.398291,0 75.01867,15.398259,0 75.01869499999999,15.398337,0 75.01858900000001,15.398367,0 
					</coordinates>
				</LineString>
				<LineString>
					<tessellate>1</tessellate>
					<coordinates>
						75.018613,15.398445,0 75.01858900000001,15.398367,0 75.01869499999999,15.398337,0 75.018719,15.398414,0 75.018613,15.398445,0 
					</coordinates>
				</LineString>
				<LineString>
					<tessellate>1</tessellate>
					<coordinates>
						75.018637,15.398522,0 75.018613,15.398445,0 75.018719,15.398414,0 75.018743,15.398491,0 75.018637,15.398522,0 
					</coordinates>
				</LineString>
				<LineString>
					<tessellate>1</tessellate>
					<coordinates>
						75.01866099999999,15.398599,0 75.018637,15.398522,0 75.018743,15.398491,0 75.018767,15.398569,0 75.01866099999999,15.398599,0 
					</coordinates>
				</LineString>
				<LineString>
					<tessellate>1</tessellate>
					<coordinates>
						75.01879099999999,15.398644,0 75.018685,15.398676,0 75.01866099999999,15.398599,0 75.018767,15.398569,0 75.01879099999999,15.398644,0 
					</coordinates>
				</LineString>
				<LineString>
					<tessellate>1</tessellate>
					<coordinates>
						75.018709,15.398754,0 75.018685,15.398676,0 75.01879099999999,15.398644,0 75.018815,15.398722,0 75.018709,15.398754,0 
					</coordinates>
				</LineString>
				<LineString>
					<tessellate>1</tessellate>
					<coordinates>
						75.01873399999999,15.398831,0 75.018709,15.398754,0 75.018815,15.398722,0 75.018839,15.3988,0 75.01873399999999,15.398831,0 
					</coordinates>
				</LineString>
				<LineString>
					<tessellate>1</tessellate>
					<coordinates>
						75.018863,15.398876,0 75.01875699999999,15.398908,0 75.01873399999999,15.398831,0 75.018839,15.3988,0 75.018863,15.398876,0 
					</coordinates>
				</LineString>
				<LineString>
					<tessellate>1</tessellate>
					<coordinates>
						75.018782,15.398985,0 75.01875699999999,15.398908,0 75.018863,15.398876,0 75.018888,15.398954,0 75.018782,15.398985,0 
					</coordinates>
				</LineString>
				<LineString>
					<tessellate>1</tessellate>
					<coordinates>
						75.018806,15.399062,0 75.018782,15.398985,0 75.018888,15.398954,0 75.018912,15.399031,0 75.018806,15.399062,0 
					</coordinates>
				</LineString>
				<LineString>
					<tessellate>1</tessellate>
					<coordinates>
						75.018936,15.399109,0 75.01882999999999,15.399141,0 75.018806,15.399062,0 75.018912,15.399031,0 75.018936,15.399109,0 
					</coordinates>
				</LineString>
				<LineString>
					<tessellate>1</tessellate>
					<coordinates>
						75.018854,15.399217,0 75.018963,15.399188,0 75.018936,15.399109,0 75.01882999999999,15.399141,0 75.018854,15.399217,0 
					</coordinates>
				</LineString>
				<LineString>
					<tessellate>1</tessellate>
					<coordinates>
						75.0189,15.399356,0 75.01898300000001,15.399255,0 75.018963,15.399188,0 75.018854,15.399217,0 75.0189,15.399356,0 
					</coordinates>
				</LineString>
				<LineString>
					<tessellate>1</tessellate>
					<coordinates>
						75.019132,15.399071,0 75.01910100000001,15.39898,0 75.01899400000001,15.399008,0 75.019048,15.399176,0 75.019132,15.399071,0 
					</coordinates>
				</LineString>
				<LineString>
					<tessellate>1</tessellate>
					<coordinates>
						75.018969,15.39893,0 75.019077,15.3989,0 75.01910100000001,15.39898,0 75.01899400000001,15.399008,0 75.018969,15.39893,0 
					</coordinates>
				</LineString>
				<LineString>
					<tessellate>1</tessellate>
					<coordinates>
						75.018944,15.398852,0 75.019052,15.398822,0 75.019076,15.398899,0 75.018968,15.39893,0 75.018944,15.398852,0 
					</coordinates>
				</LineString>
				<LineString>
					<tessellate>1</tessellate>
					<coordinates>
						75.01891999999999,15.398775,0 75.01902800000001,15.398745,0 75.019052,15.398821,0 75.018945,15.398853,0 75.01891999999999,15.398775,0 
					</coordinates>
				</LineString>
				<LineString>
					<tessellate>1</tessellate>
					<coordinates>
						75.01902800000001,15.398745,0 75.01891999999999,15.398775,0 75.018897,15.3987,0 75.01900500000001,15.398669,0 75.01902800000001,15.398745,0 
					</coordinates>
				</LineString>
				<LineString>
					<tessellate>1</tessellate>
					<coordinates>
						75.01900500000001,15.398669,0 75.018897,15.3987,0 75.018873,15.398622,0 75.018981,15.398591,0 75.01900500000001,15.398669,0 
					</coordinates>
				</LineString>
				<LineString>
					<tessellate>1</tessellate>
					<coordinates>
						75.018981,15.398591,0 75.018873,15.398622,0 75.01885,15.398546,0 75.018957,15.398515,0 75.018981,15.398591,0 
					</coordinates>
				</LineString>
				<LineString>
					<tessellate>1</tessellate>
					<coordinates>
						75.018957,15.398515,0 75.01885,15.398546,0 75.018826,15.398467,0 75.018933,15.398436,0 75.018957,15.398515,0 
					</coordinates>
				</LineString>
				<LineString>
					<tessellate>1</tessellate>
					<coordinates>
						75.018933,15.398436,0 75.018826,15.398467,0 75.01880199999999,15.398391,0 75.01890899999999,15.398359,0 75.018933,15.398436,0 
					</coordinates>
				</LineString>
				<LineString>
					<tessellate>1</tessellate>
					<coordinates>
						75.01877500000001,15.398311,0 75.018883,15.398281,0 75.018907,15.398358,0 75.018799,15.398389,0 75.01877500000001,15.398311,0 
					</coordinates>
				</LineString>
				<LineString>
					<tessellate>1</tessellate>
					<coordinates>
						75.018883,15.398281,0 75.01877500000001,15.398311,0 75.01875200000001,15.398237,0 75.01885900000001,15.398205,0 75.018883,15.398281,0 
					</coordinates>
				</LineString>
				<LineString>
					<tessellate>1</tessellate>
					<coordinates>
						75.01885900000001,15.398205,0 75.01875200000001,15.398237,0 75.018727,15.398159,0 75.018834,15.398128,0 75.01885900000001,15.398205,0 
					</coordinates>
				</LineString>
				<LineString>
					<tessellate>1</tessellate>
					<coordinates>
						75.018834,15.398128,0 75.018727,15.398159,0 75.018705,15.398083,0 75.01881,15.398052,0 75.018834,15.398128,0 
					</coordinates>
				</LineString>
				<LineString>
					<tessellate>1</tessellate>
					<coordinates>
						75.01881,15.398052,0 75.018705,15.398083,0 75.01868,15.398004,0 75.01878499999999,15.397973,0 75.01881,15.398052,0 
					</coordinates>
				</LineString>
				<LineString>
					<tessellate>1</tessellate>
					<coordinates>
						75.01878499999999,15.397973,0 75.01868,15.398004,0 75.01865599999999,15.397928,0 75.018761,15.397897,0 75.01878499999999,15.397973,0 
					</coordinates>
				</LineString>
				<LineString>
					<tessellate>1</tessellate>
					<coordinates>
						75.01862,15.397825,0 75.01859,15.397724,0 75.018698,15.397692,0 75.01873000000001,15.397794,0 75.01862,15.397825,0 
					</coordinates>
				</LineString>
				<LineString>
					<tessellate>1</tessellate>
					<coordinates>
						75.018565,15.397646,0 75.01867300000001,15.397616,0 75.018698,15.397692,0 75.01859,15.397724,0 75.018565,15.397646,0 
					</coordinates>
				</LineString>
				<LineString>
					<tessellate>1</tessellate>
					<coordinates>
						75.01867300000001,15.397616,0 75.018565,15.397646,0 75.018541,15.397572,0 75.018649,15.39754,0 75.01867300000001,15.397616,0 
					</coordinates>
				</LineString>
				<LineString>
					<tessellate>1</tessellate>
					<coordinates>
						75.018649,15.39754,0 75.018541,15.397572,0 75.018517,15.397494,0 75.018625,15.397462,0 75.018649,15.39754,0 
					</coordinates>
				</LineString>
				<LineString>
					<tessellate>1</tessellate>
					<coordinates>
						75.018625,15.397462,0 75.018517,15.397494,0 75.018494,15.397418,0 75.018601,15.397386,0 75.018625,15.397462,0 
					</coordinates>
				</LineString>
				<LineString>
					<tessellate>1</tessellate>
					<coordinates>
						75.018601,15.397386,0 75.018494,15.397418,0 75.018469,15.397338,0 75.018576,15.397307,0 75.018601,15.397386,0 
					</coordinates>
				</LineString>
				<LineString>
					<tessellate>1</tessellate>
					<coordinates>
						75.018576,15.397307,0 75.018469,15.397338,0 75.018445,15.397263,0 75.018551,15.39723,0 75.018576,15.397307,0 
					</coordinates>
				</LineString>
				<LineString>
					<tessellate>1</tessellate>
					<coordinates>
						75.018551,15.39723,0 75.018445,15.397263,0 75.01837399999999,15.397034,0 75.01853300000001,15.397172,0 75.018551,15.39723,0 
					</coordinates>
				</LineString>
				<LineString>
					<tessellate>1</tessellate>
					<coordinates>
						75.018608,15.397033,0 75.018677,15.397258,0 75.018359,15.396981,0 75.018304,15.396802,0 75.018608,15.397033,0 
					</coordinates>
				</LineString>
				<LineString>
					<tessellate>1</tessellate>
					<coordinates>
						75.018705,15.397355,0 75.018601,15.397386,0 75.01853300000001,15.397172,0 75.018693,15.397309,0 75.018705,15.397355,0 
					</coordinates>
				</LineString>
				<LineString>
					<tessellate>1</tessellate>
					<coordinates>
						75.01872899999999,15.397432,0 75.018625,15.397462,0 75.018601,15.397386,0 75.018705,15.397355,0 75.01872899999999,15.397432,0 
					</coordinates>
				</LineString>
				<LineString>
					<tessellate>1</tessellate>
					<coordinates>
						75.018754,15.39751,0 75.018649,15.39754,0 75.018625,15.397462,0 75.01872899999999,15.397432,0 75.018754,15.39751,0 
					</coordinates>
				</LineString>
				<LineString>
					<tessellate>1</tessellate>
					<coordinates>
						75.018778,15.397587,0 75.01867300000001,15.397616,0 75.018649,15.39754,0 75.018754,15.39751,0 75.018778,15.397587,0 
					</coordinates>
				</LineString>
				<LineString>
					<tessellate>1</tessellate>
					<coordinates>
						75.018698,15.397693,0 75.01867300000001,15.397616,0 75.018778,15.397587,0 75.01880300000001,15.397663,0 75.018698,15.397693,0 
					</coordinates>
				</LineString>
				<LineString>
					<tessellate>1</tessellate>
					<coordinates>
						75.018835,15.397764,0 75.01873000000001,15.397794,0 75.018698,15.397693,0 75.01880300000001,15.397663,0 75.018835,15.397764,0 
					</coordinates>
				</LineString>
				<LineString>
					<tessellate>1</tessellate>
					<coordinates>
						75.018761,15.397897,0 75.018869,15.397866,0 75.01889300000001,15.397942,0 75.01878499999999,15.397973,0 75.018761,15.397897,0 
					</coordinates>
				</LineString>
				<LineString>
					<tessellate>1</tessellate>
					<coordinates>
						75.01878499999999,15.397973,0 75.01889300000001,15.397942,0 75.018918,15.39802,0 75.01881,15.398052,0 75.01878499999999,15.397973,0 
					</coordinates>
				</LineString>
				<LineString>
					<tessellate>1</tessellate>
					<coordinates>
						75.01881,15.398052,0 75.018918,15.39802,0 75.018942,15.398096,0 75.018834,15.398127,0 75.01881,15.398052,0 
					</coordinates>
				</LineString>
				<LineString>
					<tessellate>1</tessellate>
					<coordinates>
						75.018834,15.398127,0 75.018942,15.398096,0 75.01896600000001,15.398174,0 75.01885900000001,15.398205,0 75.018834,15.398127,0 
					</coordinates>
				</LineString>
				<LineString>
					<tessellate>1</tessellate>
					<coordinates>
						75.01885900000001,15.398205,0 75.01896600000001,15.398174,0 75.018991,15.39825,0 75.018883,15.398281,0 75.01885900000001,15.398205,0 
					</coordinates>
				</LineString>
				<LineString>
					<tessellate>1</tessellate>
					<coordinates>
						75.018883,15.398281,0 75.018991,15.39825,0 75.019015,15.398329,0 75.018908,15.398359,0 75.018883,15.398281,0 
					</coordinates>
				</LineString>
				<LineString>
					<tessellate>1</tessellate>
					<coordinates>
						75.018908,15.398359,0 75.019015,15.398329,0 75.01903900000001,15.398405,0 75.01893200000001,15.398436,0 75.018908,15.398359,0 
					</coordinates>
				</LineString>
				<LineString>
					<tessellate>1</tessellate>
					<coordinates>
						75.01893200000001,15.398436,0 75.01903900000001,15.398405,0 75.019064,15.398484,0 75.018957,15.398514,0 75.01893200000001,15.398436,0 
					</coordinates>
				</LineString>
				<LineString>
					<tessellate>1</tessellate>
					<coordinates>
						75.018957,15.398514,0 75.019064,15.398484,0 75.019088,15.398561,0 75.01898,15.39859,0 75.018957,15.398514,0 
					</coordinates>
				</LineString>
				<LineString>
					<tessellate>1</tessellate>
					<coordinates>
						75.01898,15.39859,0 75.019088,15.398561,0 75.01911200000001,15.398639,0 75.01900500000001,15.398669,0 75.01898,15.39859,0 
					</coordinates>
				</LineString>
				<LineString>
					<tessellate>1</tessellate>
					<coordinates>
						75.01900500000001,15.398669,0 75.01911200000001,15.398639,0 75.019136,15.398714,0 75.019029,15.398744,0 75.01900500000001,15.398669,0 
					</coordinates>
				</LineString>
				<LineString>
					<tessellate>1</tessellate>
					<coordinates>
						75.019029,15.398744,0 75.019136,15.398714,0 75.01916,15.398791,0 75.019053,15.398821,0 75.019029,15.398744,0 
					</coordinates>
				</LineString>
				<LineString>
					<tessellate>1</tessellate>
					<coordinates>
						75.019053,15.398821,0 75.01916,15.398791,0 75.019184,15.398869,0 75.019077,15.398898,0 75.019053,15.398821,0 
					</coordinates>
				</LineString>
				<LineString>
					<tessellate>1</tessellate>
					<coordinates>
						75.019132,15.399071,0 75.019077,15.398898,0 75.019184,15.398869,0 75.019215,15.398967,0 75.019132,15.399071,0 
					</coordinates>
				</LineString>
			</MultiGeometry>
		</Placemark>
		<GroundOverlay>
			<name>Untitled Image Overlay</name>
			<Icon>
				<href>https://raw.githubusercontent.com/KamalPurohit/Images/main/Praveen%20Park.png</href>
				<viewBoundScale>0.75</viewBoundScale>
			</Icon>
			<LatLonBox>
				<north>15.39958242876548</north>
				<south>15.39576634825836</south>
				<east>75.02006918247136</east>
				<west>75.01514488178144</west>
				<rotation>0.1821914613246918</rotation>
			</LatLonBox>
		</GroundOverlay>
		<atom:link rel="app" href="https://www.google.com/earth/about/versions/#earth-pro" title="Google Earth Pro 7.3.7.1155"></atom:link>
	</Folder>
</Document>
</kml>
